/*
SQLyog  v12.2.6 (64 bit)
MySQL - 5.5.27 : Database - lsdb
*********************************************************************
*/

/*!40101 SET NAMES utf8 */;

/*!40101 SET SQL_MODE=''*/;

/*!40014 SET @OLD_UNIQUE_CHECKS=@@UNIQUE_CHECKS, UNIQUE_CHECKS=0 */;
/*!40014 SET @OLD_FOREIGN_KEY_CHECKS=@@FOREIGN_KEY_CHECKS, FOREIGN_KEY_CHECKS=0 */;
/*!40101 SET @OLD_SQL_MODE=@@SQL_MODE, SQL_MODE='NO_AUTO_VALUE_ON_ZERO' */;
/*!40111 SET @OLD_SQL_NOTES=@@SQL_NOTES, SQL_NOTES=0 */;
CREATE DATABASE /*!32312 IF NOT EXISTS*/`lsdb` /*!40100 DEFAULT CHARACTER SET utf8 COLLATE utf8_bin */;

USE `lsdb`;

/*Table structure for table `ls_cart` */

DROP TABLE IF EXISTS `ls_cart`;

CREATE TABLE `ls_cart` (
  `cart_id` bigint(20) NOT NULL AUTO_INCREMENT,
  `user_id` char(36) COLLATE utf8_bin DEFAULT NULL,
  `product_id` char(36) COLLATE utf8_bin DEFAULT NULL,
  `product_image` varchar(500) COLLATE utf8_bin DEFAULT NULL,
  `product_name` varchar(100) COLLATE utf8_bin DEFAULT NULL,
  `product_price` double DEFAULT NULL,
  `num` int(11) DEFAULT NULL,
  `size` varchar(36) COLLATE utf8_bin DEFAULT NULL,
  PRIMARY KEY (`cart_id`)
) ENGINE=InnoDB AUTO_INCREMENT=17 DEFAULT CHARSET=utf8 COLLATE=utf8_bin;

/*Data for the table `ls_cart` */

insert  into `ls_cart`(`cart_id`,`user_id`,`product_id`,`product_image`,`product_name`,`product_price`,`num`,`size`) values 
(13,'a2be3363-a294-432b-9290-9495cbb59d72','00d22bcf08cc46cd99f892c0063b4c9b','/upload/5/b/7/a/2/2/8/9/1ba528641b54ec6061853783841b0c9a.jpg','W.DoubleuDot达点2018夏季新品韩版女时尚帅气纯色风衣WW7WR487 83酒红色 S',1490,10,'s'),
(14,'a2be3363-a294-432b-9290-9495cbb59d72','00d22bcf08cc46cd99f892c0063b4c9b','/upload/5/b/7/a/2/2/8/9/1ba528641b54ec6061853783841b0c9a.jpg','W.DoubleuDot达点2018夏季新品韩版女时尚帅气纯色风衣WW7WR487 83酒红色 S',1490,3,'l'),
(15,'a2be3363-a294-432b-9290-9495cbb59d72','0680b487274f4a1ba2d482f14f121b5b','/upload/5/1/9/5/c/6/7/5/8f0666dfd8868ba40ca0d6cd912f54aa.jpg','晞薇 毛衣女2018秋冬季新款女装韩版宽松加绒加厚中长款长袖女士针织衫女上衣打底衫女外套头连衣裙针织 米白 M',118,1,'l'),
(16,'a2be3363-a294-432b-9290-9495cbb59d72','f38d4c0df73547aeb65dff5459a67298','/upload/3/8/e/f/3/4/1/6/ea1a06b2d6dfdcd66de17098febcb29f.jpg','㊣ 【京东好店】2018秋冬情侣装新款韩版撞色套头针织衫男女学生百搭宽松毛衣上衣 白色(不分男女)质量堪比良布 拉夏贝尔 欧时力 3XL',188,1,'l');

/*Table structure for table `ls_check` */

DROP TABLE IF EXISTS `ls_check`;

CREATE TABLE `ls_check` (
  `check_id` varchar(255) COLLATE utf8_bin NOT NULL,
  `check_email` varchar(255) COLLATE utf8_bin NOT NULL,
  `user_id` varchar(255) COLLATE utf8_bin NOT NULL,
  `check_status` int(2) NOT NULL,
  PRIMARY KEY (`check_id`)
) ENGINE=InnoDB DEFAULT CHARSET=utf8 COLLATE=utf8_bin;

/*Data for the table `ls_check` */

/*Table structure for table `ls_order` */

DROP TABLE IF EXISTS `ls_order`;

CREATE TABLE `ls_order` (
  `order_id` char(36) COLLATE utf8_bin NOT NULL,
  `order_money` double DEFAULT NULL,
  `order_paystate` varchar(36) COLLATE utf8_bin DEFAULT '0',
  `order_time` timestamp NOT NULL DEFAULT CURRENT_TIMESTAMP,
  `user_id` char(36) COLLATE utf8_bin DEFAULT NULL,
  `receiver_address` varchar(255) COLLATE utf8_bin DEFAULT NULL,
  PRIMARY KEY (`order_id`)
) ENGINE=InnoDB DEFAULT CHARSET=utf8 COLLATE=utf8_bin;

/*Data for the table `ls_order` */

insert  into `ls_order`(`order_id`,`order_money`,`order_paystate`,`order_time`,`user_id`,`receiver_address`) values 
('1e85675e-c1a8-45db-b18a-86f2f2995391',3000,'1','2018-11-29 05:14:32','a2be3363-a294-432b-9290-9495cbb59d72','123'),
('21e56311-34d4-4ca2-a03b-ece38c7ffc14',3000,'1','2018-11-29 05:13:35','a2be3363-a294-432b-9290-9495cbb59d72','敖德萨多'),
('2f9d1e6f-72c0-4baa-8648-a10eb6ef8dd3',111411,'1','2018-11-28 20:32:35','a2be3363-a294-432b-9290-9495cbb59d72',NULL),
('31b0fb86-b736-4881-a225-5865c36e5fdd',20066,'1','2018-11-29 16:28:13','a2be3363-a294-432b-9290-9495cbb59d72','adasd'),
('33dd69b4-3734-454b-a105-1e4898c30cce',2579579,'1','2018-11-28 23:40:56','a2be3363-a294-432b-9290-9495cbb59d72',NULL),
('410c1e25-7f16-4440-a782-0c9a46e23ab0',5066,'1','2018-11-29 15:49:11','a2be3363-a294-432b-9290-9495cbb59d72','阿萨德'),
('5880a800-7fa4-4275-9fb0-03c296f26006',6000,'1','2018-11-29 05:21:16','a2be3363-a294-432b-9290-9495cbb59d72','剑歌江湖'),
('76a6fe21-c8be-4c76-ab4f-d07841f38852',70066,'1','2018-11-29 16:31:21','a2be3363-a294-432b-9290-9495cbb59d72','fhfjhg'),
('7a08a4bf-090a-4c95-8641-2b61d9f5b7f4',222222,'1','2018-11-28 21:20:00','a2be3363-a294-432b-9290-9495cbb59d72',NULL),
('828146d8-d9d2-408a-ae08-ee2c9cbd0afa',1000,'1','2018-11-29 04:47:05','a2be3363-a294-432b-9290-9495cbb59d72','啊实打实 '),
('83e645c3-d0fd-4841-8ad3-aa9a6423f19f',2579612,'1','2018-11-29 00:45:15','a2be3363-a294-432b-9290-9495cbb59d72',NULL),
('9e59fd5f-7a86-4ab2-abf9-ec3e552591f1',2579612,'1','2018-11-29 00:30:06','a2be3363-a294-432b-9290-9495cbb59d72',NULL),
('b741abe9-a54d-4eb0-a6e2-d1cc73f40218',2579612,'1','2018-11-29 00:29:53','a2be3363-a294-432b-9290-9495cbb59d72',NULL),
('d63997c3-e326-4310-abbc-3fcce329b7db',19676,'1','2018-11-29 20:36:25','a2be3363-a294-432b-9290-9495cbb59d72','杭州服务外包大楼');

/*Table structure for table `ls_order_item` */

DROP TABLE IF EXISTS `ls_order_item`;

CREATE TABLE `ls_order_item` (
  `item_id` bigint(20) NOT NULL AUTO_INCREMENT,
  `order_id` char(36) COLLATE utf8_bin DEFAULT NULL,
  `product_id` char(36) COLLATE utf8_bin DEFAULT NULL,
  `num` int(11) DEFAULT NULL,
  `product_image` varchar(500) COLLATE utf8_bin DEFAULT NULL,
  `product_name` varchar(100) COLLATE utf8_bin DEFAULT NULL,
  `product_price` double DEFAULT NULL,
  `size` varchar(36) COLLATE utf8_bin DEFAULT NULL,
  PRIMARY KEY (`item_id`)
) ENGINE=InnoDB AUTO_INCREMENT=33 DEFAULT CHARSET=utf8 COLLATE=utf8_bin;

/*Data for the table `ls_order_item` */

insert  into `ls_order_item`(`item_id`,`order_id`,`product_id`,`num`,`product_image`,`product_name`,`product_price`,`size`) values 
(1,'2f9d1e6f-72c0-4baa-8648-a10eb6ef8dd3','13',1,'','青裙子',300,'s'),
(2,'2f9d1e6f-72c0-4baa-8648-a10eb6ef8dd3','1a8f3ae5-ed2d-498a-a52c-5a0f503d8989',1,'/upload\\9\\b\\1\\4\\c\\1\\d\\d/41f6fa5d-6253-4d77-98a6-42b2cb17d0e2.jpg','牛逼的衣服',111111,'s'),
(3,'7a08a4bf-090a-4c95-8641-2b61d9f5b7f4','1a8f3ae5-ed2d-498a-a52c-5a0f503d8989',2,'/upload\\9\\b\\1\\4\\c\\1\\d\\d/41f6fa5d-6253-4d77-98a6-42b2cb17d0e2.jpg','牛逼的衣服',111111,'s'),
(4,'33dd69b4-3734-454b-a105-1e4898c30cce','1a8f3ae5-ed2d-498a-a52c-5a0f503d8989',3,'/upload\\9\\b\\1\\4\\c\\1\\d\\d/41f6fa5d-6253-4d77-98a6-42b2cb17d0e2.jpg','牛逼的衣服',111111,'s'),
(5,'33dd69b4-3734-454b-a105-1e4898c30cce','d7d2e866-703c-4682-baf3-c2249c6464bc',2,'/upload\\c\\d\\d\\7\\d\\2\\b\\3/5794f40d-ff3a-4791-97b5-eae488fd06b0.jpg','帅哥',1123123,'s'),
(6,'b741abe9-a54d-4eb0-a6e2-d1cc73f40218','1a8f3ae5-ed2d-498a-a52c-5a0f503d8989',3,'/upload\\9\\b\\1\\4\\c\\1\\d\\d/41f6fa5d-6253-4d77-98a6-42b2cb17d0e2.jpg','牛逼的衣服',111111,'s'),
(7,'b741abe9-a54d-4eb0-a6e2-d1cc73f40218','d7d2e866-703c-4682-baf3-c2249c6464bc',2,'/upload\\c\\d\\d\\7\\d\\2\\b\\3/5794f40d-ff3a-4791-97b5-eae488fd06b0.jpg','帅哥',1123123,'s'),
(8,'b741abe9-a54d-4eb0-a6e2-d1cc73f40218','10',1,'','蓝裙子',33,'l'),
(9,'9e59fd5f-7a86-4ab2-abf9-ec3e552591f1','1a8f3ae5-ed2d-498a-a52c-5a0f503d8989',3,'/upload\\9\\b\\1\\4\\c\\1\\d\\d/41f6fa5d-6253-4d77-98a6-42b2cb17d0e2.jpg','牛逼的衣服',111111,'s'),
(10,'9e59fd5f-7a86-4ab2-abf9-ec3e552591f1','d7d2e866-703c-4682-baf3-c2249c6464bc',2,'/upload\\c\\d\\d\\7\\d\\2\\b\\3/5794f40d-ff3a-4791-97b5-eae488fd06b0.jpg','帅哥',1123123,'s'),
(11,'9e59fd5f-7a86-4ab2-abf9-ec3e552591f1','10',1,'','蓝裙子',33,'l'),
(12,'83e645c3-d0fd-4841-8ad3-aa9a6423f19f','1a8f3ae5-ed2d-498a-a52c-5a0f503d8989',3,'/upload\\9\\b\\1\\4\\c\\1\\d\\d/41f6fa5d-6253-4d77-98a6-42b2cb17d0e2.jpg','牛逼的衣服',111111,'s'),
(13,'83e645c3-d0fd-4841-8ad3-aa9a6423f19f','d7d2e866-703c-4682-baf3-c2249c6464bc',2,'/upload\\c\\d\\d\\7\\d\\2\\b\\3/5794f40d-ff3a-4791-97b5-eae488fd06b0.jpg','帅哥',1123123,'s'),
(14,'83e645c3-d0fd-4841-8ad3-aa9a6423f19f','10',1,'','蓝裙子',33,'l'),
(15,'02877246-d321-4cb8-902f-3cd603471165','1',1,'','红裙子',1000,'l'),
(16,'828146d8-d9d2-408a-ae08-ee2c9cbd0afa','1',1,'','红裙子',1000,'l'),
(17,'21e56311-34d4-4ca2-a03b-ece38c7ffc14','1',3,'','红裙子',1000,'l'),
(18,'1e85675e-c1a8-45db-b18a-86f2f2995391','1',3,'','红裙子',1000,'l'),
(19,'5880a800-7fa4-4275-9fb0-03c296f26006','1',6,'','红裙子',1000,'x'),
(20,'410c1e25-7f16-4440-a782-0c9a46e23ab0','1',5,'','红裙子',1000,'x'),
(21,'410c1e25-7f16-4440-a782-0c9a46e23ab0','10',2,'','蓝裙子',33,'s'),
(24,'31b0fb86-b736-4881-a225-5865c36e5fdd','10',2,'','蓝裙子',33,'s'),
(25,'31b0fb86-b736-4881-a225-5865c36e5fdd','b6c23231-c73d-4817-b7fd-46b8e70859fe',2,'','作战迷彩服',10000,'s'),
(26,'76a6fe21-c8be-4c76-ab4f-d07841f38852','10',2,'','蓝裙子',33,'s'),
(27,'76a6fe21-c8be-4c76-ab4f-d07841f38852','b6c23231-c73d-4817-b7fd-46b8e70859fe',2,'','作战迷彩服',10000,'s'),
(28,'76a6fe21-c8be-4c76-ab4f-d07841f38852','b6c23231-c73d-4817-b7fd-46b8e70859fe',5,'','作战迷彩服',10000,'l'),
(29,'d63997c3-e326-4310-abbc-3fcce329b7db','00d22bcf08cc46cd99f892c0063b4c9b',10,'/upload/5/b/7/a/2/2/8/9/1ba528641b54ec6061853783841b0c9a.jpg','W.DoubleuDot达点2018夏季新品韩版女时尚帅气纯色风衣WW7WR487 83酒红色 S',1490,'s'),
(30,'d63997c3-e326-4310-abbc-3fcce329b7db','00d22bcf08cc46cd99f892c0063b4c9b',3,'/upload/5/b/7/a/2/2/8/9/1ba528641b54ec6061853783841b0c9a.jpg','W.DoubleuDot达点2018夏季新品韩版女时尚帅气纯色风衣WW7WR487 83酒红色 S',1490,'l'),
(31,'d63997c3-e326-4310-abbc-3fcce329b7db','0680b487274f4a1ba2d482f14f121b5b',1,'/upload/5/1/9/5/c/6/7/5/8f0666dfd8868ba40ca0d6cd912f54aa.jpg','晞薇 毛衣女2018秋冬季新款女装韩版宽松加绒加厚中长款长袖女士针织衫女上衣打底衫女外套头连衣裙针织 米白 M',118,'l'),
(32,'d63997c3-e326-4310-abbc-3fcce329b7db','f38d4c0df73547aeb65dff5459a67298',1,'/upload/3/8/e/f/3/4/1/6/ea1a06b2d6dfdcd66de17098febcb29f.jpg','㊣ 【京东好店】2018秋冬情侣装新款韩版撞色套头针织衫男女学生百搭宽松毛衣上衣 白色(不分男女)质量堪比良布 拉夏贝尔 欧时力 3XL',188,'l');

/*Table structure for table `ls_product` */

DROP TABLE IF EXISTS `ls_product`;

CREATE TABLE `ls_product` (
  `product_id` char(36) CHARACTER SET utf8 COLLATE utf8_bin NOT NULL,
  `product_name` varchar(100) CHARACTER SET utf8 COLLATE utf8_bin NOT NULL,
  `product_price` double DEFAULT NULL,
  `product_imgurl` varchar(500) CHARACTER SET utf8 COLLATE utf8_bin DEFAULT NULL,
  `product_description` varchar(255) CHARACTER SET utf8 COLLATE utf8_bin DEFAULT NULL,
  `brand_id` bigint(20) DEFAULT NULL,
  `product_status` int(20) DEFAULT '1',
  PRIMARY KEY (`product_id`)
) ENGINE=InnoDB DEFAULT CHARSET=utf8 COLLATE=utf8_esperanto_ci;

/*Data for the table `ls_product` */

insert  into `ls_product`(`product_id`,`product_name`,`product_price`,`product_imgurl`,`product_description`,`brand_id`,`product_status`) values 
('00d22bcf08cc46cd99f892c0063b4c9b','W.DoubleuDot达点2018夏季新品韩版女时尚帅气纯色风衣WW7WR487 83酒红色 S',1490,'/upload/5/b/7/a/2/2/8/9/1ba528641b54ec6061853783841b0c9a.jpg','商品毛重：100.00g\n尺码：S，M\n图案：纯色\n里料材质：其它\n风格：韩版\n上市时间：2018冬',1,1),
('01c59c9449cb41028f9eba6e3efdfae1','AIVEI欣贺艾薇2018秋新款修身蝴蝶结雪纺拼接女连衣裙K0560016 黑色 S',789,'/upload/8/c/1/b/f/2/2/e/596acb5f14a69b7f53faf089046ecb13.jpg','商品毛重：100.00g\n尺码：S\n主要材质：涤纶\n领型：娃娃领\n流行元素：拼接\n颜色：黑色系\n袖长：长袖\n衣门襟：拉链\n适用年龄：25-29周岁\n图案：纯色\n裙长：短裙\n袖型：喇叭袖\n裙型：A字裙\n腰型：高',1,1),
('029feabd856545fba13f666e1d2e445e','针织衫女2018秋冬季新款女装韩版时尚学生宽松加绒加厚保暖短款长袖毛衣女士上衣打底衫女外套头 白色 均码',99,'/upload/b/4/0/4/7/6/3/2/f4751568d5323fe04c482bad734563ac.jpg','商品毛重：300.00g\n货号：RHW208\n厚度：适中\n领型：圆领\n颜色：多色\n适用年龄：18-24周岁\n图案：几何图案\n尺码：均码\n组合规格：单件\n衣长：常规款\n主要材质：粘胶纤维\n流行元素：刺绣，绣花\n袖长：长袖\n袖型：常规\n衣门襟：无扣\n版型：直筒型\n款式：套头\n上市时间：2018冬',1,1),
('02a3cba36d1945df8a72ab01b321c919','童装女童套装男童秋冬装加绒加厚保暖罗纹卫衣外套裤子打底衫休闲儿童运动服中大童小孩衣服校服 红色 160(建议身高146-155cm)',138,'/upload/3/7/4/a/6/1/8/7/0df9a37e79450694a96494d348ed2bc0.jpg','商品毛重：1.0kg\n货号：男女童罗纹卫衣三件套\n衣门襟：拉链\n适用年龄：1-3岁，6-12个月，3-6岁，6-9岁，9-12岁，12岁以上\n适用季节：冬季\n上市时间：2018秋季\n适用性别：通用\n安全等级：B',1,1),
('02caebe6fb74498285d55f3e97ce5c9f','MOCO个性木耳边装饰高领长袖针织衫MA173TOP204 moco 祖母绿色 L',419,'/upload/1/7/7/3/2/b/a/a/28f17cd384dc1269d9ada8c7e753cae9.jpg','商品毛重：300.00g\n组合规格：单件\n厚度：适中\n领型：高领\n袖长：长袖\n适用年龄：25-29周岁\n版型：修身型\n主要材质：其它\n衣长：常规款\n款式：套头\n上市时间：2017秋',1,1),
('033256e1cff644debdd41eecdaaa7384','毛呢外套女2018冬季新款复古红格子韩版中长款宽松过膝流行呢子大衣 图片色 L',328,'/upload/e/3/f/7/6/9/9/2/9df85f55dc83c186fb4bd24123f4d2f5.jpg','商品毛重：100.00g\n货号：NS-HR7011\n版型：宽松型\n领型：西装领\n颜色：红色系\n袖长：长袖\n衣门襟：单排扣\n里料图案：格子\n风格：淑女风\n图案：格子\n适用年龄：18-24周岁\n衣长：中长款\n上市时间：2018冬',1,1),
('03a78da141344f7dad4ef73b53d5d5ae','MOCO个性木耳边装饰高领长袖针织衫MA173TOP204 moco 祖母绿色 L',419,'/upload/1/6/f/9/8/e/2/e/28f17cd384dc1269d9ada8c7e753cae9.jpg','商品毛重：300.00g\n组合规格：单件\n厚度：适中\n领型：高领\n袖长：长袖\n适用年龄：25-29周岁\n版型：修身型\n主要材质：其它\n衣长：常规款\n款式：套头\n上市时间：2017秋',1,1),
('03d1b8bc80c34bb0946961d061e8b49c','童装女童套装男童秋冬装加绒加厚保暖罗纹卫衣外套裤子打底衫休闲儿童运动服中大童小孩衣服校服 红色 160(建议身高146-155cm)',138,'/upload/1/c/6/f/4/0/0/c/0df9a37e79450694a96494d348ed2bc0.jpg','商品毛重：1.0kg\n货号：男女童罗纹卫衣三件套\n衣门襟：拉链\n适用年龄：1-3岁，6-12个月，3-6岁，6-9岁，9-12岁，12岁以上\n适用季节：冬季\n上市时间：2018秋季\n适用性别：通用\n安全等级：B',1,1),
('045818baed0c4d008495980ce04ab064','针织连衣裙2018闺蜜网红过膝毛衣裙气质慵懒风桔梗裙套装裙针织连衣裙女秋冬保暖款 上衣黑色+杏色裙子 均码',235,'/upload/c/b/6/2/e/8/4/f/b654aa8842dd2e767962fa35e09dabdc.jpg','商品毛重：0.52kg\n货号：MX406\n风格：简约，百搭\n厚度：适中\n领型：高领\n适用年龄：25-29周岁\n图案：纯色\n组合规格：两件套\n版型：修身型\n主要材质：粘胶纤维\n廓形：A型\n流行元素：褶皱，拼色\n袖长：长袖\n袖型：常规\n裙长：中长裙\n裙型：A字裙\n适用人群：轻熟女\n上市时间：2018冬',1,1),
('04af6d180ee54e6e86178f9fc677c466','MOCO2018秋季新品醒目撞色V领羊织连衣裙MA183DRS312 摩安珂 黑色 M',1029,'/upload/8/9/a/2/6/2/f/f/682e70f516ae6dae86b03bebbcf23b98.jpg','商品毛重：300.00g\n腰型：宽松腰\n版型：宽松型\n厚度：适中\n领型：V领\n流行元素：撞色\n风格：欧美\n袖长：长袖\n袖型：常规\n适用年龄：25-29周岁\n裙型：大摆裙\n裙长：中长裙\n分类：长袖连衣裙\n适用人群：成熟\n上市时间：2018秋',1,1),
('05b9d786484f4843a8ee10f7d5efbbb7','季候风2018冬季新款时尚通勤圆领中长款条纹针织长袖连衣裙女6844OA146 花兰MU2 M/160',548,'/upload/0/6/5/d/6/2/5/8/c469a72e34a9228385c6f73a1b3f2d2f.jpg','商品毛重：430.00g\n腰型：宽松腰\n风格：休闲，运动\n厚度：适中\n领型：圆领\n流行元素：条纹\n版型：直筒型\n裙型：包臀裙\n袖长：长袖\n袖型：常规\n适用年龄：25-29周岁\n主要材质：棉\n裙长：短裙\n分类：长袖连衣裙\n适用人群：少女\n上市时间：2018冬',1,1),
('0680b487274f4a1ba2d482f14f121b5b','毛衣女2018秋冬季新款女装韩版宽松加绒加厚中长款长袖女士针织衫女上衣打底衫女外套头连衣裙针织 米白 M',118,'/upload/5/1/9/5/c/6/7/5/8f0666dfd8868ba40ca0d6cd912f54aa.jpg','商品毛重：300.00g\n货号：M1316\n组合规格：单件\n风格：韩版\n厚度：适中\n领型：圆领\n颜色：多色\n袖长：长袖\n袖型：常规\n适用年龄：18-24周岁\n衣长：中长款\n图案：纯色\n版型：修身型\n款式：套头\n上市时间：2018秋',1,1),
('06bad63d11104ded8da3198fa0f16039','xg雪歌女装2018冬装新款韩版宽松中长款针织衫长袖慵懒风毛衣连衣裙子 卡其 34/155/S',854,'/upload/6/1/6/e/2/5/5/d/0b2065d80fe865a141266ab882d44573.jpg','商品毛重：1.0kg\n腰型：中腰\n主要材质：锦纶\n流行元素：纽扣\n袖长：长袖\n袖型：常规\n适用年龄：30-34周岁\n图案：纯色\n适用人群：轻熟女\n裙长：中',20,1),
('06f90a9485824571b28f002b37fbff9e','NEW新品秋冬精品特卖秋冬青年少女大童纯棉加厚加绒保暖内衣套装高中学生可外穿棉毛衫 少女-史努比带护膝 150/XL-建议身高145-155',199,'/upload/4/2/a/4/2/c/2/6/8321e0bf967c1a86a204eb8cf70f8f26.jpg','商品毛重：300.00g\n货号：558451510579\n风格：运动\n厚度：加厚\n领型：圆领\n图案：纯色\n是否贴片：有贴片\n颜色：灰色系，红色系，粉色系\n袖长：长袖\n适用人群：女式\n裤长：长裤\n是否加绒：加绒\n是否可外穿：可外穿\n材质：棉\n款式：保暖套装\n上市时间：2018年秋',19,1),
('06fbca220644435ab89978a0d8614b06','腾品牌女装2018秋冬新款连帽杏色中长款女 呢子外套 杏色 S',439,'/upload/a/f/8/6/2/d/5/8/80b674abbf62278b5cc83a3986608c82.jpg','商品毛重：100.00g\n货号：6F615-6029\n衣门襟：系带\n衣长：中长款\n主要材质：其它\n领型：翻领\n厚度：厚款\n适用年龄：25-29周岁\n风格：甜美，休闲，韩版，小香风\n袖长：长袖\n袖型：常规\n里料图案：纯色\n衣领材质：其它\n图案：纯色\n里料材质：其它\n版型：宽松型\n上市时间：2018秋',22,1),
('07703ef8498846caab70b8cc6f2aec02','MIKIBANA 米可芭娜半身裙女修身萌宠貂毛刺绣a字裙秋冬新款 M73 黑色 S',359,'/upload/b/d/8/a/c/d/f/f/88e672808b1d20838baa65bba3f6e8d6.jpg','商品毛重：500.00g\n货号：M73BK1420\n裙型：A字裙\n厚度：适中\n廓形：A型\n流行元素：水洗\n颜色：红色系，黑色系\n图案：卡通动漫\n腰型：中腰\n适用年龄：25-29周岁\n风格：韩版，百搭\n裙长：短裙\n主要材质：其它\n弹力：微弹\n上市时间：2017秋',24,1),
('08835856c8c54586b85dd39039ebc690','xg雪歌女装2018冬装新款韩版宽松中长款针织衫长袖慵懒风毛衣连衣裙子 卡其 34/155/S',854,'/upload/2/7/9/c/a/5/3/f/0b2065d80fe865a141266ab882d44573.jpg','商品毛重：1.0kg\n腰型：中腰\n主要材质：锦纶\n流行元素：纽扣\n袖长：长袖\n袖型：常规\n适用年龄：30-34周岁\n图案：纯色\n适用人群：轻熟女\n裙长：中',20,1),
('08d555f783304b039a170f6b82a2905e','W.DoubleuDot达点秋冬款韩版女经典简约款毛衫套头针织衫WK6WP462 21天蓝色 S',547,'/upload/7/6/7/4/b/8/1/9/af8fd4f7e2f81db72531bd1b0e2e7d1c.jpg','商品毛重：100.00g\n尺码：S，M\n衣长：常规款\n主要材质：其它\n流行元素：不对称\n袖长：长袖\n适用年龄：25-29周岁\n风格：简约，韩版\n款式：套头\n上市时间：2018秋',29,1),
('0a41939781e24e768e0cc061b0363ea4','betu百图黑色微喇叭裤女长裤韩版高腰小脚裤休闲打底裤2018新款 喇叭裤 M',169,'/upload/d/d/b/b/f/a/a/f/eefc4d219d36875fdc47793f79f2f7bc.jpg','商品毛重：1.0kg\n腰型：高腰\n厚度：适中\n流行元素：立体裁剪\n适用年龄：25-29周岁\n裤长：长裤\n裤型：喇叭裤\n弹力：微弹\n上市时间：2018秋',22,1),
('0a4c2aa4c7f84ab19708584de6236b05','毛衣女2018秋冬季新款女装韩版宽松加绒加厚中长款长袖女士针织衫女上衣打底衫女外套头连衣裙针织 米白 M',118,'/upload/8/4/d/e/b/7/4/b/8f0666dfd8868ba40ca0d6cd912f54aa.jpg','商品毛重：300.00g\n货号：M1316\n组合规格：单件\n风格：韩版\n厚度：适中\n领型：圆领\n颜色：多色\n袖长：长袖\n袖型：常规\n适用年龄：18-24周岁\n衣长：中长款\n图案：纯色\n版型：修身型\n款式：套头\n上市时间：2018秋',12,1),
('0acbbe0e8f9841e9bee15359e84c4d33','甘甘的世界2018秋冬30-40岁中年妈妈知性气质高端连衣裙中长款大码宽松收腰系带显瘦时尚休闲打底裙 黑色 XL',448,'/upload/1/4/a/0/b/c/1/0/4443a50a9b27146e510067e990740a45.jpg','商品毛重：1.0kg\n腰型：高腰\n厚度：适中\n领型：圆领\n颜色：黑色系\n适用年龄：40-49周岁\n图案：纯色\n尺码：L\n组合规格：单件\n版型：宽松型\n廓形：A型\n流行元素：绑带，开衩，口袋，拼接，条纹，腰带，拉链，抽绳，印花\n袖长：长袖\n衣门襟：拉链\n裙型：铅笔裙\n袖型：常规\n裙长：长裙\n分类：长袖连衣裙\n适用人群：胖mm，学生，少女，轻熟女，成熟，亲子，孕妇\n上市时间：2018秋',13,1),
('0b0d01dbea9d4690ac202e12e0493a9c','高领打底毛衣女修身秋冬季2018新款套头长袖上衣内搭针织衫 米白色 165/84A',178,'/upload/6/5/5/3/2/6/2/8/db4950196ff0d98cc54d374dc4b6312a.jpg','商品毛重：200.00g\n货号：115-f1\n组合规格：单件\n风格：通勤，文艺\n厚度：厚款\n领型：高领\n版型：修身型\n颜色：蓝色系，多色\n袖长：长袖\n衣门襟：无扣\n适用年龄：25-29周岁\n袖型：常规\n图案：纯色\n衣长：常规款\n款式：套头\n上市时间：2018冬',22,1),
('0c5e46897cd24ed7b037f51e41a4549e','MIKIBANA 米可芭娜皮草女中长款大毛领羊毛大衣2018冬季新款 D84 浅杏 S',1899,'/upload/2/1/8/a/f/9/e/7/308257c290d2c12439640c3917c64117.jpg','商品毛重：500.00g\n货号：D84FU1988\n版型：宽松型\n厚度：加厚\n领型：连帽\n流行元素：拉链\n衣长：中长款\n袖长：九分袖\n衣门襟：拉链\n适用年龄：25-29周岁\n衣领材质：其它\n图案：纯色\n风格：欧美\n主要材质：羊毛\n上市时间：2018冬',24,1),
('0cd997bde96843f6b5227718530109cd','MIKIBANA 米可芭娜 连衣裙女韩版无袖V领荷叶边裙摆 秋冬新款 M73 藏青 L',699,'/upload/0/3/2/5/9/6/9/9/19525e7f673a3253976422dbe1241cd9.jpg','商品毛重：500.00g\n货号：M73OD1525\n风格：韩版\n领型：V领\n颜色：蓝色系\n适用年龄：25-29周岁\n图案：创意趣味\n尺码：S，M，L，XL\n组合规格：单件\n裙型：A字裙\n主要材质：棉\n流行元素：贴布，刺绣\n袖长：无袖\n袖型：常规\n裙长：中裙\n分类：背心裙\n适用人群：少女\n上市时间：2017秋',24,1),
('0d362bb5cece483dbcd23fb608c3f3c4','季候风2018冬季新款时尚通勤圆领中长款条纹针织长袖连衣裙女6844OA146 花兰MU2 M/160',548,'/upload/1/a/2/9/f/1/4/7/c469a72e34a9228385c6f73a1b3f2d2f.jpg','商品毛重：430.00g\n腰型：宽松腰\n风格：休闲，运动\n厚度：适中\n领型：圆领\n流行元素：条纹\n版型：直筒型\n裙型：包臀裙\n袖长：长袖\n袖型：常规\n适用年龄：25-29周岁\n主要材质：棉\n裙长：短裙\n分类：长袖连衣裙\n适用人群：少女\n上市时间：2018冬',31,1),
('0d372086d7b24becadcda277403844dd','粉色短款卫衣女秋加绒2018新款连帽长袖韩版早秋ins高腰宽松外套 暗粉 常规款225-CHIKENcdr S',169.2,'/upload/7/e/2/2/1/1/7/5/a69dd0405f3e5572652b74542206fd42.jpg','商品毛重：100.00g\n尺码：S，M，L\n主要材质：棉\n颜色：黑色系，红色系，白色系，粉色系\n袖长：长袖\n袖型：常规\n适用年龄：18-24周岁\n图案：植物花卉\n版型：宽松型\n款式：套头\n衣长：短',27,1),
('0d5418093d7f43fa9111869c544ed4c3','季候风2018冬季新款时尚通勤圆领中长款条纹针织长袖连衣裙女6844OA146 花兰MU2 M/160',548,'/upload/b/c/e/7/6/1/d/5/c469a72e34a9228385c6f73a1b3f2d2f.jpg','商品毛重：430.00g\n腰型：宽松腰\n风格：休闲，运动\n厚度：适中\n领型：圆领\n流行元素：条纹\n版型：直筒型\n裙型：包臀裙\n袖长：长袖\n袖型：常规\n适用年龄：25-29周岁\n主要材质：棉\n裙长：短裙\n分类：长袖连衣裙\n适用人群：少女\n上市时间：2018冬',31,1),
('0e7143ce5d8548bd8ac45b6937347399','2018冬新款韩版直筒西装领呢子大衣中长款呢大衣ENCIMEI1022C3586 粉 S',328,'/upload/e/4/9/9/3/8/b/a/936de4954c43000c00b068012cfb9e7c.jpg','商品毛重：1.2kg\n货号：ENCIMEI1022C3586\n厚度：适中\n领型：西装领\n颜色：粉色系\n里料图案：纯色\n图案：纯色\n里料材质：涤纶\n尺码：S，M，L，XL\n版型：直筒型\n主要材质：其它\n袖长：长袖\n衣门襟：单排扣\n衣领材质：兔毛领\n袖型：常规\n衣长：中长款\n适用年龄：25-29周岁\n上市时间：2018冬',27,1),
('0eb24a32c4a94577aa87a588b984aad1','茵曼2018秋装新款纯棉净色连帽袖身印花休闲外套女【18830$42038】 杏色 S',399,'/upload/2/1/5/d/b/d/1/8/3064b90bb294ff8c678bfbb9a33f9250.jpg','商品毛重：1.0kg\n组合规格：单件\n类型：其它\n领型：连帽\n流行元素：口袋\n衣门襟：拉链\n袖长：长袖\n袖型：常规\n适用年龄：25-29周岁\n主要材质：棉\n图案：其它\n厚度：适中\n版型：宽松型\n上市时间：2018秋',16,1),
('0ec8b0c364ab415f95ff6822a9538da5','MIKIBANA 米可芭娜 连衣裙女韩版无袖V领荷叶边裙摆 秋冬新款 M73 藏青 L',699,'/upload/5/c/9/6/7/0/a/2/19525e7f673a3253976422dbe1241cd9.jpg','商品毛重：500.00g\n货号：M73OD1525\n风格：韩版\n领型：V领\n颜色：蓝色系\n适用年龄：25-29周岁\n图案：创意趣味\n尺码：S，M，L，XL\n组合规格：单件\n裙型：A字裙\n主要材质：棉\n流行元素：贴布，刺绣\n袖长：无袖\n袖型：常规\n裙长：中裙\n分类：背心裙\n适用人群：少女\n上市时间：2017秋',24,1),
('0ed975329a674e4b9baefb20868aa022','MIKIBANA 米可芭娜 连衣裙女韩版无袖V领荷叶边裙摆 秋冬新款 M73 藏青 L',699,'/upload/a/e/b/0/8/4/f/e/19525e7f673a3253976422dbe1241cd9.jpg','商品毛重：500.00g\n货号：M73OD1525\n风格：韩版\n领型：V领\n颜色：蓝色系\n适用年龄：25-29周岁\n图案：创意趣味\n尺码：S，M，L，XL\n组合规格：单件\n裙型：A字裙\n主要材质：棉\n流行元素：贴布，刺绣\n袖长：无袖\n袖型：常规\n裙长：中裙\n分类：背心裙\n适用人群：少女\n上市时间：2017秋',24,1),
('0f52bdeb03a945e38691207d57d7188d','W.DoubleuDot达点2018夏季新品韩版女时尚帅气纯色风衣WW7WR487 83酒红色 S',1490,'/upload/4/9/5/e/9/b/a/4/1ba528641b54ec6061853783841b0c9a.jpg','商品毛重：100.00g\n尺码：S，M\n图案：纯色\n里料材质：其它\n风格：韩版\n上市时间：2018冬',29,1),
('0ffaedd8f34e44ac957ebdfbbe09a644','粉色短款卫衣女秋加绒2018新款连帽长袖韩版早秋ins高腰宽松外套 暗粉 常规款225-CHIKENcdr S',188.1,'/upload/4/b/2/0/9/0/c/d/7c281fb970f06b7d4863d39a86d7168f.jpg','商品毛重：100.00g\n尺码：S，M，L\n主要材质：棉\n颜色：黑色系，红色系，白色系，粉色系\n袖长：长袖\n袖型：常规\n适用年龄：18-24周岁\n图案：植物花卉\n版型：宽松型\n款式：套头\n衣长：短',27,1),
('103050e397b24227911e21991df7cd63','针织毛衣女2018秋冬新品加绒加厚半高领宽松套头针织内搭韩版长袖保暖短款长袖毛衣女士高领打底 卡其色加绒 均码',118,'/upload/5/6/9/d/4/a/1/f/03a2680178dff6e1a7c462e5506545e6.jpg','商品毛重：300.00g\n货号：LXFS1240\n厚度：加厚\n领型：半高圆领\n颜色：多色\n适用年龄：25-29周岁\n图案：纯色\n尺码：其它\n组合规格：单件\n衣长：常规款\n主要材质：粘胶纤维\n流行元素：拼接，立体装饰，3D\n袖长：长袖\n袖型：常规\n衣门襟：无扣\n版型：修身型\n款式：套头\n上市时间：2018冬',10,1),
('106ac8267dfe4d28b83ccf787273ebbf','2018冬新款韩版直筒西装领呢子大衣中长款呢大衣ENCIMEI1022C3586 粉 S',328,'/upload/9/4/8/c/f/8/6/9/936de4954c43000c00b068012cfb9e7c.jpg','商品毛重：1.2kg\n货号：ENCIMEI1022C3586\n厚度：适中\n领型：西装领\n颜色：粉色系\n里料图案：纯色\n图案：纯色\n里料材质：涤纶\n尺码：S，M，L，XL\n版型：直筒型\n主要材质：其它\n袖长：长袖\n衣门襟：单排扣\n衣领材质：兔毛领\n袖型：常规\n衣长：中长款\n适用年龄：25-29周岁\n上市时间：2018冬',27,1),
('106c12af0634430680c6b99715c679dd','MIKIBANA 米可芭娜 连衣裙女韩版无袖V领荷叶边裙摆 秋冬新款 M73 藏青 L',699,'/upload/3/4/e/e/5/6/b/a/19525e7f673a3253976422dbe1241cd9.jpg','商品毛重：500.00g\n货号：M73OD1525\n风格：韩版\n领型：V领\n颜色：蓝色系\n适用年龄：25-29周岁\n图案：创意趣味\n尺码：S，M，L，XL\n组合规格：单件\n裙型：A字裙\n主要材质：棉\n流行元素：贴布，刺绣\n袖长：无袖\n袖型：常规\n裙长：中裙\n分类：背心裙\n适用人群：少女\n上市时间：2017秋',24,1),
('10d9af053b34420aa7d02478ec39b0fd','W.DoubleuDot达点2018夏季新品韩版女时尚帅气纯色风衣WW7WR487 83酒红色 S',1490,'/upload/d/f/7/7/f/9/3/8/1ba528641b54ec6061853783841b0c9a.jpg','商品毛重：100.00g\n尺码：S，M\n图案：纯色\n里料材质：其它\n风格：韩版\n上市时间：2018冬',29,1),
('1102a4832377415f96cd54832134eba0','季候风2018冬季新款时尚通勤圆领中长款条纹针织长袖连衣裙女6844OA146 花兰MU2 M/160',548,'/upload/9/2/e/a/a/f/2/b/c469a72e34a9228385c6f73a1b3f2d2f.jpg','商品毛重：430.00g\n腰型：宽松腰\n风格：休闲，运动\n厚度：适中\n领型：圆领\n流行元素：条纹\n版型：直筒型\n裙型：包臀裙\n袖长：长袖\n袖型：常规\n适用年龄：25-29周岁\n主要材质：棉\n裙长：短裙\n分类：长袖连衣裙\n适用人群：少女\n上市时间：2018冬',13,1),
('11df3d5dbf184318a498f2f17342b97f','新品卫衣2018新款女长袖韩版宽松连帽薄款运动超火夏秋季套头卫衣套装 黑色(史努比) S',298,'/upload/7/d/1/b/3/2/d/e/86326e0d5b247a888a380c949bb29db2.jpg','商品毛重：300.00g\n货号：574678347263\n组合规格：两件套\n版型：宽松型\n厚度：薄款\n领型：连帽\n袖型：常规\n衣长：常规款\n颜色：黑色系，灰色系，红色系，白色系，蓝色系，粉色系\n袖长：长袖\n衣门襟：拉链\n适用年龄：18-24周岁\n主要材质：棉\n图案：卡通动漫\n风格：韩版\n款式：套头\n上市时间：2018冬',19,1),
('1241dba064f64da69bf5f8bf9aae81cb','针织衫女2018秋冬季新款女装韩版时尚学生宽松加绒加厚保暖短款长袖毛衣女士上衣打底衫女外套头 白色 均码',99,'/upload/a/f/8/4/7/a/2/e/f4751568d5323fe04c482bad734563ac.jpg','商品毛重：300.00g\n货号：RHW208\n厚度：适中\n领型：圆领\n颜色：多色\n适用年龄：18-24周岁\n图案：几何图案\n尺码：均码\n组合规格：单件\n衣长：常规款\n主要材质：粘胶纤维\n流行元素：刺绣，绣花\n袖长：长袖\n袖型：常规\n衣门襟：无扣\n版型：直筒型\n款式：套头\n上市时间：2018冬',14,1),
('12b9a06f780541e68ee0a9cdc20d430f','xzoo针织连衣裙2018长袖秋季套装女新品韩版女装毛衣两件套套装裙子女 灰色套装 L',188,'/upload/6/3/2/3/4/9/7/4/9fe5463ebdf98949531adb5f64637d8c.jpg','商品毛重：500.00g\n腰型：高腰\n厚度：适中\n领型：V领\n适用年龄：25-29周岁\n图案：纯色\n尺码：S，M，L，XL\n组合规格：两件套\n裙型：A字裙\n主要材质：聚酯纤维\n廓形：A型\n流行元素：拼色\n袖长：长袖\n袖型：灯笼袖\n衣门襟：系扣\n版型：A字型\n裙长：长裙\n分类：套装裙\n适用人群：轻熟女\n上市时间：2018秋',10,1),
('12c84080202c4a4aba09d7171dab71a8','2018秋冬情侣装新款韩版撞色套头针织衫男女学生百搭宽松毛衣上衣 白色(不分男女)质量堪比良布 拉夏贝尔 欧时力 3XL',188,'/upload/1/a/8/4/8/6/9/2/ea1a06b2d6dfdcd66de17098febcb29f.jpg','商品毛重：300.00g\n尺码：S，M，L，XL\n领型：圆领\n流行元素：条纹，拼接\n袖长：长袖\n袖型：常规\n风格：通勤\n毛线粗细：常规毛线\n款式：套头\n上市时间：2018秋',8,1),
('130802554df348b5bfe20898c27feb65','童装女童套装男童秋冬装加绒加厚保暖罗纹卫衣外套裤子打底衫休闲儿童运动服中大童小孩衣服校服 红色 160(建议身高146-155cm)',138,'/upload/3/d/d/8/0/2/6/6/0df9a37e79450694a96494d348ed2bc0.jpg','商品毛重：1.0kg\n货号：男女童罗纹卫衣三件套\n衣门襟：拉链\n适用年龄：1-3岁，6-12个月，3-6岁，6-9岁，9-12岁，12岁以上\n适用季节：冬季\n上市时间：2018秋季\n适用性别：通用\n安全等级：B',28,1),
('13380f1e204c467783be66b6cc784a14','MOCO个性木耳边装饰高领长袖针织衫MA173TOP204 moco 祖母绿色 L',419,'/upload/3/1/c/1/7/2/a/0/28f17cd384dc1269d9ada8c7e753cae9.jpg','商品毛重：300.00g\n组合规格：单件\n厚度：适中\n领型：高领\n袖长：长袖\n适用年龄：25-29周岁\n版型：修身型\n主要材质：其它\n衣长：常规款\n款式：套头\n上市时间：2017秋',9,1),
('134e38afaba14409965efa1e7a1a607a','2018加绒加厚时尚气质显瘦打底裤 黑色 XL',68,'/upload/d/1/c/f/9/6/9/a/69be0cf4a536ec8d7e09eaeeac2858d3.jpg','商品毛重：500.00g\n裤长：长',14,1),
('142ecc71b782440e8cad108ebe9aac68','艾薇2018秋季新款代购国内专柜女装时尚修身连衣裙 黑红话 4',2188,'/upload/d/7/f/6/b/8/7/3/f79efd203e479c420f174969a3d8bbfd.jpg','商品毛重：1.0kg\n上市时间：2018秋',15,1),
('14f21b163b3848b9ab0b4bb51eb46a05','betu百图黑色微喇叭裤女长裤韩版高腰小脚裤休闲打底裤2018新款 喇叭裤 M',169,'/upload/5/0/4/6/9/d/2/4/eefc4d219d36875fdc47793f79f2f7bc.jpg','商品毛重：1.0kg\n腰型：高腰\n厚度：适中\n流行元素：立体裁剪\n适用年龄：25-29周岁\n裤长：长裤\n裤型：喇叭裤\n弹力：微弹\n上市时间：2018秋',22,1),
('1573ec36112f4d9cbf26635d9c1a2deb','针织毛衣女2018秋冬新品加绒加厚半高领宽松套头针织内搭韩版长袖保暖短款长袖毛衣女士高领打底 卡其色加绒 均码',118,'/upload/4/3/7/6/8/c/7/7/03a2680178dff6e1a7c462e5506545e6.jpg','商品毛重：300.00g\n货号：LXFS1240\n厚度：加厚\n领型：半高圆领\n颜色：多色\n适用年龄：25-29周岁\n图案：纯色\n尺码：其它\n组合规格：单件\n衣长：常规款\n主要材质：粘胶纤维\n流行元素：拼接，立体装饰，3D\n袖长：长袖\n袖型：常规\n衣门襟：无扣\n版型：修身型\n款式：套头\n上市时间：2018冬',10,1),
('1633f2f62b0d4c27a2777f858b137ff7','早秋气质韩版BF风加肥加大码港味PRICH2018秋冬款v领气质淑女复古中长款连衣裙打底裙PROM8 海军蓝 160/84A',679,'/upload/1/a/6/e/7/4/d/3/f4f10b98dc527575dd9c395e13b133fb.jpg','商品毛重：100.00g\n尺码：160，165，170\n风格：通勤\n图案：纯色\n领型：V领\n裙长：中长裙\n袖长：九分袖\n裙型：荷叶边',30,1),
('17433bcb3a204a5088ab2500d5d2258d','2018秋冬情侣装新款韩版撞色套头针织衫男女学生百搭宽松毛衣上衣 白色(不分男女)质量堪比良布 拉夏贝尔 欧时力 3XL',188,'/upload/8/4/c/3/5/5/a/5/ea1a06b2d6dfdcd66de17098febcb29f.jpg','商品毛重：300.00g\n尺码：S，M，L，XL\n领型：圆领\n流行元素：条纹，拼接\n袖长：长袖\n袖型：常规\n风格：通勤\n毛线粗细：常规毛线\n款式：套头\n上市时间：2018秋',8,1),
('17c7c723a71842cdbf2aa1f89d84927e','童装女童套装男童秋冬装加绒加厚保暖罗纹卫衣外套裤子打底衫休闲儿童运动服中大童小孩衣服校服 红色 160(建议身高146-155cm)',138,'/upload/3/f/a/1/6/3/4/b/0df9a37e79450694a96494d348ed2bc0.jpg','商品毛重：1.0kg\n货号：男女童罗纹卫衣三件套\n衣门襟：拉链\n适用年龄：1-3岁，6-12个月，3-6岁，6-9岁，9-12岁，12岁以上\n适用季节：冬季\n上市时间：2018秋季\n适用性别：通用\n安全等级：B',13,1),
('1803f973b6af49c3bfa289c8ee2dacc7','茵曼2018秋装新款橡筋高腰束脚显瘦运动休闲长裤女【F1883$370957】 紫色 25',139,'/upload/4/3/f/0/7/a/b/1/007894d2c40f563c403b3ee065bfb533.jpg','商品毛重：1.0kg\n腰型：高腰\n厚度：适中\n裤长：长裤\n适用年龄：25-29周岁\n弹力：无弹力\n上市时间：2018秋',26,1),
('1819d477ff5e4b1c9f1bcedf0ecd06d2','粉色短款卫衣女秋加绒2018新款连帽长袖韩版早秋ins高腰宽松外套 暗粉 常规款225-CHIKENcdr S',170.1,'/upload/9/8/c/c/b/b/6/8/534462da463a578392a3b06a82664107.jpg','商品毛重：100.00g\n尺码：S，M，L\n主要材质：棉\n颜色：黑色系，红色系，白色系，粉色系\n袖长：长袖\n袖型：常规\n适用年龄：18-24周岁\n图案：植物花卉\n版型：宽松型\n款式：套头\n衣长：短',27,1),
('1823ed99565e4477965395fbffea7548','betu百图黑色微喇叭裤女长裤韩版高腰小脚裤休闲打底裤2018新款 喇叭裤 M',169,'/upload/7/6/f/0/2/c/f/0/eefc4d219d36875fdc47793f79f2f7bc.jpg','商品毛重：1.0kg\n腰型：高腰\n厚度：适中\n流行元素：立体裁剪\n适用年龄：25-29周岁\n裤长：长裤\n裤型：喇叭裤\n弹力：微弹\n上市时间：2018秋',22,1),
('187cfcdc30f547d5a37a7e3f34c1554a','毛衣女2018秋冬季新款女装韩版宽松加绒加厚中长款长袖女士针织衫女上衣打底衫女外套头连衣裙针织 米白 M',118,'/upload/6/4/b/9/f/4/6/f/8f0666dfd8868ba40ca0d6cd912f54aa.jpg','商品毛重：300.00g\n货号：M1316\n组合规格：单件\n风格：韩版\n厚度：适中\n领型：圆领\n颜色：多色\n袖长：长袖\n袖型：常规\n适用年龄：18-24周岁\n衣长：中长款\n图案：纯色\n版型：修身型\n款式：套头\n上市时间：2018秋',12,1),
('18d0292ba20d47b9b0b3916d038fe71c','童装女童套装男童秋冬装加绒加厚保暖罗纹卫衣外套裤子打底衫休闲儿童运动服中大童小孩衣服校服 红色 160(建议身高146-155cm)',138,'/upload/d/d/1/8/0/a/3/0/0df9a37e79450694a96494d348ed2bc0.jpg','商品毛重：1.0kg\n货号：男女童罗纹卫衣三件套\n衣门襟：拉链\n适用年龄：1-3岁，6-12个月，3-6岁，6-9岁，9-12岁，12岁以上\n适用季节：冬季\n上市时间：2018秋季\n适用性别：通用\n安全等级：B',28,1),
('1958cf65bd1144e994036ac693b2f2ad','童装女童套装男童秋冬装加绒加厚保暖罗纹卫衣外套裤子打底衫休闲儿童运动服中大童小孩衣服校服 红色 160(建议身高146-155cm)',138,'/upload/9/e/5/b/4/0/f/5/0df9a37e79450694a96494d348ed2bc0.jpg','商品毛重：1.0kg\n货号：男女童罗纹卫衣三件套\n衣门襟：拉链\n适用年龄：1-3岁，6-12个月，3-6岁，6-9岁，9-12岁，12岁以上\n适用季节：冬季\n上市时间：2018秋季\n适用性别：通用\n安全等级：B',17,1),
('19e9f5c5fc5b42718baa1846ac75b71f','童装女童套装男童秋冬装加绒加厚保暖罗纹卫衣外套裤子打底衫休闲儿童运动服中大童小孩衣服校服 红色 160(建议身高146-155cm)',138,'/upload/4/a/5/7/6/2/a/d/0df9a37e79450694a96494d348ed2bc0.jpg','商品毛重：1.0kg\n货号：男女童罗纹卫衣三件套\n衣门襟：拉链\n适用年龄：1-3岁，6-12个月，3-6岁，6-9岁，9-12岁，12岁以上\n适用季节：冬季\n上市时间：2018秋季\n适用性别：通用\n安全等级：B',7,1),
('1a316578e744410e815c79c6929474f6','xg雪歌女装2018冬装新款韩版宽松中长款针织衫长袖慵懒风毛衣连衣裙子 卡其 34/155/S',854,'/upload/5/e/7/2/c/6/e/5/0b2065d80fe865a141266ab882d44573.jpg','商品毛重：1.0kg\n腰型：中腰\n主要材质：锦纶\n流行元素：纽扣\n袖长：长袖\n袖型：常规\n适用年龄：30-34周岁\n图案：纯色\n适用人群：轻熟女\n裙长：中',20,1),
('1aa604b39c914928bf5cc3eafb8130a3','恒源祥女装 正品半高领 加厚 大码毛衣女2018秋冬新款韩版宽松 套头针织衫 羊毛衫 打底衫女 灰咖色 L',198,'/upload/8/5/7/4/1/5/b/f/c8c26a2039f9ee16649d5ea4a6feb520.jpg','商品毛重：1.0kg\n衣长：常规款\n领型：半高领\n袖长：长袖\n袖型：常规\n主要材质：羊毛\n版型：宽松型\n款式：套头\n上市时间：2018秋',28,1),
('1ab9bccb23f7484cbbd709da5aec238d','2018冬新款韩版直筒西装领呢子大衣中长款呢大衣ENCIMEI1022C3586 粉 S',328,'/upload/5/8/2/2/9/c/0/a/936de4954c43000c00b068012cfb9e7c.jpg','商品毛重：1.2kg\n货号：ENCIMEI1022C3586\n厚度：适中\n领型：西装领\n颜色：粉色系\n里料图案：纯色\n图案：纯色\n里料材质：涤纶\n尺码：S，M，L，XL\n版型：直筒型\n主要材质：其它\n袖长：长袖\n衣门襟：单排扣\n衣领材质：兔毛领\n袖型：常规\n衣长：中长款\n适用年龄：25-29周岁\n上市时间：2018冬',27,1),
('1b31406ff8424412b7ced8f42f1f3e5c','童装女童套装男童秋冬装加绒加厚保暖罗纹卫衣外套裤子打底衫休闲儿童运动服中大童小孩衣服校服 红色 160(建议身高146-155cm)',138,'/upload/f/9/3/d/e/e/7/e/0df9a37e79450694a96494d348ed2bc0.jpg','商品毛重：1.0kg\n货号：男女童罗纹卫衣三件套\n衣门襟：拉链\n适用年龄：1-3岁，6-12个月，3-6岁，6-9岁，9-12岁，12岁以上\n适用季节：冬季\n上市时间：2018秋季\n适用性别：通用\n安全等级：B',28,1),
('1b747b381195420c9f0f4db618fb24e4','betu百图黑色微喇叭裤女长裤韩版高腰小脚裤休闲打底裤2018新款 喇叭裤 M',169,'/upload/5/d/3/8/e/3/d/d/eefc4d219d36875fdc47793f79f2f7bc.jpg','商品毛重：1.0kg\n腰型：高腰\n厚度：适中\n流行元素：立体裁剪\n适用年龄：25-29周岁\n裤长：长裤\n裤型：喇叭裤\n弹力：微弹\n上市时间：2018秋',22,1),
('1bb4bc8f91484dcf91d1d49ee37b13d0','冬装文艺素色毛呢阔腿裤 咖驼色 S',159.8,'/upload/c/d/9/9/f/2/9/e/7191132c156fa600f3e285477aadc1bf.jpg','商品毛重：500.00g\n腰型：中腰\n厚度：适中\n裤型：哈伦裤\n上市时间：2018冬',26,1),
('1c3205ba1b624287b1e576add7edbd00','童装女童套装男童秋冬装加绒加厚保暖罗纹卫衣外套裤子打底衫休闲儿童运动服中大童小孩衣服校服 红色 160(建议身高146-155cm)',138,'/upload/e/4/c/a/d/9/c/4/0df9a37e79450694a96494d348ed2bc0.jpg','商品毛重：1.0kg\n货号：男女童罗纹卫衣三件套\n衣门襟：拉链\n适用年龄：1-3岁，6-12个月，3-6岁，6-9岁，9-12岁，12岁以上\n适用季节：冬季\n上市时间：2018秋季\n适用性别：通用\n安全等级：B',13,1),
('1c64fc5cf7c44507937ee1c19cdfd965','优雅格纹拼接连衣裙 H1000102 黑白格 6(M)',919,'/upload/2/0/5/8/0/c/8/a/f7ea36858337d98ecdd410d08f342037.jpg','商品毛重：200.00g\n货号：H1000102\n腰型：中腰\n尺码：M\n上市时间：2017春',32,1),
('1c87fac9855c479e971f914fe0a77e67','2018冬季新款时尚名媛气质修身圆领刺绣连衣裙 P9546 黑色 XL',168,'/upload/b/0/f/6/d/9/b/2/e3990c4904015a00ff58b38104208357.jpg','商品毛重：350.00g\n货号：P9546\n组合规格：单件\n裙型：A字裙\n领型：圆领\n袖长：长袖\n裙长：中长裙\n适用年龄：35-39周岁\n风格：通勤\n图案：其它\n分类：长袖连衣裙\n版型：修身型\n上市时间：2018冬',10,1),
('1c9516b326df4b5398ad935486f9adcf','2018秋冬情侣装新款韩版撞色套头针织衫男女学生百搭宽松毛衣上衣 白色(不分男女)质量堪比良布 拉夏贝尔 欧时力 3XL',188,'/upload/5/3/a/c/d/2/6/e/ea1a06b2d6dfdcd66de17098febcb29f.jpg','商品毛重：300.00g\n尺码：S，M，L，XL\n领型：圆领\n流行元素：条纹，拼接\n袖长：长袖\n袖型：常规\n风格：通勤\n毛线粗细：常规毛线\n款式：套头\n上市时间：2018秋',8,1),
('1cd7a122f02241368ebaab6232568c25','2018冬季新款时尚名媛气质修身圆领刺绣连衣裙 P9546 黑色 XL',168,'/upload/9/a/b/e/3/9/4/6/e3990c4904015a00ff58b38104208357.jpg','商品毛重：350.00g\n货号：P9546\n组合规格：单件\n裙型：A字裙\n领型：圆领\n袖长：长袖\n裙长：中长裙\n适用年龄：35-39周岁\n风格：通勤\n图案：其它\n分类：长袖连衣裙\n版型：修身型\n上市时间：2018冬',12,1),
('1d1c2fedf58a4588bddb8eb315b479d5','新品卫衣2018新款女长袖韩版宽松连帽薄款运动超火夏秋季套头卫衣套装 黑色(史努比) S',298,'/upload/3/f/7/b/9/3/9/c/86326e0d5b247a888a380c949bb29db2.jpg','商品毛重：300.00g\n货号：574678347263\n组合规格：两件套\n版型：宽松型\n厚度：薄款\n领型：连帽\n袖型：常规\n衣长：常规款\n颜色：黑色系，灰色系，红色系，白色系，蓝色系，粉色系\n袖长：长袖\n衣门襟：拉链\n适用年龄：18-24周岁\n主要材质：棉\n图案：卡通动漫\n风格：韩版\n款式：套头\n上市时间：2018冬',19,1),
('1db4e42f5cea4b7593036827c31a4f06','针织衫女2018秋冬季新款女装韩版时尚学生宽松加绒加厚保暖短款长袖毛衣女士上衣打底衫女外套头 白色 均码',99,'/upload/3/b/9/2/4/d/7/1/f4751568d5323fe04c482bad734563ac.jpg','商品毛重：300.00g\n货号：RHW208\n厚度：适中\n领型：圆领\n颜色：多色\n适用年龄：18-24周岁\n图案：几何图案\n尺码：均码\n组合规格：单件\n衣长：常规款\n主要材质：粘胶纤维\n流行元素：刺绣，绣花\n袖长：长袖\n袖型：常规\n衣门襟：无扣\n版型：直筒型\n款式：套头\n上市时间：2018冬',14,1),
('1dd7999e9bf7436dbe0dd4672524e84e','针织衫女2018秋冬季新款女装韩版时尚学生宽松加绒加厚保暖短款长袖毛衣女士上衣打底衫女外套头 白色 均码',99,'/upload/3/7/6/a/8/9/1/e/f4751568d5323fe04c482bad734563ac.jpg','商品毛重：300.00g\n货号：RHW208\n厚度：适中\n领型：圆领\n颜色：多色\n适用年龄：18-24周岁\n图案：几何图案\n尺码：均码\n组合规格：单件\n衣长：常规款\n主要材质：粘胶纤维\n流行元素：刺绣，绣花\n袖长：长袖\n袖型：常规\n衣门襟：无扣\n版型：直筒型\n款式：套头\n上市时间：2018冬',14,1),
('1eb10d37cd6d4dafac97640321eecb3a','甘甘的世界2018秋冬30-40岁中年妈妈知性气质高端连衣裙中长款大码宽松收腰系带显瘦时尚休闲打底裙 黑色 XL',448,'/upload/b/4/6/f/b/0/1/4/4443a50a9b27146e510067e990740a45.jpg','商品毛重：1.0kg\n腰型：高腰\n厚度：适中\n领型：圆领\n颜色：黑色系\n适用年龄：40-49周岁\n图案：纯色\n尺码：L\n组合规格：单件\n版型：宽松型\n廓形：A型\n流行元素：绑带，开衩，口袋，拼接，条纹，腰带，拉链，抽绳，印花\n袖长：长袖\n衣门襟：拉链\n裙型：铅笔裙\n袖型：常规\n裙长：长裙\n分类：长袖连衣裙\n适用人群：胖mm，学生，少女，轻熟女，成熟，亲子，孕妇\n上市时间：2018秋',25,1),
('1f4b811bb54940049782505ea332da02','童装女童套装男童秋冬装加绒加厚保暖罗纹卫衣外套裤子打底衫休闲儿童运动服中大童小孩衣服校服 红色 160(建议身高146-155cm)',138,'/upload/e/e/9/e/f/8/8/b/0df9a37e79450694a96494d348ed2bc0.jpg','商品毛重：1.0kg\n货号：男女童罗纹卫衣三件套\n衣门襟：拉链\n适用年龄：1-3岁，6-12个月，3-6岁，6-9岁，9-12岁，12岁以上\n适用季节：冬季\n上市时间：2018秋季\n适用性别：通用\n安全等级：B',13,1),
('1f837ebc28a3457f85a88a3f621d8b9d','针织衫女毛衣2018秋冬新款女装套头宽松高领长袖短款拼色加厚打底针织衫G-531-6154 卡其+黑 均码',99,'/upload/3/6/a/7/2/a/6/5/c5764635bfccb15354695e4dbfd1fc3e.jpg','商品毛重：1.0kg\n尺码：S，M，L，XL\n衣长：常规款\n厚度：加厚\n领型：半高圆领\n袖长：长袖\n袖型：常规\n适用年龄：25-29周岁\n图案：纯色\n风格：通勤\n款式：套头\n上市时间：2018秋',14,1),
('20662dfa57ed475fa2b0e44c5bc80a58','童装女童套装男童秋冬装加绒加厚保暖罗纹卫衣外套裤子打底衫休闲儿童运动服中大童小孩衣服校服 红色 160(建议身高146-155cm)',138,'/upload/2/c/b/a/6/6/3/7/0df9a37e79450694a96494d348ed2bc0.jpg','商品毛重：1.0kg\n货号：男女童罗纹卫衣三件套\n衣门襟：拉链\n适用年龄：1-3岁，6-12个月，3-6岁，6-9岁，9-12岁，12岁以上\n适用季节：冬季\n上市时间：2018秋季\n适用性别：通用\n安全等级：B',25,1),
('208c1d8e9f834df9bf07a79eea64b5b5','betu百图黑色微喇叭裤女长裤韩版高腰小脚裤休闲打底裤2018新款 喇叭裤 M',169,'/upload/a/d/c/1/8/3/a/e/eefc4d219d36875fdc47793f79f2f7bc.jpg','商品毛重：1.0kg\n腰型：高腰\n厚度：适中\n流行元素：立体裁剪\n适用年龄：25-29周岁\n裤长：长裤\n裤型：喇叭裤\n弹力：微弹\n上市时间：2018秋',22,1),
('208eaeb7fce543f583ae263a6bce4b77','连衣裙新品2018冬装大码女装中长款金丝绒包臀裙长袖连衣裙蕾丝加绒加厚打底连衣裙 6786# 咖啡色 XL',139,'/upload/d/e/6/1/6/d/5/3/5b61e2430d0d00f524917b5c4a73a13c.jpg','商品毛重：100.00g\n货号：BH3-319-A-6786-50\n风格：优雅，中性风，韩版\n厚度：厚款\n领型：堆堆领\n颜色：黑色系，红色系\n适用年龄：25-29周岁\n尺码：S，M，L，XL，XXL\n组合规格：单件\n版型：修身型\n廓形：O型\n流行元素：蕾丝，镶钻，烫画\n袖长：长袖\n袖型：常规\n裙型：大摆裙\n裙长：中长裙\n分类：长袖连衣裙\n适用人群：胖mm，少女，轻熟女，成熟，亲子\n上市时间：2018冬',11,1),
('209d165a512e44a5b67026e839206c58','季候风2018冬季新款时尚通勤圆领中长款条纹针织长袖连衣裙女6844OA146 花兰MU2 M/160',548,'/upload/c/3/e/1/0/d/3/f/c469a72e34a9228385c6f73a1b3f2d2f.jpg','商品毛重：430.00g\n腰型：宽松腰\n风格：休闲，运动\n厚度：适中\n领型：圆领\n流行元素：条纹\n版型：直筒型\n裙型：包臀裙\n袖长：长袖\n袖型：常规\n适用年龄：25-29周岁\n主要材质：棉\n裙长：短裙\n分类：长袖连衣裙\n适用人群：少女\n上市时间：2018冬',31,1),
('2134bda449b24fdb9ef8c65098bf4a2f','连衣裙新品2018冬装大码女装中长款金丝绒包臀裙长袖连衣裙蕾丝加绒加厚打底连衣裙 6786# 咖啡色 XL',139,'/upload/7/c/d/3/e/7/b/4/5b61e2430d0d00f524917b5c4a73a13c.jpg','商品毛重：100.00g\n货号：BH3-319-A-6786-50\n风格：优雅，中性风，韩版\n厚度：厚款\n领型：堆堆领\n颜色：黑色系，红色系\n适用年龄：25-29周岁\n尺码：S，M，L，XL，XXL\n组合规格：单件\n版型：修身型\n廓形：O型\n流行元素：蕾丝，镶钻，烫画\n袖长：长袖\n袖型：常规\n裙型：大摆裙\n裙长：中长裙\n分类：长袖连衣裙\n适用人群：胖mm，少女，轻熟女，成熟，亲子\n上市时间：2018冬',11,1),
('22026506a74445c3a4532f899b28483f','童装女童套装男童秋冬装加绒加厚保暖罗纹卫衣外套裤子打底衫休闲儿童运动服中大童小孩衣服校服 红色 160(建议身高146-155cm)',138,'/upload/a/0/2/9/5/7/2/4/0df9a37e79450694a96494d348ed2bc0.jpg','商品毛重：1.0kg\n货号：男女童罗纹卫衣三件套\n衣门襟：拉链\n适用年龄：1-3岁，6-12个月，3-6岁，6-9岁，9-12岁，12岁以上\n适用季节：冬季\n上市时间：2018秋季\n适用性别：通用\n安全等级：B',17,1),
('227f874bddc143f8985e8e1e0d828bd8','童装女童套装男童秋冬装加绒加厚保暖罗纹卫衣外套裤子打底衫休闲儿童运动服中大童小孩衣服校服 红色 160(建议身高146-155cm)',138,'/upload/c/2/b/0/4/5/6/0/0df9a37e79450694a96494d348ed2bc0.jpg','商品毛重：1.0kg\n货号：男女童罗纹卫衣三件套\n衣门襟：拉链\n适用年龄：1-3岁，6-12个月，3-6岁，6-9岁，9-12岁，12岁以上\n适用季节：冬季\n上市时间：2018秋季\n适用性别：通用\n安全等级：B',25,1),
('23bb80b4070447c0a178a3626bb0e69d','连衣裙女韩版无袖V领荷叶边裙摆 秋冬新款 M73 藏青 L',699,'/upload/2/a/d/f/5/8/9/7/19525e7f673a3253976422dbe1241cd9.jpg','商品毛重：500.00g\n货号：M73OD1525\n风格：韩版\n领型：V领\n颜色：蓝色系\n适用年龄：25-29周岁\n图案：创意趣味\n尺码：S，M，L，XL\n组合规格：单件\n裙型：A字裙\n主要材质：棉\n流行元素：贴布，刺绣\n袖长：无袖\n袖型：常规\n裙长：中裙\n分类：背心裙\n适用人群：少女\n上市时间：2017秋',24,1),
('23d313fe09a0439b8cbcf50939b400b4','童装女童套装男童秋冬装加绒加厚保暖罗纹卫衣外套裤子打底衫休闲儿童运动服中大童小孩衣服校服 红色 160(建议身高146-155cm)',138,'/upload/8/1/7/6/3/b/d/d/0df9a37e79450694a96494d348ed2bc0.jpg','商品毛重：1.0kg\n货号：男女童罗纹卫衣三件套\n衣门襟：拉链\n适用年龄：1-3岁，6-12个月，3-6岁，6-9岁，9-12岁，12岁以上\n适用季节：冬季\n上市时间：2018秋季\n适用性别：通用\n安全等级：B',13,1),
('2424c62b62b24990a0aed5f9677e3f1c','季候风2018冬季新款时尚通勤圆领中长款条纹针织长袖连衣裙女6844OA146 花兰MU2 M/160',548,'/upload/3/3/d/6/4/7/a/b/c469a72e34a9228385c6f73a1b3f2d2f.jpg','商品毛重：430.00g\n腰型：宽松腰\n风格：休闲，运动\n厚度：适中\n领型：圆领\n流行元素：条纹\n版型：直筒型\n裙型：包臀裙\n袖长：长袖\n袖型：常规\n适用年龄：25-29周岁\n主要材质：棉\n裙长：短裙\n分类：长袖连衣裙\n适用人群：少女\n上市时间：2018冬',31,1),
('243fb030c25d414092d773a127206941','18年夏新冷淡风V领纯色通勤修身OL职业职业连衣裙 新品新品 灰色 160/84A',456,'/upload/a/4/b/b/0/1/f/7/f33002348983b7e5fab3a09874e2a2f6.jpg','商品毛重：1.0kg\n尺码：L\n风格：通勤\n主要材质：涤纶\n领型：V领\n袖长：短袖\n袖型：常规\n图案：纯色\n裙长：中裙\n腰型：中腰\n上市时间：2018夏',30,1),
('24ca225adf9340558863d63afb914d4b','童装女童套装男童秋冬装加绒加厚保暖罗纹卫衣外套裤子打底衫休闲儿童运动服中大童小孩衣服校服 红色 160(建议身高146-155cm)',138,'/upload/c/b/9/3/0/0/6/c/0df9a37e79450694a96494d348ed2bc0.jpg','商品毛重：1.0kg\n货号：男女童罗纹卫衣三件套\n衣门襟：拉链\n适用年龄：1-3岁，6-12个月，3-6岁，6-9岁，9-12岁，12岁以上\n适用季节：冬季\n上市时间：2018秋季\n适用性别：通用\n安全等级：B',28,1),
('2552e0663f7b4cd8a47543ceb7103285','纤衣良品2018秋装新款秋季女装打底毛衣裙过膝D10079 灰色 XL-在线付款免邮',178,'/upload/2/4/e/d/3/d/0/5/86e3a3803eee399b005e113e3cce12ab.jpg','商品毛重：500.00',28,1),
('255398f75ea047768c82af3e3ce96e3b','季候风2018冬季新款时尚通勤圆领中长款条纹针织长袖连衣裙女6844OA146 花兰MU2 M/160',548,'/upload/d/5/2/9/b/8/d/e/c469a72e34a9228385c6f73a1b3f2d2f.jpg','商品毛重：430.00g\n腰型：宽松腰\n风格：休闲，运动\n厚度：适中\n领型：圆领\n流行元素：条纹\n版型：直筒型\n裙型：包臀裙\n袖长：长袖\n袖型：常规\n适用年龄：25-29周岁\n主要材质：棉\n裙长：短裙\n分类：长袖连衣裙\n适用人群：少女\n上市时间：2018冬',7,1),
('25a813405c09467fb425f4ad7c2ad4ac','蓝调雅诗打底连衣裙包臀一步毛衣裙针织衫2018春秋新款女装中长修身弹力一字领冬季新 黑色 均码建议90-125斤',128,'/upload/6/f/e/c/c/4/0/d/a66d9c17c8603987c8b9c595bbb4e315.jpg','商品毛重：500.00g\n尺码：均码\n风格：休闲，甜美，小清新\n版型：修身型\n领型：一字领\n图案：纯色\n腰型：中腰\n颜色：白色系，黑色系，灰色系，粉色系\n袖长：长袖\n袖型：常规\n适用年龄：18-24周岁\n裙型：包臀裙\n裙长：短裙\n分类：长袖连衣裙\n适用人群：学生，少女，轻熟女，成熟\n上市时间：2018秋',11,1),
('264c03bb3c8b43db8cb7f351622d9cf4','童装女童套装男童秋冬装加绒加厚保暖罗纹卫衣外套裤子打底衫休闲儿童运动服中大童小孩衣服校服 红色 160(建议身高146-155cm)',138,'/upload/4/e/e/9/0/2/f/4/0df9a37e79450694a96494d348ed2bc0.jpg','商品毛重：1.0kg\n货号：男女童罗纹卫衣三件套\n衣门襟：拉链\n适用年龄：1-3岁，6-12个月，3-6岁，6-9岁，9-12岁，12岁以上\n适用季节：冬季\n上市时间：2018秋季\n适用性别：通用\n安全等级：B',7,1),
('281e1cb36838413390dbee12f38a0c94','恒源祥女装 正品半高领 加厚 大码毛衣女2018秋冬新款韩版宽松 套头针织衫 羊毛衫 打底衫女 灰咖色 L',198,'/upload/2/a/a/c/9/f/c/4/c8c26a2039f9ee16649d5ea4a6feb520.jpg','商品毛重：1.0kg\n衣长：常规款\n领型：半高领\n袖长：长袖\n袖型：常规\n主要材质：羊毛\n版型：宽松型\n款式：套头\n上市时间：2018秋',17,1),
('2829f68d740d4f96befe38d98c2286d8','恒源祥秋季新款高领套头羊毛衫毛衣女修身简约纯色打底针织衫S521 2号本白 160/95/M',268,'/upload/a/2/2/1/1/6/5/a/c9509c242e4a78747d1d5649ba840aab.jpg','商品毛重：400.00g\n货号：S521\n风格：简约\n主要材质：其它\n领型：高领\n颜色：黑色系\n袖长：长袖\n袖型：常规\n衣长：常规款\n版型：修身型\n图案：其它\n毛线粗细：常规毛线\n款式：套头\n上市时间：2016秋',21,1),
('286cf466624b454c8fc20f950a4daccd','季候风2018冬季新款时尚通勤圆领中长款条纹针织长袖连衣裙女6844OA146 花兰MU2 M/160',548,'/upload/7/8/8/0/f/6/1/8/c469a72e34a9228385c6f73a1b3f2d2f.jpg','商品毛重：430.00g\n腰型：宽松腰\n风格：休闲，运动\n厚度：适中\n领型：圆领\n流行元素：条纹\n版型：直筒型\n裙型：包臀裙\n袖长：长袖\n袖型：常规\n适用年龄：25-29周岁\n主要材质：棉\n裙长：短裙\n分类：长袖连衣裙\n适用人群：少女\n上市时间：2018冬',31,1),
('28cdee9e25694fcfb38d7adb718e1df4','AIVEI欣贺艾薇2018秋新款修身蝴蝶结雪纺拼接女连衣裙K0560016 黑色 S',789,'/upload/3/f/9/9/1/7/9/6/596acb5f14a69b7f53faf089046ecb13.jpg','商品毛重：100.00g\n尺码：S\n主要材质：涤纶\n领型：娃娃领\n流行元素：拼接\n颜色：黑色系\n袖长：长袖\n衣门襟：拉链\n适用年龄：25-29周岁\n图案：纯色\n裙长：短裙\n袖型：喇叭袖\n裙型：A字裙\n腰型：高',15,1),
('2970522b3e504f9bbcfac91b32e94ffc','童装女童套装男童秋冬装加绒加厚保暖罗纹卫衣外套裤子打底衫休闲儿童运动服中大童小孩衣服校服 红色 160(建议身高146-155cm)',138,'/upload/e/7/0/f/2/d/7/d/0df9a37e79450694a96494d348ed2bc0.jpg','商品毛重：1.0kg\n货号：男女童罗纹卫衣三件套\n衣门襟：拉链\n适用年龄：1-3岁，6-12个月，3-6岁，6-9岁，9-12岁，12岁以上\n适用季节：冬季\n上市时间：2018秋季\n适用性别：通用\n安全等级：B',13,1),
('2aa44f203df2467daabfe25983d82531','恒源祥针织衫2018冬季女装加绒新款韩版长袖宽松打底针织衫上衣百搭显瘦打底衫女毛衣外套潮5903 粉色',128,'/upload/c/9/a/4/b/5/e/9/3b1628b8d77916c28f4592f08a9a6c0b.jpg','商品毛重：300.00g\n尺码：均码\n风格：简约\n厚度：适中\n领型：圆领\n版型：宽松型\n袖长：长袖\n袖型：常规\n适用年龄：25-29周岁\n衣长：常规款\n图案：几何图案\n主要材质：其它\n款式：套头\n上市时间：2018冬',16,1),
('2ae1ae0be3bc454e9e7ce60f9f726866','粉色短款卫衣女秋加绒2018新款连帽长袖韩版早秋ins高腰宽松外套 暗粉 常规款225-CHIKENcdr S',169.2,'/upload/5/2/5/f/f/1/2/c/34334976e7dc93cf0b4a32ee61fbf9d1.jpg','商品毛重：100.00g\n尺码：S，M，L\n主要材质：棉\n颜色：黑色系，红色系，白色系，粉色系\n袖长：长袖\n袖型：常规\n适用年龄：18-24周岁\n图案：植物花卉\n版型：宽松型\n款式：套头\n衣长：短',27,1),
('2b1940be1f484de0a473c5e2d192cc6e','迪拉娜2018针织连衣裙秋冬装新款收腰显瘦气质V领长袖毛衣女两件套装裙子 蓝色 M',168,'/upload/6/3/5/b/9/0/7/5/284632284fe95ad391d156f7d1ebd4ee.jpg','商品毛重：425.00g\n货号：BH338-D#5358\n风格：优雅，休闲，简约，韩版，轻奢，淑女风，通勤\n厚度：适中\n领型：V领\n颜色：蓝色系\n适用年龄：25-29周岁\n图案：纯色，横条纹\n尺码：S，M，L，XL，XXL\n裙型：一步裙\n主要材质：聚酯纤维\n廓形：A型\n流行元素：拼接，条纹，拼色\n袖长：长袖\n衣门襟：无扣\n版型：修身型\n袖型：常规\n裙长：中长裙\n分类：长袖连衣裙\n适用人群：胖mm，学生，少女，轻熟女，成熟，亲子，孕妇\n上市时间：2018秋',11,1),
('2b2f0f31ccfe4f5e94e82ecb0bf2d7b2','MOCO镂空背部撞色字母刺绣带帽卫衣连衣裙MA173DRS206 摩安珂 橄榄绿色 L',649,'/upload/6/5/3/5/1/0/4/e/dbe1a38ef8b84cd939ae6f697b387856.jpg','商品毛重：300.00g\n腰型：高腰\n版型：宽松型\n主要材质：棉\n领型：连帽\n图案：字母\n袖长：长袖\n袖型：常规\n适用年龄：25-29周岁\n风格：欧美\n裙长：中长裙\n分类：长袖连衣裙\n适用人群：成熟\n上市时间：2017秋',9,1),
('2c0d6a16bf3b4ce98b0c51eec8489535','毛衣女2018秋冬季新款女装韩版宽松加绒加厚中长款长袖女士针织衫女上衣打底衫女外套头连衣裙针织 米白 M',118,'/upload/9/8/c/e/5/1/5/b/8f0666dfd8868ba40ca0d6cd912f54aa.jpg','商品毛重：300.00g\n货号：M1316\n组合规格：单件\n风格：韩版\n厚度：适中\n领型：圆领\n颜色：多色\n袖长：长袖\n袖型：常规\n适用年龄：18-24周岁\n衣长：中长款\n图案：纯色\n版型：修身型\n款式：套头\n上市时间：2018秋',12,1),
('2ceeb7e423e2437da69320db84057b25','2018冬季新款时尚名媛气质修身圆领刺绣连衣裙 P9546 黑色 XL',168,'/upload/a/e/e/6/b/1/1/0/e3990c4904015a00ff58b38104208357.jpg','商品毛重：350.00g\n货号：P9546\n组合规格：单件\n裙型：A字裙\n领型：圆领\n袖长：长袖\n裙长：中长裙\n适用年龄：35-39周岁\n风格：通勤\n图案：其它\n分类：长袖连衣裙\n版型：修身型\n上市时间：2018冬',7,1),
('2d3b8dd6aa7c47c69c3c7cf03fde47d5','童装女童套装男童秋冬装加绒加厚保暖罗纹卫衣外套裤子打底衫休闲儿童运动服中大童小孩衣服校服 红色 160(建议身高146-155cm)',138,'/upload/7/b/c/5/b/2/4/b/0df9a37e79450694a96494d348ed2bc0.jpg','商品毛重：1.0kg\n货号：男女童罗纹卫衣三件套\n衣门襟：拉链\n适用年龄：1-3岁，6-12个月，3-6岁，6-9岁，9-12岁，12岁以上\n适用季节：冬季\n上市时间：2018秋季\n适用性别：通用\n安全等级：B',13,1),
('2d9801a40d924c91bed5af78e85c70d9','AIVEI欣贺艾薇2018秋新款修身蝴蝶结雪纺拼接女连衣裙K0560016 黑色 S',789,'/upload/1/1/1/1/a/4/c/4/596acb5f14a69b7f53faf089046ecb13.jpg','商品毛重：100.00g\n尺码：S\n主要材质：涤纶\n领型：娃娃领\n流行元素：拼接\n颜色：黑色系\n袖长：长袖\n衣门襟：拉链\n适用年龄：25-29周岁\n图案：纯色\n裙长：短裙\n袖型：喇叭袖\n裙型：A字裙\n腰型：高',15,1),
('2df43792a3d64cd781714f75ee6535f7','童装女童套装男童秋冬装加绒加厚保暖罗纹卫衣外套裤子打底衫休闲儿童运动服中大童小孩衣服校服 红色 160(建议身高146-155cm)',138,'/upload/c/f/f/3/6/0/1/c/0df9a37e79450694a96494d348ed2bc0.jpg','商品毛重：1.0kg\n货号：男女童罗纹卫衣三件套\n衣门襟：拉链\n适用年龄：1-3岁，6-12个月，3-6岁，6-9岁，9-12岁，12岁以上\n适用季节：冬季\n上市时间：2018秋季\n适用性别：通用\n安全等级：B',25,1),
('2ecc4edd749443dda0e1d0a747ced016','针织毛衣女2018秋冬新品加绒加厚半高领宽松套头针织内搭韩版长袖保暖短款长袖毛衣女士高领打底 卡其色加绒 均码',118,'/upload/2/9/c/6/3/e/8/b/03a2680178dff6e1a7c462e5506545e6.jpg','商品毛重：300.00g\n货号：LXFS1240\n厚度：加厚\n领型：半高圆领\n颜色：多色\n适用年龄：25-29周岁\n图案：纯色\n尺码：其它\n组合规格：单件\n衣长：常规款\n主要材质：粘胶纤维\n流行元素：拼接，立体装饰，3D\n袖长：长袖\n袖型：常规\n衣门襟：无扣\n版型：修身型\n款式：套头\n上市时间：2018冬',10,1),
('2f7afaa778e14e9287bc3fa7b7ecb4a9','2018秋冬情侣装新款韩版撞色套头针织衫男女学生百搭宽松毛衣上衣 白色(不分男女)质量堪比良布 拉夏贝尔 欧时力 3XL',188,'/upload/e/0/2/1/f/4/0/8/ea1a06b2d6dfdcd66de17098febcb29f.jpg','商品毛重：300.00g\n尺码：S，M，L，XL\n领型：圆领\n流行元素：条纹，拼接\n袖长：长袖\n袖型：常规\n风格：通勤\n毛线粗细：常规毛线\n款式：套头\n上市时间：2018秋',8,1),
('2fc9069ca4bd4169a7e89219b956df88','童装女童套装男童秋冬装加绒加厚保暖罗纹卫衣外套裤子打底衫休闲儿童运动服中大童小孩衣服校服 红色 160(建议身高146-155cm)',138,'/upload/3/d/2/7/a/1/f/6/0df9a37e79450694a96494d348ed2bc0.jpg','商品毛重：1.0kg\n货号：男女童罗纹卫衣三件套\n衣门襟：拉链\n适用年龄：1-3岁，6-12个月，3-6岁，6-9岁，9-12岁，12岁以上\n适用季节：冬季\n上市时间：2018秋季\n适用性别：通用\n安全等级：B',13,1),
('305992991eb64e968f4203daf927e7dc','童装女童套装男童秋冬装加绒加厚保暖罗纹卫衣外套裤子打底衫休闲儿童运动服中大童小孩衣服校服 红色 160(建议身高146-155cm)',138,'/upload/b/1/a/2/9/5/9/1/0df9a37e79450694a96494d348ed2bc0.jpg','商品毛重：1.0kg\n货号：男女童罗纹卫衣三件套\n衣门襟：拉链\n适用年龄：1-3岁，6-12个月，3-6岁，6-9岁，9-12岁，12岁以上\n适用季节：冬季\n上市时间：2018秋季\n适用性别：通用\n安全等级：B',17,1),
('3089fa38b49d4790a8ed71c54f9468f1','毛衣女2018秋冬季新款女装韩版宽松加绒加厚中长款长袖女士针织衫女上衣打底衫女外套头连衣裙针织 米白 M',118,'/upload/5/5/d/e/a/1/9/b/8f0666dfd8868ba40ca0d6cd912f54aa.jpg','商品毛重：300.00g\n货号：M1316\n组合规格：单件\n风格：韩版\n厚度：适中\n领型：圆领\n颜色：多色\n袖长：长袖\n袖型：常规\n适用年龄：18-24周岁\n衣长：中长款\n图案：纯色\n版型：修身型\n款式：套头\n上市时间：2018秋',12,1),
('30da0efc25e349778dfde37aba541279','W.DoubleuDot达点2018夏季新品韩版女时尚帅气纯色风衣WW7WR487 83酒红色 S',1490,'/upload/2/d/2/c/5/c/e/3/1ba528641b54ec6061853783841b0c9a.jpg','商品毛重：100.00g\n尺码：S，M\n图案：纯色\n里料材质：其它\n风格：韩版\n上市时间：2018冬',29,1),
('30df6cc357694885afe620f6c3cdc673','xg雪歌女装2018冬装新款韩版宽松中长款针织衫长袖慵懒风毛衣连衣裙子 卡其 34/155/S',854,'/upload/4/0/f/e/7/3/e/a/0b2065d80fe865a141266ab882d44573.jpg','商品毛重：1.0kg\n腰型：中腰\n主要材质：锦纶\n流行元素：纽扣\n袖长：长袖\n袖型：常规\n适用年龄：30-34周岁\n图案：纯色\n适用人群：轻熟女\n裙长：中',20,1),
('311b51582b4d4fc0a9906ce582658a3c','纤衣良品2018秋装新款秋季女装打底毛衣裙过膝D10079 灰色 XL-在线付款免邮',178,'/upload/4/a/c/d/2/c/9/d/86e3a3803eee399b005e113e3cce12ab.jpg','商品毛重：500.00',31,1),
('3129740cd0fc425e8cbc88a8efb1de26','MIKIBANA米可芭娜毛针织衫女开衫中长款韩版毛衣 新品 M81 藏青 M',679,'/upload/5/9/e/b/f/5/b/f/0f34e4c9e6c0e23723c7b875291e5ec0.jpg','商品毛重：500.00g\n货号：M81TC6065\n组合规格：单件\n风格：韩版\n厚度：薄款\n领型：西装领\n流行元素：纽扣\n版型：直筒型\n主要材质：腈纶\n袖长：长袖\n衣门襟：暗扣\n适用年龄：25-29周岁\n袖型：常规\n图案：卡通动漫\n衣长：中长款\n款式：开衫\n上市时间：2018春',24,1),
('32ed0ef62d5f4bb2a70336c35ba17536','童装女童套装男童秋冬装加绒加厚保暖罗纹卫衣外套裤子打底衫休闲儿童运动服中大童小孩衣服校服 红色 160(建议身高146-155cm)',138,'/upload/6/d/6/a/5/7/8/0/0df9a37e79450694a96494d348ed2bc0.jpg','商品毛重：1.0kg\n货号：男女童罗纹卫衣三件套\n衣门襟：拉链\n适用年龄：1-3岁，6-12个月，3-6岁，6-9岁，9-12岁，12岁以上\n适用季节：冬季\n上市时间：2018秋季\n适用性别：通用\n安全等级：B',25,1),
('330112a779a345f8ad157db65847a4d7','童装女童套装男童秋冬装加绒加厚保暖罗纹卫衣外套裤子打底衫休闲儿童运动服中大童小孩衣服校服 红色 160(建议身高146-155cm)',138,'/upload/4/a/4/2/b/b/9/c/0df9a37e79450694a96494d348ed2bc0.jpg','商品毛重：1.0kg\n货号：男女童罗纹卫衣三件套\n衣门襟：拉链\n适用年龄：1-3岁，6-12个月，3-6岁，6-9岁，9-12岁，12岁以上\n适用季节：冬季\n上市时间：2018秋季\n适用性别：通用\n安全等级：B',7,1),
('3311da6c19874775af4fc2e6534c9c78','童装女童套装男童秋冬装加绒加厚保暖罗纹卫衣外套裤子打底衫休闲儿童运动服中大童小孩衣服校服 红色 160(建议身高146-155cm)',138,'/upload/e/0/c/2/a/2/5/1/0df9a37e79450694a96494d348ed2bc0.jpg','商品毛重：1.0kg\n货号：男女童罗纹卫衣三件套\n衣门襟：拉链\n适用年龄：1-3岁，6-12个月，3-6岁，6-9岁，9-12岁，12岁以上\n适用季节：冬季\n上市时间：2018秋季\n适用性别：通用\n安全等级：B',17,1),
('331d613914cc4cde823f7680745022f1','MIKIBANA 米可芭娜 连衣裙女韩版无袖V领荷叶边裙摆 秋冬新款 M73 藏青 L',699,'/upload/3/0/7/8/b/1/c/e/19525e7f673a3253976422dbe1241cd9.jpg','商品毛重：500.00g\n货号：M73OD1525\n风格：韩版\n领型：V领\n颜色：蓝色系\n适用年龄：25-29周岁\n图案：创意趣味\n尺码：S，M，L，XL\n组合规格：单件\n裙型：A字裙\n主要材质：棉\n流行元素：贴布，刺绣\n袖长：无袖\n袖型：常规\n裙长：中裙\n分类：背心裙\n适用人群：少女\n上市时间：2017秋',24,1),
('339063c3537e4569aa187938c6f1ccbb','新品卫衣2018新款女长袖韩版宽松连帽薄款运动超火夏秋季套头卫衣套装 黑色(史努比) S',298,'/upload/a/b/4/1/8/c/f/0/86326e0d5b247a888a380c949bb29db2.jpg','商品毛重：300.00g\n货号：574678347263\n组合规格：两件套\n版型：宽松型\n厚度：薄款\n领型：连帽\n袖型：常规\n衣长：常规款\n颜色：黑色系，灰色系，红色系，白色系，蓝色系，粉色系\n袖长：长袖\n衣门襟：拉链\n适用年龄：18-24周岁\n主要材质：棉\n图案：卡通动漫\n风格：韩版\n款式：套头\n上市时间：2018冬',19,1),
('33ad7b24ad4f4765a5c65358dd19568b','毛衣女2018秋冬季新款女装韩版宽松加绒加厚中长款长袖女士针织衫女上衣打底衫女外套头连衣裙针织 米白 M',118,'/upload/1/4/8/f/3/a/7/b/8f0666dfd8868ba40ca0d6cd912f54aa.jpg','商品毛重：300.00g\n货号：M1316\n组合规格：单件\n风格：韩版\n厚度：适中\n领型：圆领\n颜色：多色\n袖长：长袖\n袖型：常规\n适用年龄：18-24周岁\n衣长：中长款\n图案：纯色\n版型：修身型\n款式：套头\n上市时间：2018秋',12,1),
('34b7816e34ac40518485334f4b620122','W.DoubleuDot达点2018夏季新品韩版女时尚帅气纯色风衣WW7WR487 83酒红色 S',1490,'/upload/d/e/f/6/0/e/5/b/1ba528641b54ec6061853783841b0c9a.jpg','商品毛重：100.00g\n尺码：S，M\n图案：纯色\n里料材质：其它\n风格：韩版\n上市时间：2018冬',29,1),
('3530e9ba0b3944f290f49b6b22df61a1','童装女童套装男童秋冬装加绒加厚保暖罗纹卫衣外套裤子打底衫休闲儿童运动服中大童小孩衣服校服 红色 160(建议身高146-155cm)',138,'/upload/4/8/b/b/4/3/4/b/0df9a37e79450694a96494d348ed2bc0.jpg','商品毛重：1.0kg\n货号：男女童罗纹卫衣三件套\n衣门襟：拉链\n适用年龄：1-3岁，6-12个月，3-6岁，6-9岁，9-12岁，12岁以上\n适用季节：冬季\n上市时间：2018秋季\n适用性别：通用\n安全等级：B',31,1),
('35676cb94bee48e7b683d7b6ff544417','童装女童套装男童秋冬装加绒加厚保暖罗纹卫衣外套裤子打底衫休闲儿童运动服中大童小孩衣服校服 红色 160(建议身高146-155cm)',138,'/upload/9/8/9/3/9/5/e/f/0df9a37e79450694a96494d348ed2bc0.jpg','商品毛重：1.0kg\n货号：男女童罗纹卫衣三件套\n衣门襟：拉链\n适用年龄：1-3岁，6-12个月，3-6岁，6-9岁，9-12岁，12岁以上\n适用季节：冬季\n上市时间：2018秋季\n适用性别：通用\n安全等级：B',25,1),
('359e47998db94b428daab8c9557f9ca4','jessyline杰西莱杰茜莱代购2018秋款格子鱼尾连衣裙830511366 格子 155/80A',272.34,'/upload/b/6/f/2/c/f/d/8/56a2ca9bff6f13cd281a221abc631c90.jpg','商品毛重：100.00g\n尺码：160，165，180\n风格：通勤\n领型：POLO领\n流行元素：格子\n颜色：白色系\n袖长：长袖\n裙长：中长裙\n分类：长袖连衣裙\n图案：格',16,1),
('36088facf83d45d2bb28622facdbe5d0','AIVEI欣贺艾薇2018秋新款修身蝴蝶结雪纺拼接女连衣裙K0560016 黑色 S',789,'/upload/c/8/2/8/e/1/3/0/596acb5f14a69b7f53faf089046ecb13.jpg','商品毛重：100.00g\n尺码：S\n主要材质：涤纶\n领型：娃娃领\n流行元素：拼接\n颜色：黑色系\n袖长：长袖\n衣门襟：拉链\n适用年龄：25-29周岁\n图案：纯色\n裙长：短裙\n袖型：喇叭袖\n裙型：A字裙\n腰型：高',15,1),
('36ca194188e74f56b52496a23926ab68','W.DoubleuDot达点2018夏季新品韩版女时尚帅气纯色风衣WW7WR487 83酒红色 S',1490,'/upload/f/4/d/4/3/e/f/2/1ba528641b54ec6061853783841b0c9a.jpg','商品毛重：100.00g\n尺码：S，M\n图案：纯色\n里料材质：其它\n风格：韩版\n上市时间：2018冬',29,1),
('36dbae1a136840708c82693bff67b26a','MOCO个性木耳边装饰高领长袖针织衫MA173TOP204 moco 祖母绿色 L',419,'/upload/7/5/2/1/2/4/0/e/28f17cd384dc1269d9ada8c7e753cae9.jpg','商品毛重：300.00g\n组合规格：单件\n厚度：适中\n领型：高领\n袖长：长袖\n适用年龄：25-29周岁\n版型：修身型\n主要材质：其它\n衣长：常规款\n款式：套头\n上市时间：2017秋',9,1),
('36df3ab97f0c4219a0b0ea5346a13561','毛衣女2018秋冬季新款女装韩版宽松加绒加厚中长款长袖女士针织衫女上衣打底衫女外套头连衣裙针织 米白 M',118,'/upload/7/8/1/2/1/b/f/c/8f0666dfd8868ba40ca0d6cd912f54aa.jpg','商品毛重：300.00g\n货号：M1316\n组合规格：单件\n风格：韩版\n厚度：适中\n领型：圆领\n颜色：多色\n袖长：长袖\n袖型：常规\n适用年龄：18-24周岁\n衣长：中长款\n图案：纯色\n版型：修身型\n款式：套头\n上市时间：2018秋',12,1),
('37992f2e1507483aaba6ab12536d17bf','新品卫衣2018新款女长袖韩版宽松连帽薄款运动超火夏秋季套头卫衣套装 黑色(史努比) S',298,'/upload/3/b/0/a/d/8/d/a/86326e0d5b247a888a380c949bb29db2.jpg','商品毛重：300.00g\n货号：574678347263\n组合规格：两件套\n版型：宽松型\n厚度：薄款\n领型：连帽\n袖型：常规\n衣长：常规款\n颜色：黑色系，灰色系，红色系，白色系，蓝色系，粉色系\n袖长：长袖\n衣门襟：拉链\n适用年龄：18-24周岁\n主要材质：棉\n图案：卡通动漫\n风格：韩版\n款式：套头\n上市时间：2018冬',19,1),
('37e66fd5ca734ab587771404dba4721a','2018秋冬情侣装新款韩版撞色套头针织衫男女学生百搭宽松毛衣上衣 白色(不分男女)质量堪比良布 拉夏贝尔 欧时力 3XL',188,'/upload/a/9/d/2/b/4/6/e/ea1a06b2d6dfdcd66de17098febcb29f.jpg','商品毛重：300.00g\n尺码：S，M，L，XL\n领型：圆领\n流行元素：条纹，拼接\n袖长：长袖\n袖型：常规\n风格：通勤\n毛线粗细：常规毛线\n款式：套头\n上市时间：2018秋',8,1),
('3896a6867c8f43e08fc944d6b8714386','2018冬新款韩版直筒西装领呢子大衣中长款呢大衣ENCIMEI1022C3586 粉 S',328,'/upload/0/4/3/5/5/6/1/6/936de4954c43000c00b068012cfb9e7c.jpg','商品毛重：1.2kg\n货号：ENCIMEI1022C3586\n厚度：适中\n领型：西装领\n颜色：粉色系\n里料图案：纯色\n图案：纯色\n里料材质：涤纶\n尺码：S，M，L，XL\n版型：直筒型\n主要材质：其它\n袖长：长袖\n衣门襟：单排扣\n衣领材质：兔毛领\n袖型：常规\n衣长：中长款\n适用年龄：25-29周岁\n上市时间：2018冬',27,1),
('38a6fe6fa3f84922a07a58fe079fc990','恒源祥2018秋装新款女装宽松显瘦毛衣裙圆领长袖针织连衣裙打底裙子 咖色',238,'/upload/b/1/5/d/9/6/6/c/0c3a26d7aa4ca4cc96c7c789f95f00d0.jpg','商品毛重：500.00g\n货号：ASYX729\n主要材质：其它\n领型：圆领\n袖长：长袖\n袖型：常规\n版型：宽松型\n厚度：适中\n款式：套头\n上市时间：2018秋',21,1),
('38ad4fbc38ac4a508e08e865e718dc01','毛呢外套女韩范中长款修身羊毛大衣 黑色 L',240,'/upload/8/0/b/b/f/c/4/6/6505d88040d205c5ef45d0c2a9a6e2e6.jpg','商品毛重：1.0kg\n尺码：XL\n衣长：中长款\n主要材质：羊毛呢\n领型：圆领\n流行元素：纽扣\n风格：OL通勤\n适用年龄：25-29周岁\n袖长：长袖\n袖型：常规\n里料图案：纯色\n厚度：薄款\n图案：纯色\n里料材质：羊毛呢\n版型：修身\n上市时间：2016冬',18,1),
('38d3b4ba59cd4393aeff32a07262873e','MIKIBANA 米可芭娜 连衣裙女韩版无袖V领荷叶边裙摆 秋冬新款 M73 藏青 L',699,'/upload/f/6/b/7/6/3/5/1/19525e7f673a3253976422dbe1241cd9.jpg','商品毛重：500.00g\n货号：M73OD1525\n风格：韩版\n领型：V领\n颜色：蓝色系\n适用年龄：25-29周岁\n图案：创意趣味\n尺码：S，M，L，XL\n组合规格：单件\n裙型：A字裙\n主要材质：棉\n流行元素：贴布，刺绣\n袖长：无袖\n袖型：常规\n裙长：中裙\n分类：背心裙\n适用人群：少女\n上市时间：2017秋',24,1),
('38f0ec6a79974fc683d4763afe23118d','新品卫衣2018新款女长袖韩版宽松连帽薄款运动超火夏秋季套头卫衣套装 黑色(史努比) S',298,'/upload/2/6/0/9/8/d/8/2/86326e0d5b247a888a380c949bb29db2.jpg','商品毛重：300.00g\n货号：574678347263\n组合规格：两件套\n版型：宽松型\n厚度：薄款\n领型：连帽\n袖型：常规\n衣长：常规款\n颜色：黑色系，灰色系，红色系，白色系，蓝色系，粉色系\n袖长：长袖\n衣门襟：拉链\n适用年龄：18-24周岁\n主要材质：棉\n图案：卡通动漫\n风格：韩版\n款式：套头\n上市时间：2018冬',19,1),
('399b351855c14615a060a2f403de0dd7','2018秋冬情侣装新款韩版撞色套头针织衫男女学生百搭宽松毛衣上衣 白色(不分男女)质量堪比良布 拉夏贝尔 欧时力 3XL',188,'/upload/5/3/1/d/c/b/9/9/ea1a06b2d6dfdcd66de17098febcb29f.jpg','商品毛重：300.00g\n尺码：S，M，L，XL\n领型：圆领\n流行元素：条纹，拼接\n袖长：长袖\n袖型：常规\n风格：通勤\n毛线粗细：常规毛线\n款式：套头\n上市时间：2018秋',8,1),
('3a4b3aba94034b98a092e74e783a19b2','童装女童套装男童秋冬装加绒加厚保暖罗纹卫衣外套裤子打底衫休闲儿童运动服中大童小孩衣服校服 红色 160(建议身高146-155cm)',138,'/upload/f/b/0/4/1/0/2/6/0df9a37e79450694a96494d348ed2bc0.jpg','商品毛重：1.0kg\n货号：男女童罗纹卫衣三件套\n衣门襟：拉链\n适用年龄：1-3岁，6-12个月，3-6岁，6-9岁，9-12岁，12岁以上\n适用季节：冬季\n上市时间：2018秋季\n适用性别：通用\n安全等级：B',28,1),
('3a879b9124674d50a59ee574baf9ac89','毛衣女2018秋冬季新款女装韩版宽松加绒加厚中长款长袖女士针织衫女上衣打底衫女外套头连衣裙针织 米白 M',118,'/upload/7/3/4/6/6/b/7/a/8f0666dfd8868ba40ca0d6cd912f54aa.jpg','商品毛重：300.00g\n货号：M1316\n组合规格：单件\n风格：韩版\n厚度：适中\n领型：圆领\n颜色：多色\n袖长：长袖\n袖型：常规\n适用年龄：18-24周岁\n衣长：中长款\n图案：纯色\n版型：修身型\n款式：套头\n上市时间：2018秋',12,1),
('3a9b0bce02894039bab63416c0b224c4','连衣裙针织2018秋冬新款女装中长款长袖连衣裙韩版修身显瘦过膝毛衣加厚内搭包臀打底裙女 米杏色1962 均码（90-130斤）',159,'/upload/d/d/c/0/a/c/5/c/3e5ee9ae69a72fb4ef970e1f9e3c728c.jpg','商品毛重：1.0kg\n风格：优雅，休闲，甜美，小清新，韩版，淑女风\n领型：圆领\n适用年龄：25-29周岁\n图案：碎花\n组合规格：假两件\n版型：修身型\n主要材质：聚酯纤维\n廓形：A型\n流行元素：拼接\n袖长：长袖\n袖型：常规\n衣门襟：无扣\n裙型：A字裙\n裙长：中长裙\n分类：长袖连衣裙\n适用人群：学生，少女，轻熟女，成熟，孕妇\n上市时间：2018秋',11,1),
('3b322c768fe745aa8a2809b47e728a6d','粉色短款卫衣女秋加绒2018新款连帽长袖韩版早秋ins高腰宽松外套 暗粉 常规款225-CHIKENcdr S',170.1,'/upload/d/f/9/6/e/8/d/6/3206f5eb48fe2513ed3240f9b4e9957e.jpg','商品毛重：100.00g\n尺码：S，M，L\n主要材质：棉\n颜色：黑色系，红色系，白色系，粉色系\n袖长：长袖\n袖型：常规\n适用年龄：18-24周岁\n图案：植物花卉\n版型：宽松型\n款式：套头\n衣长：短',27,1),
('3bfdb071c333478f95603f7a02d18d66','MOCO2018冬季新品浪漫木耳领飘带真丝上衣MA184TOP103 摩安珂 本白色 S',1399,'/upload/0/a/f/2/3/b/d/8/78e26329a017fdea714d4046d19d9b9f.jpg','商品毛重：300.00g\n货号：MA184TOP103\n厚度：薄款\n袖长：长袖\n袖型：常规\n适用年龄：25-29周岁\n风格：欧美\n图案：纯色\n版型：宽松型\n主要材质：桑蚕丝\n上市时间：2018冬',9,1),
('3c6ae3e862d445c28e1ef378ebfce15b','童装女童套装男童秋冬装加绒加厚保暖罗纹卫衣外套裤子打底衫休闲儿童运动服中大童小孩衣服校服 红色 160(建议身高146-155cm)',138,'/upload/a/a/2/d/8/c/5/5/0df9a37e79450694a96494d348ed2bc0.jpg','商品毛重：1.0kg\n货号：男女童罗纹卫衣三件套\n衣门襟：拉链\n适用年龄：1-3岁，6-12个月，3-6岁，6-9岁，9-12岁，12岁以上\n适用季节：冬季\n上市时间：2018秋季\n适用性别：通用\n安全等级：B',17,1),
('3ce968e3743f41c5aceadb74cc1bcd1c','童装女童套装男童秋冬装加绒加厚保暖罗纹卫衣外套裤子打底衫休闲儿童运动服中大童小孩衣服校服 红色 160(建议身高146-155cm)',138,'/upload/4/f/c/3/2/b/b/6/0df9a37e79450694a96494d348ed2bc0.jpg','商品毛重：1.0kg\n货号：男女童罗纹卫衣三件套\n衣门襟：拉链\n适用年龄：1-3岁，6-12个月，3-6岁，6-9岁，9-12岁，12岁以上\n适用季节：冬季\n上市时间：2018秋季\n适用性别：通用\n安全等级：B',28,1),
('3e9d21ff6cee40d6bd849379a17a2016','童装女童套装男童秋冬装加绒加厚保暖罗纹卫衣外套裤子打底衫休闲儿童运动服中大童小孩衣服校服 红色 160(建议身高146-155cm)',138,'/upload/1/6/8/9/4/d/f/c/0df9a37e79450694a96494d348ed2bc0.jpg','商品毛重：1.0kg\n货号：男女童罗纹卫衣三件套\n衣门襟：拉链\n适用年龄：1-3岁，6-12个月，3-6岁，6-9岁，9-12岁，12岁以上\n适用季节：冬季\n上市时间：2018秋季\n适用性别：通用\n安全等级：B',17,1),
('3efc71075c554614bc7fa27877c6afbd','MOCO个性木耳边装饰高领长袖针织衫MA173TOP204 moco 祖母绿色 L',419,'/upload/c/d/a/0/a/c/b/f/28f17cd384dc1269d9ada8c7e753cae9.jpg','商品毛重：300.00g\n组合规格：单件\n厚度：适中\n领型：高领\n袖长：长袖\n适用年龄：25-29周岁\n版型：修身型\n主要材质：其它\n衣长：常规款\n款式：套头\n上市时间：2017秋',9,1),
('3f8e368b50594ab98e40ec4f63a58c15','betu百图黑色微喇叭裤女长裤韩版高腰小脚裤休闲打底裤2018新款 喇叭裤 M',169,'/upload/2/c/2/a/0/2/b/9/eefc4d219d36875fdc47793f79f2f7bc.jpg','商品毛重：1.0kg\n腰型：高腰\n厚度：适中\n流行元素：立体裁剪\n适用年龄：25-29周岁\n裤长：长裤\n裤型：喇叭裤\n弹力：微弹\n上市时间：2018秋',22,1),
('3fe934a3ef564b46b7955c45e35de329','韩版羽绒服女中长款过膝2018冬季新品鸭绒加厚连帽保暖潮牌时尚修身显瘦保暖大码女装外套女 黑色+连帽 L建议尺码：110-120斤',299,'/upload/b/3/e/5/9/d/2/9/acdcc6d025d041972a792a1cffa1cf10.jpg','商品毛重：1.0kg\n版型：修身型\n领型：连帽\n充绒量：150g(含)-200g(不含)\n袖长：长袖\n袖型：收口袖\n含绒量：50%-70%\n填充物：灰鸭绒\n衣长：长款\n上市时间：2018秋',10,1),
('408ac55fbd6b4bd285452da2c76a5462','童装女童套装男童秋冬装加绒加厚保暖罗纹卫衣外套裤子打底衫休闲儿童运动服中大童小孩衣服校服 红色 160(建议身高146-155cm)',138,'/upload/3/4/7/4/d/1/4/5/0df9a37e79450694a96494d348ed2bc0.jpg','商品毛重：1.0kg\n货号：男女童罗纹卫衣三件套\n衣门襟：拉链\n适用年龄：1-3岁，6-12个月，3-6岁，6-9岁，9-12岁，12岁以上\n适用季节：冬季\n上市时间：2018秋季\n适用性别：通用\n安全等级：B',28,1),
('408b3afea8544ee49e8e34fa18d4793c','秋冬新品蕾丝羽绒裤女外穿显瘦双面时尚小香风靴裤修身铅笔棉裤子 8516蕾丝款【粉红色】 L 102至113斤 质量堪比乐町 欧时力 拉夏贝',289,'/upload/5/a/9/2/d/3/8/e/d6c0ca84113cca9b19aaf5139ee7c6a2.jpg','商品毛重：300.00g\n尺码：S，M，L，XL\n流行元素：蕾丝\n内里材质：羽绒\n裤长：长裤\n厚度：加厚\n腰型：中腰\n填充物：白鸭绒\n裤型：铅笔裤\n上市时间：2018冬',8,1),
('40cdd57c78b34dea85eaa65156079d31','女装春夏新品时尚吊带连衣裙I7104104 黑色 6(M)',1079,'/upload/f/6/5/4/5/2/5/7/68f367a2dcd1ffa9d7171346c6dae1ee.jpg','商品毛重：200.00g\n货号：I7104104\n颜色：白色系\n尺码：M\n上市时间：2017春',15,1),
('414ec8c897b3483f891e3f95da73c1f9','W.DoubleuDot达点2018夏季新品韩版女时尚气质针织连衣裙WK7WO831 83酒红色 S',990,'/upload/c/1/e/c/6/e/d/a/40e97d721db543e375f137377f5f0a30.jpg','商品毛重：100.00g\n尺码：S，M\n版型：修身型\n流行元素：撞色\n腰型：高腰\n图案：纯色\n袖长：长袖\n衣门襟：系扣\n适用年龄：25-29周岁\n风格：韩版\n裙长：长裙\n分类：长袖连衣裙\n适用人群：胖mm，少女，轻熟女，成熟\n上市时间：2018冬',29,1),
('4171220d0b314bf8b9194ea098b282c5','针织毛衣女2018秋冬新品加绒加厚半高领宽松套头针织内搭韩版长袖保暖短款长袖毛衣女士高领打底 卡其色加绒 均码',118,'/upload/3/5/8/2/5/6/3/d/03a2680178dff6e1a7c462e5506545e6.jpg','商品毛重：300.00g\n货号：LXFS1240\n厚度：加厚\n领型：半高圆领\n颜色：多色\n适用年龄：25-29周岁\n图案：纯色\n尺码：其它\n组合规格：单件\n衣长：常规款\n主要材质：粘胶纤维\n流行元素：拼接，立体装饰，3D\n袖长：长袖\n袖型：常规\n衣门襟：无扣\n版型：修身型\n款式：套头\n上市时间：2018冬',10,1),
('41c5fc0331ea4e0c80fd4d19da92f6af','2018秋冬情侣装新款韩版撞色套头针织衫男女学生百搭宽松毛衣上衣 白色(不分男女)质量堪比良布 拉夏贝尔 欧时力 3XL',188,'/upload/e/a/d/4/5/c/7/a/ea1a06b2d6dfdcd66de17098febcb29f.jpg','商品毛重：300.00g\n尺码：S，M，L，XL\n领型：圆领\n流行元素：条纹，拼接\n袖长：长袖\n袖型：常规\n风格：通勤\n毛线粗细：常规毛线\n款式：套头\n上市时间：2018秋',8,1),
('41e15a957cc3437ea9f84ebe49528c5d','betu百图黑色微喇叭裤女长裤韩版高腰小脚裤休闲打底裤2018新款 喇叭裤 M',169,'/upload/f/f/e/3/6/f/3/c/eefc4d219d36875fdc47793f79f2f7bc.jpg','商品毛重：1.0kg\n腰型：高腰\n厚度：适中\n流行元素：立体裁剪\n适用年龄：25-29周岁\n裤长：长裤\n裤型：喇叭裤\n弹力：微弹\n上市时间：2018秋',22,1),
('4215bf39d83a4844bcd5c8d573c7026e','恒源祥女装 正品半高领 加厚 大码毛衣女2018秋冬新款韩版宽松 套头针织衫 羊毛衫 打底衫女 灰咖色 L',198,'/upload/0/d/c/0/e/2/b/a/c8c26a2039f9ee16649d5ea4a6feb520.jpg','商品毛重：1.0kg\n衣长：常规款\n领型：半高领\n袖长：长袖\n袖型：常规\n主要材质：羊毛\n版型：宽松型\n款式：套头\n上市时间：2018秋',13,1),
('429abdf5dfdd4482a0c8924bde7c977a','新品卫衣2018新款女长袖韩版宽松连帽薄款运动超火夏秋季套头卫衣套装 黑色(史努比) S',298,'/upload/4/8/8/f/9/7/b/b/86326e0d5b247a888a380c949bb29db2.jpg','商品毛重：300.00g\n货号：574678347263\n组合规格：两件套\n版型：宽松型\n厚度：薄款\n领型：连帽\n袖型：常规\n衣长：常规款\n颜色：黑色系，灰色系，红色系，白色系，蓝色系，粉色系\n袖长：长袖\n衣门襟：拉链\n适用年龄：18-24周岁\n主要材质：棉\n图案：卡通动漫\n风格：韩版\n款式：套头\n上市时间：2018冬',19,1),
('42a0544595ba4e04a49178145a173f08','络裳秀2018秋冬新款毛衣女装时尚上衣宽松加厚保暖套头半高领针织衫女B5730 卡其色（加绒） 均码',98,'/upload/1/b/1/8/c/3/4/7/8621cd687dfc47b1d5ef12727bf9ce58.jpg','商品毛重：500.00g\n厚度：适中\n颜色：多色\n适用年龄：18-24周岁\n图案：植物花卉\n尺码：均码\n组合规格：单件\n衣长：常规款\n主要材质：聚酯纤维\n流行元素：绣花\n袖长：长袖\n袖型：常规\n衣门襟：无扣\n版型：直筒型\n款式：套头\n上市时间：2018秋',11,1),
('42fde304c0ef4d1dada7a0127823c4a6','针织毛衣女2018秋冬新品加绒加厚半高领宽松套头针织内搭韩版长袖保暖短款长袖毛衣女士高领打底 卡其色加绒 均码',118,'/upload/e/c/0/b/4/2/3/3/03a2680178dff6e1a7c462e5506545e6.jpg','商品毛重：300.00g\n货号：LXFS1240\n厚度：加厚\n领型：半高圆领\n颜色：多色\n适用年龄：25-29周岁\n图案：纯色\n尺码：其它\n组合规格：单件\n衣长：常规款\n主要材质：粘胶纤维\n流行元素：拼接，立体装饰，3D\n袖长：长袖\n袖型：常规\n衣门襟：无扣\n版型：修身型\n款式：套头\n上市时间：2018冬',10,1),
('431c9535ffda47da9f54011d43c7a1b4','新品卫衣2018新款女长袖韩版宽松连帽薄款运动超火夏秋季套头卫衣套装 黑色(史努比) S',298,'/upload/e/f/1/9/5/b/3/2/86326e0d5b247a888a380c949bb29db2.jpg','商品毛重：300.00g\n货号：574678347263\n组合规格：两件套\n版型：宽松型\n厚度：薄款\n领型：连帽\n袖型：常规\n衣长：常规款\n颜色：黑色系，灰色系，红色系，白色系，蓝色系，粉色系\n袖长：长袖\n衣门襟：拉链\n适用年龄：18-24周岁\n主要材质：棉\n图案：卡通动漫\n风格：韩版\n款式：套头\n上市时间：2018冬',19,1),
('432d686f3245443eb50c09d69b4e13a8','女童连帽夹克外套2018春秋新品童装女孩运动休闲上衣中大童外套潮 质量堪比迪士尼 笛莎 童泰 波司登 史努比 140cm',146,'/upload/4/d/e/b/1/6/3/d/90318939b42d91ad6e2a4e4a898cecc2.jpg','商品毛重：1.0kg\n领型：连帽\n衣门襟：拉链\n适用年龄：0-1岁\n适用性别：女童\n适用季节：春秋\n分类：其它\n款式：长款\n上市时间：2018秋',19,1),
('43dfaffcded549b4954d481225704ab1','童装女童套装男童秋冬装加绒加厚保暖罗纹卫衣外套裤子打底衫休闲儿童运动服中大童小孩衣服校服 红色 160(建议身高146-155cm)',138,'/upload/7/4/6/1/e/5/f/9/0df9a37e79450694a96494d348ed2bc0.jpg','商品毛重：1.0kg\n货号：男女童罗纹卫衣三件套\n衣门襟：拉链\n适用年龄：1-3岁，6-12个月，3-6岁，6-9岁，9-12岁，12岁以上\n适用季节：冬季\n上市时间：2018秋季\n适用性别：通用\n安全等级：B',17,1),
('4445da5707b94c3b96db693caf6cfe30','童装女童套装男童秋冬装加绒加厚保暖罗纹卫衣外套裤子打底衫休闲儿童运动服中大童小孩衣服校服 红色 160(建议身高146-155cm)',138,'/upload/5/1/b/e/3/3/a/3/0df9a37e79450694a96494d348ed2bc0.jpg','商品毛重：1.0kg\n货号：男女童罗纹卫衣三件套\n衣门襟：拉链\n适用年龄：1-3岁，6-12个月，3-6岁，6-9岁，9-12岁，12岁以上\n适用季节：冬季\n上市时间：2018秋季\n适用性别：通用\n安全等级：B',17,1),
('447e1f795e59493d92b59582e450fb2c','JORYA欣贺卓雅女装2017夏新品优雅条纹蕾丝拼接连衣裙H1001409 黑色 L',1799,'/upload/7/e/1/4/7/2/6/f/c16cc80368793ec29fc4ed1208db2526.jpg','商品毛重：200.00g\n货号：H1001409\n裙型：一步裙\n领型：圆领\n流行元素：蕾丝\n衣门襟：拉链\n袖长：无袖\n袖型：常规\n适用年龄：25-29周岁\n图案：纯色\n裙长：短裙\n分类：背心裙\n版型：直筒型\n上市时间：往',32,1),
('4487ddcdbc1b4aa68ae4602556f104ff','恒源祥针织衫女2018冬季新款韩版长袖套头圆领加厚宽松毛衣外套上衣高领显瘦打底衫女9826 白色 均码',128,'/upload/4/b/2/e/4/0/8/c/7f3f7b7776a5221a9695b10949f7ac01.jpg','商品毛重：300.00g\n尺码：均码\n风格：简约\n厚度：厚款\n领型：高领\n颜色：多色\n袖长：长袖\n袖型：常规\n适用年龄：25-29周岁\n衣长：常规款\n主要材质：其它\n版型：宽松型\n款式：套头\n上市时间：2018冬',16,1),
('44d96a534dad40419e571edbfeb81fd0','2018秋冬情侣装新款韩版撞色套头针织衫男女学生百搭宽松毛衣上衣 白色(不分男女)质量堪比良布 拉夏贝尔 欧时力 3XL',188,'/upload/e/7/5/5/e/5/d/2/ea1a06b2d6dfdcd66de17098febcb29f.jpg','商品毛重：300.00g\n尺码：S，M，L，XL\n领型：圆领\n流行元素：条纹，拼接\n袖长：长袖\n袖型：常规\n风格：通勤\n毛线粗细：常规毛线\n款式：套头\n上市时间：2018秋',8,1),
('45207822a32d4b5ba8e381d15a249889','2018秋冬情侣装新款韩版撞色套头针织衫男女学生百搭宽松毛衣上衣 白色(不分男女)质量堪比良布 拉夏贝尔 欧时力 3XL',188,'/upload/7/b/7/f/c/4/5/1/ea1a06b2d6dfdcd66de17098febcb29f.jpg','商品毛重：300.00g\n尺码：S，M，L，XL\n领型：圆领\n流行元素：条纹，拼接\n袖长：长袖\n袖型：常规\n风格：通勤\n毛线粗细：常规毛线\n款式：套头\n上市时间：2018秋',8,1),
('453bf1a03a1149869453adb646e2420d','童装女童套装男童秋冬装加绒加厚保暖罗纹卫衣外套裤子打底衫休闲儿童运动服中大童小孩衣服校服 红色 160(建议身高146-155cm)',138,'/upload/7/9/d/0/1/2/2/b/0df9a37e79450694a96494d348ed2bc0.jpg','商品毛重：1.0kg\n货号：男女童罗纹卫衣三件套\n衣门襟：拉链\n适用年龄：1-3岁，6-12个月，3-6岁，6-9岁，9-12岁，12岁以上\n适用季节：冬季\n上市时间：2018秋季\n适用性别：通用\n安全等级：B',13,1),
('4561541f50df40b5896cb1614ed42d96','W.DoubleuDot达点2018夏季新品韩版女时尚帅气纯色风衣WW7WR487 83酒红色 S',1490,'/upload/6/0/e/7/3/e/3/8/1ba528641b54ec6061853783841b0c9a.jpg','商品毛重：100.00g\n尺码：S，M\n图案：纯色\n里料材质：其它\n风格：韩版\n上市时间：2018冬',29,1),
('45b252a81ac148c6aa5ce7f7352e949d','甘甘的世界2018秋冬30-40岁中年妈妈知性气质高端连衣裙中长款大码宽松收腰系带显瘦时尚休闲打底裙 黑色 XL',448,'/upload/f/4/3/5/2/8/e/9/4443a50a9b27146e510067e990740a45.jpg','商品毛重：1.0kg\n腰型：高腰\n厚度：适中\n领型：圆领\n颜色：黑色系\n适用年龄：40-49周岁\n图案：纯色\n尺码：L\n组合规格：单件\n版型：宽松型\n廓形：A型\n流行元素：绑带，开衩，口袋，拼接，条纹，腰带，拉链，抽绳，印花\n袖长：长袖\n衣门襟：拉链\n裙型：铅笔裙\n袖型：常规\n裙长：长裙\n分类：长袖连衣裙\n适用人群：胖mm，学生，少女，轻熟女，成熟，亲子，孕妇\n上市时间：2018秋',12,1),
('4618f694e1384c729bc8c6aacf38bf19','betu百图黑色微喇叭裤女长裤韩版高腰小脚裤休闲打底裤2018新款 喇叭裤 M',169,'/upload/a/f/2/8/4/f/d/c/eefc4d219d36875fdc47793f79f2f7bc.jpg','商品毛重：1.0kg\n腰型：高腰\n厚度：适中\n流行元素：立体裁剪\n适用年龄：25-29周岁\n裤长：长裤\n裤型：喇叭裤\n弹力：微弹\n上市时间：2018秋',22,1),
('462692f72c3143838fee95d66968c70f','女士内裤女纯色棉质蕾丝性感小平角裤头女式中腰收腹三角内裤 浅灰+卡其+抹茶绿 M',59,'/upload/d/8/b/f/4/a/e/6/b1bcb99044d70614acdc8778ee5c45db.jpg','商品产地：中国大陆浙江省嘉兴市\n尺码：M，L\n花型：纯色\n颜色：多色\n组合形式：3条装\n款式细节：蕾丝边\n适用人群：青年\n腰型：中腰\n面料：棉质\n功能：收腹\n款式：三角裤\n上市时间：2018年夏',23,1),
('46486011dd104c3b8a31d9167ab6196b','MIKIBANA米可芭娜连帽针织衫女撞色宽松毛衣连衣裙2018秋冬新款 M74 蓝色花 S',899,'/upload/b/6/1/4/3/4/7/e/edaa8a93d189e41dea0b2e794d794416.jpg','商品毛重：500.00g\n货号：M74WP6007\n风格：欧美\n厚度：适中\n领型：连帽\n适用年龄：25-29周岁\n图案：创意趣味\n尺码：S，M，L，XL\n组合规格：单件\n版型：宽松型\n主要材质：腈纶\n廓形：H型\n流行元素：带帽\n袖长：长袖\n袖型：落肩袖\n裙长：短裙\n分类：针织裙\n适用人群：少女\n上市时间：2017冬',24,1),
('46bdd046f252410f9ffe07897f802e78','MIKIBANA 米可芭娜 连衣裙女韩版无袖V领荷叶边裙摆 秋冬新款 M73 藏青 L',699,'/upload/2/0/3/e/c/9/6/2/19525e7f673a3253976422dbe1241cd9.jpg','商品毛重：500.00g\n货号：M73OD1525\n风格：韩版\n领型：V领\n颜色：蓝色系\n适用年龄：25-29周岁\n图案：创意趣味\n尺码：S，M，L，XL\n组合规格：单件\n裙型：A字裙\n主要材质：棉\n流行元素：贴布，刺绣\n袖长：无袖\n袖型：常规\n裙长：中裙\n分类：背心裙\n适用人群：少女\n上市时间：2017秋',24,1),
('47120891c9af46b09c0c0aebac32563c','连衣裙女长袖雪纺中长款裙子 紫色 M',59.9,'/upload/a/9/d/c/5/4/0/9/72beb60e2c1c6eaf55343b058cdd591b.jpg','商品毛重：500.00g\n组合规格：两件套\n流行元素：纱网，拼接，刺绣\n袖长：长袖\n图案：纯色\n裙长：中长裙\n分类：套装裙\n适用人群：成熟\n上市时间：2018秋',15,1),
('478828e9368f4b66b05cf91e2e3ab2bb','2018新款秋冬黑色复古背带裙子女连衣裙配毛衣打底A字裙 黑色 XL',269,'/upload/f/7/4/6/f/3/0/f/5f34b54f83c04631a3796663d0b1ffa3.jpg','商品毛重：200.00g\n货号：Z86254\n风格：街拍，优雅，休闲，简约，韩版，百搭，通勤\n厚度：适中\n颜色：黑色系\n适用年龄：25-29周岁\n图案：纯色\n尺码：XS，S，M，L，XL\n组合规格：单件\n裙型：背带裙\n主要材质：聚酯纤维\n廓形：H型\n流行元素：口袋，纽扣\n袖长：无袖\n版型：修身型\n裙长：中长裙\n分类：背带裙\n适用人群：学生，少女，轻熟女，成熟，亲子\n上市时间：2018冬',17,1),
('47e8ca7f878c401aabee388ee35937ba','童装女童套装男童秋冬装加绒加厚保暖罗纹卫衣外套裤子打底衫休闲儿童运动服中大童小孩衣服校服 红色 160(建议身高146-155cm)',138,'/upload/3/2/5/d/f/e/2/b/0df9a37e79450694a96494d348ed2bc0.jpg','商品毛重：1.0kg\n货号：男女童罗纹卫衣三件套\n衣门襟：拉链\n适用年龄：1-3岁，6-12个月，3-6岁，6-9岁，9-12岁，12岁以上\n适用季节：冬季\n上市时间：2018秋季\n适用性别：通用\n安全等级：B',28,1),
('47f70f527ae6439bb5adbc2fbce8baad','2018冬新款韩版直筒西装领呢子大衣中长款呢大衣ENCIMEI1022C3586 粉 S',328,'/upload/c/0/6/b/7/f/1/7/936de4954c43000c00b068012cfb9e7c.jpg','商品毛重：1.2kg\n货号：ENCIMEI1022C3586\n厚度：适中\n领型：西装领\n颜色：粉色系\n里料图案：纯色\n图案：纯色\n里料材质：涤纶\n尺码：S，M，L，XL\n版型：直筒型\n主要材质：其它\n袖长：长袖\n衣门襟：单排扣\n衣领材质：兔毛领\n袖型：常规\n衣长：中长款\n适用年龄：25-29周岁\n上市时间：2018冬',27,1),
('482cacc9325045f1b8bb3e0796330bda','W.DoubleuDot达点2018夏季新品韩版女简约长袖宽松款衬衫WW6WB531 01白色 S',297,'/upload/e/1/6/9/b/e/2/6/fc90950781f858e20b9bcc078c6358f2.jpg','商品毛重：100.00g\n尺码：S，M\n适用年龄：25-29周岁\n衣长：常规款\n领型：圆领\n袖长：长袖\n风格：百搭\n上市时间：2018冬',29,1),
('4834463c69694869874a9b3f536a49e4','新品卫衣2018新款女长袖韩版宽松连帽薄款运动超火夏秋季套头卫衣套装 黑色(史努比) S',298,'/upload/1/9/f/8/1/0/c/a/86326e0d5b247a888a380c949bb29db2.jpg','商品毛重：300.00g\n货号：574678347263\n组合规格：两件套\n版型：宽松型\n厚度：薄款\n领型：连帽\n袖型：常规\n衣长：常规款\n颜色：黑色系，灰色系，红色系，白色系，蓝色系，粉色系\n袖长：长袖\n衣门襟：拉链\n适用年龄：18-24周岁\n主要材质：棉\n图案：卡通动漫\n风格：韩版\n款式：套头\n上市时间：2018冬',19,1),
('491cd316f0704d3c9ab0110335b37be6','针织衫女2018秋冬季新款女装韩版时尚学生宽松加绒加厚保暖短款长袖毛衣女士上衣打底衫女外套头 白色 均码',99,'/upload/8/a/4/6/5/4/9/d/f4751568d5323fe04c482bad734563ac.jpg','商品毛重：300.00g\n货号：RHW208\n厚度：适中\n领型：圆领\n颜色：多色\n适用年龄：18-24周岁\n图案：几何图案\n尺码：均码\n组合规格：单件\n衣长：常规款\n主要材质：粘胶纤维\n流行元素：刺绣，绣花\n袖长：长袖\n袖型：常规\n衣门襟：无扣\n版型：直筒型\n款式：套头\n上市时间：2018冬',14,1),
('49ebaa4036ab41c891d2caac35b509d4','蓝紫新 连衣裙新品2018冬装大码女装中长款金丝绒包臀裙长袖连衣裙蕾丝加绒加厚打底连衣裙 6786# 咖啡色 XL',139,'/upload/8/2/3/8/4/6/e/e/5b61e2430d0d00f524917b5c4a73a13c.jpg','商品毛重：100.00g\n货号：BH3-319-A-6786-50\n风格：优雅，中性风，韩版\n厚度：厚款\n领型：堆堆领\n颜色：黑色系，红色系\n适用年龄：25-29周岁\n尺码：S，M，L，XL，XXL\n组合规格：单件\n版型：修身型\n廓形：O型\n流行元素：蕾丝，镶钻，烫画\n袖长：长袖\n袖型：常规\n裙型：大摆裙\n裙长：中长裙\n分类：长袖连衣裙\n适用人群：胖mm，少女，轻熟女，成熟，亲子\n上市时间：2018冬',11,1),
('4a266571c236491db61f8ea62cbde13f','AIVEI欣贺艾薇2018秋新款修身蝴蝶结雪纺拼接女连衣裙K0560016 黑色 S',789,'/upload/4/f/9/d/5/6/b/7/596acb5f14a69b7f53faf089046ecb13.jpg','商品毛重：100.00g\n尺码：S\n主要材质：涤纶\n领型：娃娃领\n流行元素：拼接\n颜色：黑色系\n袖长：长袖\n衣门襟：拉链\n适用年龄：25-29周岁\n图案：纯色\n裙长：短裙\n袖型：喇叭袖\n裙型：A字裙\n腰型：高',15,1),
('4a54bb8525f94517b3305fb160dcd6b1','蓝紫新 连衣裙新品2018冬装大码女装中长款金丝绒包臀裙长袖连衣裙蕾丝加绒加厚打底连衣裙 6786# 咖啡色 XL',139,'/upload/9/2/4/9/d/8/b/7/5b61e2430d0d00f524917b5c4a73a13c.jpg','商品毛重：100.00g\n货号：BH3-319-A-6786-50\n风格：优雅，中性风，韩版\n厚度：厚款\n领型：堆堆领\n颜色：黑色系，红色系\n适用年龄：25-29周岁\n尺码：S，M，L，XL，XXL\n组合规格：单件\n版型：修身型\n廓形：O型\n流行元素：蕾丝，镶钻，烫画\n袖长：长袖\n袖型：常规\n裙型：大摆裙\n裙长：中长裙\n分类：长袖连衣裙\n适用人群：胖mm，少女，轻熟女，成熟，亲子\n上市时间：2018冬',11,1),
('4a76ea054c2b4316b87bbbec602dbd00','睡衣女秋季长袖韩版纯色简约甜美清新学生春秋家居服套装 JZ1952史努比 关注店铺送小礼品',98,'/upload/0/5/c/2/3/2/6/b/15225b3e7caa50e875bac4a936f745c2.jpg','商品毛重：100.00g\n款型：套头\n厚度：超薄\n领型：V领\n颜色：灰色系，红色系，白色系，蓝色系，粉色系，多色\n材质：纯棉\n图案：纯色\n尺码：M，L，XL，XXL\n组合规格：其它\n袖长：长袖\n衣门襟：套头\n裤长：长裤\n是否可外穿：其它\n裙长：长裙\n款式：套装\n适用人群：女士\n适用季节：秋',19,1),
('4ab26d6ae82545e79cd9292a5229018d','连衣裙新品2018冬装大码女装中长款金丝绒包臀裙长袖连衣裙蕾丝加绒加厚打底连衣裙 6786# 咖啡色 XL',139,'/upload/3/6/5/3/5/2/8/1/5b61e2430d0d00f524917b5c4a73a13c.jpg','商品毛重：100.00g\n货号：BH3-319-A-6786-50\n风格：优雅，中性风，韩版\n厚度：厚款\n领型：堆堆领\n颜色：黑色系，红色系\n适用年龄：25-29周岁\n尺码：S，M，L，XL，XXL\n组合规格：单件\n版型：修身型\n廓形：O型\n流行元素：蕾丝，镶钻，烫画\n袖长：长袖\n袖型：常规\n裙型：大摆裙\n裙长：中长裙\n分类：长袖连衣裙\n适用人群：胖mm，少女，轻熟女，成熟，亲子\n上市时间：2018冬',11,1),
('4b00e3e483d74b7f890a502dbccde608','MOCO个性木耳边装饰高领长袖针织衫MA173TOP204 moco 祖母绿色 L',419,'/upload/c/d/d/f/2/1/c/e/28f17cd384dc1269d9ada8c7e753cae9.jpg','商品毛重：300.00g\n组合规格：单件\n厚度：适中\n领型：高领\n袖长：长袖\n适用年龄：25-29周岁\n版型：修身型\n主要材质：其它\n衣长：常规款\n款式：套头\n上市时间：2017秋',9,1),
('4b117d05f6bd4c3cbae511ff32730ae2','2018秋冬内搭针织连衣裙女甜美假两件打底冬裙 白色 160/84A',472.6,'/upload/0/8/1/a/4/5/e/6/ff07d7c87fb638df46963d946c0b813c.jpg','商品毛重：1.0kg\n腰型：中腰\n风格：通勤\n主要材质：腈纶\n廓形：A型\n流行元素：蝴蝶结\n袖长：长袖\n袖型：常规\n适用年龄：25-29周岁\n裙长：中长裙\n裙型：荷叶边裙\n上市时间：2018秋',30,1),
('4b339fee1ed2478d9748b5703d4a5850','童装女童套装男童秋冬装加绒加厚保暖罗纹卫衣外套裤子打底衫休闲儿童运动服中大童小孩衣服校服 红色 160(建议身高146-155cm)',138,'/upload/b/8/2/1/1/b/9/c/0df9a37e79450694a96494d348ed2bc0.jpg','商品毛重：1.0kg\n货号：男女童罗纹卫衣三件套\n衣门襟：拉链\n适用年龄：1-3岁，6-12个月，3-6岁，6-9岁，9-12岁，12岁以上\n适用季节：冬季\n上市时间：2018秋季\n适用性别：通用\n安全等级：B',28,1),
('4b734ea8884e4f35a6d97f3173186634','范思蓝恩 2018新款秋冬黑色复古背带裙子女连衣裙配毛衣打底A字裙 黑色 XL',269,'/upload/9/0/5/b/a/6/1/8/5f34b54f83c04631a3796663d0b1ffa3.jpg','商品毛重：200.00g\n货号：Z86254\n风格：街拍，优雅，休闲，简约，韩版，百搭，通勤\n厚度：适中\n颜色：黑色系\n适用年龄：25-29周岁\n图案：纯色\n尺码：XS，S，M，L，XL\n组合规格：单件\n裙型：背带裙\n主要材质：聚酯纤维\n廓形：H型\n流行元素：口袋，纽扣\n袖长：无袖\n版型：修身型\n裙长：中长裙\n分类：背带裙\n适用人群：学生，少女，轻熟女，成熟，亲子\n上市时间：2018冬',10,1),
('4be4c8d6a4e84534b836bf51a982175f','恒源祥针织连衣裙秋款女装2018新款宽松绑带半高领开叉毛衣中长款打底裙子 咖色 均码',228,'/upload/c/5/c/c/7/3/1/1/dadaf5bee42caf971f75bb224d4139b0.jpg','商品毛重：500.00g\n货号：ASYX711\n袖型：喇叭袖\n版型：修身型\n主要材质：其它\n领型：半高圆领\n衣长：中长款\n厚度：适中\n上市时间：2018冬',16,1),
('4c6a6b79cff44297af7d2ef48e4c6806','童装女童套装男童秋冬装加绒加厚保暖罗纹卫衣外套裤子打底衫休闲儿童运动服中大童小孩衣服校服 红色 160(建议身高146-155cm)',138,'/upload/0/d/e/1/5/2/f/c/0df9a37e79450694a96494d348ed2bc0.jpg','商品毛重：1.0kg\n货号：男女童罗纹卫衣三件套\n衣门襟：拉链\n适用年龄：1-3岁，6-12个月，3-6岁，6-9岁，9-12岁，12岁以上\n适用季节：冬季\n上市时间：2018秋季\n适用性别：通用\n安全等级：B',25,1),
('4c7867dc36494b01852153ff5d792f3a','粉色短款卫衣女秋加绒2018新款连帽长袖韩版早秋ins高腰宽松外套 暗粉 常规款225-CHIKENcdr S',178.2,'/upload/7/c/9/c/6/e/5/e/76577c02a0b5c1808fed007e9c406aba.jpg','商品毛重：100.00g\n尺码：S，M，L\n主要材质：棉\n颜色：黑色系，红色系，白色系，粉色系\n袖长：长袖\n袖型：常规\n适用年龄：18-24周岁\n图案：植物花卉\n版型：宽松型\n款式：套头\n衣长：短',27,1),
('4cde22028a954bc39c06c3fb2c34a399','W.DoubleuDot达点2018春夏新品韩版女简约职场通勤款衬衫WW7AB139 ZZ所有颜色 M',485.8,'/upload/2/f/4/2/6/3/b/9/6b96e0b31f5d6f32b2c7ce75447a2ca7.jpg','商品毛重：100.00g\n尺码：S，M\n领型：其它\n袖长：短袖\n袖型：常规\n适用年龄：25-29周岁\n图案：碎花\n衣长：常规款\n上市时间：2018夏',29,1),
('4d07d35d284f44558d7440d8a6f57899','童装女童套装男童秋冬装加绒加厚保暖罗纹卫衣外套裤子打底衫休闲儿童运动服中大童小孩衣服校服 红色 160(建议身高146-155cm)',138,'/upload/4/a/6/0/3/7/6/8/0df9a37e79450694a96494d348ed2bc0.jpg','商品毛重：1.0kg\n货号：男女童罗纹卫衣三件套\n衣门襟：拉链\n适用年龄：1-3岁，6-12个月，3-6岁，6-9岁，9-12岁，12岁以上\n适用季节：冬季\n上市时间：2018秋季\n适用性别：通用\n安全等级：B',28,1),
('4d64cc3c9a5e4ae7b741c805d37bda50','2018冬新款韩版直筒西装领呢子大衣中长款呢大衣ENCIMEI1022C3586 粉 S',328,'/upload/2/e/6/d/c/9/1/3/936de4954c43000c00b068012cfb9e7c.jpg','商品毛重：1.2kg\n货号：ENCIMEI1022C3586\n厚度：适中\n领型：西装领\n颜色：粉色系\n里料图案：纯色\n图案：纯色\n里料材质：涤纶\n尺码：S，M，L，XL\n版型：直筒型\n主要材质：其它\n袖长：长袖\n衣门襟：单排扣\n衣领材质：兔毛领\n袖型：常规\n衣长：中长款\n适用年龄：25-29周岁\n上市时间：2018冬',27,1),
('4db1c14e03c44db89d4cbcc9cc3cc4bb','茵曼2018秋装新款翻领绣花宽松复古短款牛仔外套女【18830$42249】 桔子黄 S',299,'/upload/0/5/4/d/0/1/7/d/1705ad59d7b6a5dae18bced113f71753.jpg','商品毛重：1.0kg\n组合规格：单件\n类型：牛仔外套\n领型：POLO领\n流行元素：花边\n衣门襟：系带\n袖长：长袖\n袖型：常规\n适用年龄：25-29周岁\n主要材质：棉\n图案：其它\n厚度：适中\n版型：宽松型\n上市时间：2018秋',16,1),
('4deba7cc5179431f81ad666a751d30ab','MOCO个性木耳边装饰高领长袖针织衫MA173TOP204 moco 祖母绿色 L',419,'/upload/0/d/f/e/8/1/9/2/28f17cd384dc1269d9ada8c7e753cae9.jpg','商品毛重：300.00g\n组合规格：单件\n厚度：适中\n领型：高领\n袖长：长袖\n适用年龄：25-29周岁\n版型：修身型\n主要材质：其它\n衣长：常规款\n款式：套头\n上市时间：2017秋',9,1),
('4e0f7fc49c6341fa88cbda1c112e8fb3','2018秋冬情侣装新款韩版撞色套头针织衫男女学生百搭宽松毛衣上衣 白色(不分男女)质量堪比良布 拉夏贝尔 欧时力 3XL',188,'/upload/6/e/d/a/3/e/6/1/ea1a06b2d6dfdcd66de17098febcb29f.jpg','商品毛重：300.00g\n尺码：S，M，L，XL\n领型：圆领\n流行元素：条纹，拼接\n袖长：长袖\n袖型：常规\n风格：通勤\n毛线粗细：常规毛线\n款式：套头\n上市时间：2018秋',8,1),
('4fb3a42e769d408781aeafa82097a1d6','AIVEI欣贺艾薇2018秋新款修身蝴蝶结雪纺拼接女连衣裙K0560016 黑色 S',789,'/upload/2/5/8/c/d/7/4/0/596acb5f14a69b7f53faf089046ecb13.jpg','商品毛重：100.00g\n尺码：S\n主要材质：涤纶\n领型：娃娃领\n流行元素：拼接\n颜色：黑色系\n袖长：长袖\n衣门襟：拉链\n适用年龄：25-29周岁\n图案：纯色\n裙长：短裙\n袖型：喇叭袖\n裙型：A字裙\n腰型：高',15,1),
('4ff9f26bfe884f258246bd61d94679c4','AIVEI欣贺艾薇2018秋新款修身蝴蝶结雪纺拼接女连衣裙K0560016 黑色 S',789,'/upload/e/7/6/9/6/d/b/5/596acb5f14a69b7f53faf089046ecb13.jpg','商品毛重：100.00g\n尺码：S\n主要材质：涤纶\n领型：娃娃领\n流行元素：拼接\n颜色：黑色系\n袖长：长袖\n衣门襟：拉链\n适用年龄：25-29周岁\n图案：纯色\n裙长：短裙\n袖型：喇叭袖\n裙型：A字裙\n腰型：高',15,1),
('5019f77a2b044b02b324eaba8e9323f0','新品卫衣2018新款女长袖韩版宽松连帽薄款运动超火夏秋季套头卫衣套装 黑色(史努比) S',298,'/upload/8/8/e/6/5/3/b/5/86326e0d5b247a888a380c949bb29db2.jpg','商品毛重：300.00g\n货号：574678347263\n组合规格：两件套\n版型：宽松型\n厚度：薄款\n领型：连帽\n袖型：常规\n衣长：常规款\n颜色：黑色系，灰色系，红色系，白色系，蓝色系，粉色系\n袖长：长袖\n衣门襟：拉链\n适用年龄：18-24周岁\n主要材质：棉\n图案：卡通动漫\n风格：韩版\n款式：套头\n上市时间：2018冬',19,1),
('515ac0b4d90c441eb9b706dc22f84f67','燚媗jessyline杰西莱2018秋冬季慵懒风毛衣女套头 韩国学生宽松针织衫 米白色 XS/155',1484,'/upload/8/7/0/5/4/5/b/8/a4f6b3f82f08641ee205a71958b764fd.jpg','商品毛重：500.00g\n尺码：XS，S，M，L\n适用年龄：18-24周岁\n衣长：常规款\n袖长：长袖\n风格：通勤\n款式：套头\n版型：宽松',16,1),
('523b3d45e5234df78eadeec37b8697e2','冬上新裤冬季大码小脚铅笔裤加绒加厚加大休闲高腰弹力长裤 黑色 XL质量堪比乐町欧时力拉夏贝尔',318,'/upload/8/2/0/1/6/a/8/f/3661c813cecc559254c4eb9829133cf6.jpg','商品毛重：1.0kg\n尺码：M，L，XL\n裤长：长裤\n厚度：加厚\n适用年龄：30-34周岁\n流行元素：条纹，口袋\n腰型：高腰\n上市时间：2018秋',8,1),
('531b7740b0804c3bb81f71817f07df60','范思蓝恩 2018新款秋冬黑色复古背带裙子女连衣裙配毛衣打底A字裙 黑色 XL',269,'/upload/6/2/6/6/c/8/9/4/5f34b54f83c04631a3796663d0b1ffa3.jpg','商品毛重：200.00g\n货号：Z86254\n风格：街拍，优雅，休闲，简约，韩版，百搭，通勤\n厚度：适中\n颜色：黑色系\n适用年龄：25-29周岁\n图案：纯色\n尺码：XS，S，M，L，XL\n组合规格：单件\n裙型：背带裙\n主要材质：聚酯纤维\n廓形：H型\n流行元素：口袋，纽扣\n袖长：无袖\n版型：修身型\n裙长：中长裙\n分类：背带裙\n适用人群：学生，少女，轻熟女，成熟，亲子\n上市时间：2018冬',25,1),
('5388a56c1fe74f5ca7e61b36d0ed21df','茵曼2018秋装新款立领宽松落肩长袖休闲百搭套头毛衣女针织衫【18831$32374】 姜黄色 S',299,'/upload/8/f/9/1/6/4/d/6/191289c3057f3ef09241e78868684d29.jpg','商品毛重：1.0kg\n风格：休闲\n领型：圆领\n流行元素：条纹\n版型：宽松型\n衣长：常规款\n袖长：长袖\n袖型：常规\n衣门襟：拉链\n主要材质：其它\n图案：纯色\n毛线粗细：常规毛线\n款式：套头\n上市时间：2018秋',21,1),
('53be80ba50fc41d986d3f0f4af63b41d','2018冬新款韩版直筒西装领呢子大衣中长款呢大衣ENCIMEI1022C3586 粉 S',328,'/upload/8/a/a/9/e/1/9/d/936de4954c43000c00b068012cfb9e7c.jpg','商品毛重：1.2kg\n货号：ENCIMEI1022C3586\n厚度：适中\n领型：西装领\n颜色：粉色系\n里料图案：纯色\n图案：纯色\n里料材质：涤纶\n尺码：S，M，L，XL\n版型：直筒型\n主要材质：其它\n袖长：长袖\n衣门襟：单排扣\n衣领材质：兔毛领\n袖型：常规\n衣长：中长款\n适用年龄：25-29周岁\n上市时间：2018冬',27,1),
('541c359ab7fe431bb499cbef1a65438c','以白纯官方旗舰店真维丝女装BAGPIPE/风笛秋冬中长款毛衣外套女2018冬季新款开衫潮韩版修身显 粉色 S',668.5,'/upload/f/9/d/0/a/5/1/a/a46751c42e297ade25bd35f04328b0c1.jpg','商品毛重：1.0kg\n尺码：S，M，L，XL\n袖长：长袖\n风格：韩版\n款式：开衫\n上市时间：2018冬',21,1),
('5458dce8d35f4380b5d458da0d7c0863','毛衣女2018秋冬季新款女装韩版宽松加绒加厚中长款长袖女士针织衫女上衣打底衫女外套头连衣裙针织 米白 M',118,'/upload/d/2/f/a/f/f/4/6/8f0666dfd8868ba40ca0d6cd912f54aa.jpg','商品毛重：300.00g\n货号：M1316\n组合规格：单件\n风格：韩版\n厚度：适中\n领型：圆领\n颜色：多色\n袖长：长袖\n袖型：常规\n适用年龄：18-24周岁\n衣长：中长款\n图案：纯色\n版型：修身型\n款式：套头\n上市时间：2018秋',12,1),
('54a7072f8fd94982809c7f7d8433796c','连衣裙新品2018冬装大码女装中长款金丝绒包臀裙长袖连衣裙蕾丝加绒加厚打底连衣裙 6786# 咖啡色 XL',139,'/upload/f/4/d/7/5/b/3/c/5b61e2430d0d00f524917b5c4a73a13c.jpg','商品毛重：100.00g\n货号：BH3-319-A-6786-50\n风格：优雅，中性风，韩版\n厚度：厚款\n领型：堆堆领\n颜色：黑色系，红色系\n适用年龄：25-29周岁\n尺码：S，M，L，XL，XXL\n组合规格：单件\n版型：修身型\n廓形：O型\n流行元素：蕾丝，镶钻，烫画\n袖长：长袖\n袖型：常规\n裙型：大摆裙\n裙长：中长裙\n分类：长袖连衣裙\n适用人群：胖mm，少女，轻熟女，成熟，亲子\n上市时间：2018冬',11,1),
('54e85697064c40a09b8ae66d29c5b1fa','童装女童套装男童秋冬装加绒加厚保暖罗纹卫衣外套裤子打底衫休闲儿童运动服中大童小孩衣服校服 红色 160(建议身高146-155cm)',138,'/upload/2/5/b/c/6/a/e/4/0df9a37e79450694a96494d348ed2bc0.jpg','商品毛重：1.0kg\n货号：男女童罗纹卫衣三件套\n衣门襟：拉链\n适用年龄：1-3岁，6-12个月，3-6岁，6-9岁，9-12岁，12岁以上\n适用季节：冬季\n上市时间：2018秋季\n适用性别：通用\n安全等级：B',13,1),
('550f7322de21467dad01663ae86bd2c3','xg雪歌女装2018冬装新款韩版宽松中长款针织衫长袖慵懒风毛衣连衣裙子 卡其 34/155/S',854,'/upload/4/d/b/7/9/6/e/f/0b2065d80fe865a141266ab882d44573.jpg','商品毛重：1.0kg\n腰型：中腰\n主要材质：锦纶\n流行元素：纽扣\n袖长：长袖\n袖型：常规\n适用年龄：30-34周岁\n图案：纯色\n适用人群：轻熟女\n裙长：中',20,1),
('562e9348ec324ab7be92cf4c2659247e','针织毛衣女2018秋冬新品加绒加厚半高领宽松套头针织内搭韩版长袖保暖短款长袖毛衣女士高领打底 卡其色加绒 均码',118,'/upload/4/3/9/8/e/e/5/d/03a2680178dff6e1a7c462e5506545e6.jpg','商品毛重：300.00g\n货号：LXFS1240\n厚度：加厚\n领型：半高圆领\n颜色：多色\n适用年龄：25-29周岁\n图案：纯色\n尺码：其它\n组合规格：单件\n衣长：常规款\n主要材质：粘胶纤维\n流行元素：拼接，立体装饰，3D\n袖长：长袖\n袖型：常规\n衣门襟：无扣\n版型：修身型\n款式：套头\n上市时间：2018冬',14,1),
('567f4090b77b4a56b3ffd4b42ac8f5a5','茵曼2018夏装新款橡筋腰净色全棉百搭宽松八分休闲裤女【18820$90502】 宝蓝色 25',95.4,'/upload/0/0/1/7/9/a/f/2/8ded18a30b83f37ac75df8b21fd0bbb5.jpg','商品毛重：300.00g\n腰型：松紧腰\n厚度：适中\n适用年龄：25-29周岁\n裤长：七分裤\n裤型：直筒裤\n主要材质：棉\n弹力：无弹力\n上市时间：2018夏',26,1),
('56b159ecb60d47829c9ca843fb338a2f','AIVEI欣贺艾薇夏季新品时尚简约圆领纯属短色T恤衫女K0160040 粉色 M',161,'/upload/7/7/5/7/d/d/3/3/3afd747bbcf5181d9b09379caa61ef21.jpg','商品毛重：100.00g\n尺码：S\n领型：圆领\n袖长：短袖\n袖型：常规袖\n适用年龄：25-29周岁\n风格：甜美\n衣长：常规款\n上市时间：2018夏',15,1),
('56de9f7a3d4f466ca73fda98d536676f','季候风2018冬季新款时尚通勤圆领中长款条纹针织长袖连衣裙女6844OA146 花兰MU2 M/160',548,'/upload/b/3/4/3/3/f/d/c/c469a72e34a9228385c6f73a1b3f2d2f.jpg','商品毛重：430.00g\n腰型：宽松腰\n风格：休闲，运动\n厚度：适中\n领型：圆领\n流行元素：条纹\n版型：直筒型\n裙型：包臀裙\n袖长：长袖\n袖型：常规\n适用年龄：25-29周岁\n主要材质：棉\n裙长：短裙\n分类：长袖连衣裙\n适用人群：少女\n上市时间：2018冬',31,1),
('5771fb2296504cd9be25444aba77d455','优洛莎 2018冬季新款时尚名媛气质修身圆领刺绣连衣裙 P9546 黑色 XL',168,'/upload/a/a/4/6/b/2/8/4/e3990c4904015a00ff58b38104208357.jpg','商品毛重：350.00g\n货号：P9546\n组合规格：单件\n裙型：A字裙\n领型：圆领\n袖长：长袖\n裙长：中长裙\n适用年龄：35-39周岁\n风格：通勤\n图案：其它\n分类：长袖连衣裙\n版型：修身型\n上市时间：2018冬',28,1),
('582539dcef4b455cb19b0e0e47d5fd4c','恒源祥女装 正品半高领 加厚 大码毛衣女2018秋冬新款韩版宽松 套头针织衫 羊毛衫 打底衫女 灰咖色 L',198,'/upload/a/4/4/c/4/0/3/8/c8c26a2039f9ee16649d5ea4a6feb520.jpg','商品毛重：1.0kg\n衣长：常规款\n领型：半高领\n袖长：长袖\n袖型：常规\n主要材质：羊毛\n版型：宽松型\n款式：套头\n上市时间：2018秋',10,1),
('58a4afa31e7d4bd9ab24e507f12981fa','针织毛衣女2018秋冬新品加绒加厚半高领宽松套头针织内搭韩版长袖保暖短款长袖毛衣女士高领打底 卡其色加绒 均码',118,'/upload/d/1/8/e/3/c/5/6/03a2680178dff6e1a7c462e5506545e6.jpg','商品毛重：300.00g\n货号：LXFS1240\n厚度：加厚\n领型：半高圆领\n颜色：多色\n适用年龄：25-29周岁\n图案：纯色\n尺码：其它\n组合规格：单件\n衣长：常规款\n主要材质：粘胶纤维\n流行元素：拼接，立体装饰，3D\n袖长：长袖\n袖型：常规\n衣门襟：无扣\n版型：修身型\n款式：套头\n上市时间：2018冬',10,1),
('58a9195fbf9d49d5b2bb291e3207d54b','针织衫女2018秋冬季新款女装韩版时尚学生宽松加绒加厚保暖短款长袖毛衣女士上衣打底衫女外套头 白色 均码',99,'/upload/b/8/9/0/f/1/5/9/f4751568d5323fe04c482bad734563ac.jpg','商品毛重：300.00g\n货号：RHW208\n厚度：适中\n领型：圆领\n颜色：多色\n适用年龄：18-24周岁\n图案：几何图案\n尺码：均码\n组合规格：单件\n衣长：常规款\n主要材质：粘胶纤维\n流行元素：刺绣，绣花\n袖长：长袖\n袖型：常规\n衣门襟：无扣\n版型：直筒型\n款式：套头\n上市时间：2018冬',14,1),
('58beb060c672499db8b26ab385a0631b','粉色短款卫衣女秋加绒2018新款连帽长袖韩版早秋ins高腰宽松外套 暗粉 常规款225-CHIKENcdr S',169.2,'/upload/3/d/2/d/e/3/2/2/ef88d46531da2d7f722b41294cf256b6.jpg','商品毛重：100.00g\n尺码：S，M，L\n主要材质：棉\n颜色：黑色系，红色系，白色系，粉色系\n袖长：长袖\n袖型：常规\n适用年龄：18-24周岁\n图案：植物花卉\n版型：宽松型\n款式：套头\n衣长：短',27,1),
('5949bde320f54b619e572f6a855105b6','范思蓝恩 2018新款秋冬黑色复古背带裙子女连衣裙配毛衣打底A字裙 黑色 XL',269,'/upload/7/0/2/9/0/2/2/5/5f34b54f83c04631a3796663d0b1ffa3.jpg','商品毛重：200.00g\n货号：Z86254\n风格：街拍，优雅，休闲，简约，韩版，百搭，通勤\n厚度：适中\n颜色：黑色系\n适用年龄：25-29周岁\n图案：纯色\n尺码：XS，S，M，L，XL\n组合规格：单件\n裙型：背带裙\n主要材质：聚酯纤维\n廓形：H型\n流行元素：口袋，纽扣\n袖长：无袖\n版型：修身型\n裙长：中长裙\n分类：背带裙\n适用人群：学生，少女，轻熟女，成熟，亲子\n上市时间：2018冬',7,1),
('5ac2d0a48d1248258e73ae1c9afb2741','prich 2018秋冬内搭针织连衣裙女甜美假两件打底冬裙PROK87901M 白色 165/88A',359.28,'/upload/5/3/d/e/9/4/8/d/845bfcac01aea9a670cea14bcb8ec946.jpg','商品毛重：100.00g\n腰型：中腰\n领型：围巾领\n颜色：白色系\n适用年龄：25-29周岁\n图案：其它\n尺码：155，160，165，170\n组合规格：单件\n裙型：荷叶边裙\n主要材质：腈纶\n廓形：A型\n流行元素：蝴蝶结\n袖长：长袖\n衣门襟：无扣\n裙长：长裙\n分类：长袖连衣裙\n袖型：常',30,1),
('5ae0336f690f4276aa531502cc0bcae2','JORYA欣贺卓雅女装2017夏新品优雅V领一粒扣蕾丝连衣裙H1200601 黑色 M',1199,'/upload/0/e/7/6/1/b/8/0/3f75289fe1f1286efa815b2e537f4d3d.jpg','商品毛重：200.00g\n货号：H1200601\n版型：宽松型\n领型：V领\n流行元素：波点\n颜色：黑色系\n袖长：无袖\n袖型：常规\n适用年龄：25-29周岁\n图案：纯色\n裙长：中长裙\n分类：背心裙\n腰型：中腰\n上市时间：往',32,1),
('5ae8e88c80bf4f63af8d8dfa073e55ce','恒源祥羊毛衫女高领时尚百搭打底针织衫韩版套头毛衣 深红 M',198,'/upload/e/e/6/5/0/f/d/4/52197d5ede3b44e087dffd12c0d0ddc2.jpg','商品毛重：400.00g\n货号：08XD8888\n风格：百搭，甜美，简约，休闲\n厚度：适中\n领型：高领\n流行元素：拼接\n颜色：黑色系，红色系，白色系，灰色系，多色\n袖长：长袖\n袖型：常规\n主要材质：羊毛混纺\n衣长：常规款\n图案：纯色\n版型：修身型\n款式：套头\n上市时间：2018秋',21,1),
('5b529a17b3e8414d997915e1b5245697','AIVEI 欣贺艾薇 女装春夏新品 时尚大气连衣裙I7103503 黑白 6(M)',819,'/upload/9/9/8/d/d/e/d/9/fa4325959786c4fc35ef8a88a9d5192b.jpg','商品毛重：200.00g\n货号：I7103503\n裙长：短裙\n尺码：M\n上市时间：2017春',15,1),
('5b8be7d03d6c4332a6fdb56fa5af2ad7','晞薇 毛衣女2018秋冬季新款女装韩版宽松加绒加厚中长款长袖女士针织衫女上衣打底衫女外套头连衣裙针织 米白 M',118,'/upload/5/8/8/5/9/1/e/9/8f0666dfd8868ba40ca0d6cd912f54aa.jpg','商品毛重：300.00g\n货号：M1316\n组合规格：单件\n风格：韩版\n厚度：适中\n领型：圆领\n颜色：多色\n袖长：长袖\n袖型：常规\n适用年龄：18-24周岁\n衣长：中长款\n图案：纯色\n版型：修身型\n款式：套头\n上市时间：2018秋',12,1),
('5c703b2c3aa24029857143e06a681915','2018加绒加厚时尚气质显瘦打底裤 黑色 XL',68,'/upload/8/b/7/1/7/3/c/7/69be0cf4a536ec8d7e09eaeeac2858d3.jpg','商品毛重：500.00g\n裤长：长',28,1),
('5d1baa55fe9547f2bd7d0ec73bb8efe9','2018加绒加厚时尚气质显瘦打底裤 黑色 XL',68,'/upload/d/e/f/f/7/6/a/0/69be0cf4a536ec8d7e09eaeeac2858d3.jpg','商品毛重：500.00g\n裤长：长',7,1),
('5d348d2c3f164f74a54d5e88c8e3c27f','童装女童套装男童秋冬装加绒加厚保暖罗纹卫衣外套裤子打底衫休闲儿童运动服中大童小孩衣服校服 红色 160(建议身高146-155cm)',138,'/upload/b/1/5/0/3/9/2/5/0df9a37e79450694a96494d348ed2bc0.jpg','商品毛重：1.0kg\n货号：男女童罗纹卫衣三件套\n衣门襟：拉链\n适用年龄：1-3岁，6-12个月，3-6岁，6-9岁，9-12岁，12岁以上\n适用季节：冬季\n上市时间：2018秋季\n适用性别：通用\n安全等级：B',7,1),
('5d34f763fd984aecb1a3bf2a6b675353','童装女童套装男童秋冬装加绒加厚保暖罗纹卫衣外套裤子打底衫休闲儿童运动服中大童小孩衣服校服 红色 160(建议身高146-155cm)',138,'/upload/c/f/e/6/9/f/d/2/0df9a37e79450694a96494d348ed2bc0.jpg','商品毛重：1.0kg\n货号：男女童罗纹卫衣三件套\n衣门襟：拉链\n适用年龄：1-3岁，6-12个月，3-6岁，6-9岁，9-12岁，12岁以上\n适用季节：冬季\n上市时间：2018秋季\n适用性别：通用\n安全等级：B',25,1),
('5d3e2641f0ef4a5dbd70ffa204bc7de7','连衣裙新品2018冬装大码女装中长款金丝绒包臀裙长袖连衣裙蕾丝加绒加厚打底连衣裙 6786# 咖啡色 XL',139,'/upload/9/a/7/1/0/2/8/8/5b61e2430d0d00f524917b5c4a73a13c.jpg','商品毛重：100.00g\n货号：BH3-319-A-6786-50\n风格：优雅，中性风，韩版\n厚度：厚款\n领型：堆堆领\n颜色：黑色系，红色系\n适用年龄：25-29周岁\n尺码：S，M，L，XL，XXL\n组合规格：单件\n版型：修身型\n廓形：O型\n流行元素：蕾丝，镶钻，烫画\n袖长：长袖\n袖型：常规\n裙型：大摆裙\n裙长：中长裙\n分类：长袖连衣裙\n适用人群：胖mm，少女，轻熟女，成熟，亲子\n上市时间：2018冬',11,1),
('5d443ce0772f4dda98e09d23cda67509','针织毛衣女2018秋冬新品加绒加厚半高领宽松套头针织内搭韩版长袖保暖短款长袖毛衣女士高领打底 卡其色加绒 均码',118,'/upload/0/e/d/9/b/8/9/a/03a2680178dff6e1a7c462e5506545e6.jpg','商品毛重：300.00g\n货号：LXFS1240\n厚度：加厚\n领型：半高圆领\n颜色：多色\n适用年龄：25-29周岁\n图案：纯色\n尺码：其它\n组合规格：单件\n衣长：常规款\n主要材质：粘胶纤维\n流行元素：拼接，立体装饰，3D\n袖长：长袖\n袖型：常规\n衣门襟：无扣\n版型：修身型\n款式：套头\n上市时间：2018冬',10,1),
('5d713001868e4673b80e3c60c7de249a','2018秋冬情侣装新款韩版撞色套头针织衫男女学生百搭宽松毛衣上衣 白色(不分男女)质量堪比良布 拉夏贝尔 欧时力 3XL',188,'/upload/b/4/1/4/f/1/3/8/ea1a06b2d6dfdcd66de17098febcb29f.jpg','商品毛重：300.00g\n尺码：S，M，L，XL\n领型：圆领\n流行元素：条纹，拼接\n袖长：长袖\n袖型：常规\n风格：通勤\n毛线粗细：常规毛线\n款式：套头\n上市时间：2018秋',8,1),
('5dbd3205234340e191aeab2408867344','新品卫衣2018新款女长袖韩版宽松连帽薄款运动超火夏秋季套头卫衣套装 黑色(史努比) S',298,'/upload/d/2/1/1/3/b/1/3/86326e0d5b247a888a380c949bb29db2.jpg','商品毛重：300.00g\n货号：574678347263\n组合规格：两件套\n版型：宽松型\n厚度：薄款\n领型：连帽\n袖型：常规\n衣长：常规款\n颜色：黑色系，灰色系，红色系，白色系，蓝色系，粉色系\n袖长：长袖\n衣门襟：拉链\n适用年龄：18-24周岁\n主要材质：棉\n图案：卡通动漫\n风格：韩版\n款式：套头\n上市时间：2018冬',19,1),
('5e7057aa3dea438495ed9e05f4dd6360','MIKIBANA 米可芭娜 连衣裙女韩版无袖V领荷叶边裙摆 秋冬新款 M73 藏青 L',699,'/upload/e/1/9/f/2/8/a/0/19525e7f673a3253976422dbe1241cd9.jpg','商品毛重：500.00g\n货号：M73OD1525\n风格：韩版\n领型：V领\n颜色：蓝色系\n适用年龄：25-29周岁\n图案：创意趣味\n尺码：S，M，L，XL\n组合规格：单件\n裙型：A字裙\n主要材质：棉\n流行元素：贴布，刺绣\n袖长：无袖\n袖型：常规\n裙长：中裙\n分类：背心裙\n适用人群：少女\n上市时间：2017秋',24,1),
('5f6689b62be6468082da76ca231ac9f8','2018冬新款韩版直筒西装领呢子大衣中长款呢大衣ENCIMEI1022C3586 粉 S',328,'/upload/e/a/c/5/d/8/d/6/936de4954c43000c00b068012cfb9e7c.jpg','商品毛重：1.2kg\n货号：ENCIMEI1022C3586\n厚度：适中\n领型：西装领\n颜色：粉色系\n里料图案：纯色\n图案：纯色\n里料材质：涤纶\n尺码：S，M，L，XL\n版型：直筒型\n主要材质：其它\n袖长：长袖\n衣门襟：单排扣\n衣领材质：兔毛领\n袖型：常规\n衣长：中长款\n适用年龄：25-29周岁\n上市时间：2018冬',27,1),
('5fceacd0626e490e9a9b4bb9cad24ace','2018冬新款韩版直筒西装领呢子大衣中长款呢大衣ENCIMEI1022C3586 粉 S',328,'/upload/6/2/d/7/4/a/d/a/936de4954c43000c00b068012cfb9e7c.jpg','商品毛重：1.2kg\n货号：ENCIMEI1022C3586\n厚度：适中\n领型：西装领\n颜色：粉色系\n里料图案：纯色\n图案：纯色\n里料材质：涤纶\n尺码：S，M，L，XL\n版型：直筒型\n主要材质：其它\n袖长：长袖\n衣门襟：单排扣\n衣领材质：兔毛领\n袖型：常规\n衣长：中长款\n适用年龄：25-29周岁\n上市时间：2018冬',27,1),
('5fd2619385a9483d9ccc99b569c8f78b','淑女屋女装专柜美丽衣橱旗舰店2018秋冬季新款艾薇兰熙连衣裙 红白条黑色不加绒 M',338,'/upload/d/d/2/a/5/1/a/b/32e345d233654dc3032e6e605f706989.jpg','商品毛重：300.00g\n货号：580510133991\n厚度：加厚\n领型：圆领\n颜色：黑色系，灰色系，红色系，绿色系，白色系\n适用年龄：18-24周岁\n图案：竖条纹\n尺码：M，L，XL，XXL\n组合规格：单件\n衣长：长款\n主要材质：棉\n流行元素：拼接，蕾丝拼接，条纹\n袖长：长袖\n袖型：包袖\n衣门襟：拉链\n版型：修身型\n款式：开衫\n上市时间：2018冬',15,1),
('60675d843a21478e8f892261ad2b536a','2018年冬装新玩味彩色格子花呢大衣中长款毛呢外套女 桃红 165/88A',90,'/upload/a/7/3/b/a/9/1/b/71127ff1591b1d759a7e2a1b41912b2a.jpg','商品毛重：1.0kg\n里料图案：格子\n流行元素：格子\n衣长：中长款\n上市时间：2018冬',18,1),
('60841b6d79cf4be9928c553d0e082d75','童装女童套装男童秋冬装加绒加厚保暖罗纹卫衣外套裤子打底衫休闲儿童运动服中大童小孩衣服校服 红色 160(建议身高146-155cm)',138,'/upload/a/7/b/1/4/4/e/a/0df9a37e79450694a96494d348ed2bc0.jpg','商品毛重：1.0kg\n货号：男女童罗纹卫衣三件套\n衣门襟：拉链\n适用年龄：1-3岁，6-12个月，3-6岁，6-9岁，9-12岁，12岁以上\n适用季节：冬季\n上市时间：2018秋季\n适用性别：通用\n安全等级：B',7,1),
('619c43d4e23d4b8cb6a590011ce00ec8','xg雪歌女装2018冬装新款中长套头显瘦港味复古针织长袖拼接印花连衣裙 灰色 36/160/M',854,'/upload/d/e/4/a/c/6/7/3/ad5d72abed0af02bd2a78afd9ac91cd7.jpg','商品毛重：1.0kg\n腰型：高腰\n风格：简约，百搭\n主要材质：锦纶\n领型：立领\n流行元素：亮片，绣花，钉珠，印花\n袖长：长袖\n袖型：常规\n适用年龄：30-34周岁\n裙长：中裙\n图案：碎花\n裙型：不规则\n适用人群：轻熟女\n版型：修身',20,1),
('61d78cd647544337ab57cb08ef6ad2df','xg雪歌女装2018冬装新款韩版宽松中长款针织衫长袖慵懒风毛衣连衣裙子 卡其 34/155/S',854,'/upload/9/a/a/b/0/d/e/9/0b2065d80fe865a141266ab882d44573.jpg','商品毛重：1.0kg\n腰型：中腰\n主要材质：锦纶\n流行元素：纽扣\n袖长：长袖\n袖型：常规\n适用年龄：30-34周岁\n图案：纯色\n适用人群：轻熟女\n裙长：中',20,1),
('620492f4afe64bfc9e25f1e7f5798af5','童装女童套装男童秋冬装加绒加厚保暖罗纹卫衣外套裤子打底衫休闲儿童运动服中大童小孩衣服校服 红色 160(建议身高146-155cm)',138,'/upload/7/9/3/2/3/7/c/5/0df9a37e79450694a96494d348ed2bc0.jpg','商品毛重：1.0kg\n货号：男女童罗纹卫衣三件套\n衣门襟：拉链\n适用年龄：1-3岁，6-12个月，3-6岁，6-9岁，9-12岁，12岁以上\n适用季节：冬季\n上市时间：2018秋季\n适用性别：通用\n安全等级：B',7,1),
('6322d15c4757402e85d2f47fadd682e2','2018冬新款韩版直筒西装领呢子大衣中长款呢大衣ENCIMEI1022C3586 粉 S',328,'/upload/7/3/2/c/4/f/a/d/936de4954c43000c00b068012cfb9e7c.jpg','商品毛重：1.2kg\n货号：ENCIMEI1022C3586\n厚度：适中\n领型：西装领\n颜色：粉色系\n里料图案：纯色\n图案：纯色\n里料材质：涤纶\n尺码：S，M，L，XL\n版型：直筒型\n主要材质：其它\n袖长：长袖\n衣门襟：单排扣\n衣领材质：兔毛领\n袖型：常规\n衣长：中长款\n适用年龄：25-29周岁\n上市时间：2018冬',27,1),
('6385114eb1f643d08b13ac9c5170c53b','纤衣良品2018秋装新款秋季女装打底毛衣裙过膝D10079 灰色 XL-在线付款免邮',178,'/upload/4/a/3/b/2/e/1/f/86e3a3803eee399b005e113e3cce12ab.jpg','商品毛重：500.00',17,1),
('63956685b77b402d82291adb4eb90da4','AIVEI欣贺艾薇2018秋新款修身蝴蝶结雪纺拼接女连衣裙K0560016 黑色 S',789,'/upload/b/5/0/9/8/e/1/5/596acb5f14a69b7f53faf089046ecb13.jpg','商品毛重：100.00g\n尺码：S\n主要材质：涤纶\n领型：娃娃领\n流行元素：拼接\n颜色：黑色系\n袖长：长袖\n衣门襟：拉链\n适用年龄：25-29周岁\n图案：纯色\n裙长：短裙\n袖型：喇叭袖\n裙型：A字裙\n腰型：高',15,1),
('64ac4844132e490491173a322e86cfc1','百图腾品牌女装2018秋冬新款韩版修身套头针织衫女半高领加绒加厚毛衣打底衫7086 黑色 L',169,'/upload/d/6/b/b/3/b/f/7/670060510578630f50b4b773c0710bb6.jpg','商品毛重：100.00g\n货号：6楼F620-7086\n组合规格：单件\n风格：通勤\n厚度：厚款\n领型：半高领\n颜色：黑色系，白色系\n袖长：长袖\n袖型：常规\n适用年龄：25-29周岁\n衣长：短款\n图案：纯色\n版型：修身型\n款式：套头\n上市时间：2018冬',22,1),
('64c029a8fd2049719a4e623547300ffd','陌随连衣裙2018秋冬新款女装秋季新款韩版秋装女时尚套装女士性感蕾丝长袖针织连衣裙两件套套装裙子 图片色 M',169,'/upload/7/e/f/e/5/c/9/e/3cb2fbd040bb248b6144d68ddce8b6bd.jpg','商品毛重：500.00g\n腰型：中腰\n厚度：适中\n领型：圆领\n颜色：多色\n适用年龄：30-34周岁\n图案：纯色，其它\n尺码：S，M，L，XL，XXL\n组合规格：两件套\n版型：修身型\n主要材质：聚酯纤维\n廓形：A型\n流行元素：拼接\n袖长：长袖\n衣门襟：无扣\n裙型：A字裙\n袖型：常规\n裙长：中长裙\n分类：套装裙\n适用人群：轻熟女\n上市时间：2018秋',14,1),
('6520c99ef5b945ba86633e50663f72b8','童装女童套装男童秋冬装加绒加厚保暖罗纹卫衣外套裤子打底衫休闲儿童运动服中大童小孩衣服校服 红色 160(建议身高146-155cm)',138,'/upload/e/b/3/f/d/3/0/e/0df9a37e79450694a96494d348ed2bc0.jpg','商品毛重：1.0kg\n货号：男女童罗纹卫衣三件套\n衣门襟：拉链\n适用年龄：1-3岁，6-12个月，3-6岁，6-9岁，9-12岁，12岁以上\n适用季节：冬季\n上市时间：2018秋季\n适用性别：通用\n安全等级：B',7,1),
('6530d0aae6b84910a8c38b89b39a091f','童装女童套装男童秋冬装加绒加厚保暖罗纹卫衣外套裤子打底衫休闲儿童运动服中大童小孩衣服校服 红色 160(建议身高146-155cm)',138,'/upload/4/9/b/4/b/4/c/a/0df9a37e79450694a96494d348ed2bc0.jpg','商品毛重：1.0kg\n货号：男女童罗纹卫衣三件套\n衣门襟：拉链\n适用年龄：1-3岁，6-12个月，3-6岁，6-9岁，9-12岁，12岁以上\n适用季节：冬季\n上市时间：2018秋季\n适用性别：通用\n安全等级：B',17,1),
('65d68f7afff5474bbbf4217b284a63e1','xg雪歌女装2018冬装新款韩版宽松中长款针织衫长袖慵懒风毛衣连衣裙子 卡其 34/155/S',854,'/upload/f/1/f/6/4/d/6/6/0b2065d80fe865a141266ab882d44573.jpg','商品毛重：1.0kg\n腰型：中腰\n主要材质：锦纶\n流行元素：纽扣\n袖长：长袖\n袖型：常规\n适用年龄：30-34周岁\n图案：纯色\n适用人群：轻熟女\n裙长：中',20,1),
('666830051ffa49cc802955013ba4347a','棉衣棉服女2018冬季新款大码宽松小个子连帽保暖羽绒棉服女加厚棉袄外套女装T-102-2015 铁锈红 M',159,'/upload/c/1/e/7/5/1/b/6/baeca3e0676b970af486017eedbe0e9b.jpg','商品毛重：1.0kg\n尺码：S，M，L，XL\n风格：通勤\n厚度：加厚\n领型：连帽\n流行元素：拉链，口袋\n衣长：短款\n袖型：常规\n袖长：长袖\n衣门襟：拉链\n适用年龄：25-29周岁\n主要材质：棉\n图案：纯色\n填充物：羽绒棉\n款式：常规\n上市时间：2018冬',31,1),
('66ad2ef23ed84c57bdde9a0614f1bc15','童装女童套装男童秋冬装加绒加厚保暖罗纹卫衣外套裤子打底衫休闲儿童运动服中大童小孩衣服校服 红色 160(建议身高146-155cm)',138,'/upload/0/b/8/3/0/b/9/8/0df9a37e79450694a96494d348ed2bc0.jpg','商品毛重：1.0kg\n货号：男女童罗纹卫衣三件套\n衣门襟：拉链\n适用年龄：1-3岁，6-12个月，3-6岁，6-9岁，9-12岁，12岁以上\n适用季节：冬季\n上市时间：2018秋季\n适用性别：通用\n安全等级：B',28,1),
('67395a73fd914edba690088a30d5ae7e','xg雪歌女装2018冬装新款韩版宽松中长款针织衫长袖慵懒风毛衣连衣裙子 卡其 34/155/S',854,'/upload/b/0/d/d/9/7/a/e/0b2065d80fe865a141266ab882d44573.jpg','商品毛重：1.0kg\n腰型：中腰\n主要材质：锦纶\n流行元素：纽扣\n袖长：长袖\n袖型：常规\n适用年龄：30-34周岁\n图案：纯色\n适用人群：轻熟女\n裙长：中',20,1),
('6783866b6cbd4185b721fe4d4294d461','MIKIBANA 米可芭娜 连衣裙女韩版无袖V领荷叶边裙摆 秋冬新款 M73 藏青 L',699,'/upload/3/6/0/e/6/4/0/8/19525e7f673a3253976422dbe1241cd9.jpg','商品毛重：500.00g\n货号：M73OD1525\n风格：韩版\n领型：V领\n颜色：蓝色系\n适用年龄：25-29周岁\n图案：创意趣味\n尺码：S，M，L，XL\n组合规格：单件\n裙型：A字裙\n主要材质：棉\n流行元素：贴布，刺绣\n袖长：无袖\n袖型：常规\n裙长：中裙\n分类：背心裙\n适用人群：少女\n上市时间：2017秋',24,1),
('68132a135f8b48f19a87b1e9fd7ef7e5','xg雪歌秋装女2018新款韩版通勤V领套头长袖高腰显瘦雪纺印花连衣裙子 花色 34/155/S',399,'/upload/4/f/b/d/8/d/0/d/b1d0a1b080a3306c5b73a1c61fba41c6.jpg','商品毛重：1.0kg\n腰型：高腰\n风格：优雅，休闲，简约，百搭\n主要材质：聚酯纤维\n领型：V领\n流行元素：纽扣，拼接，褶皱，印花\n裙型：A字裙\n图案：植物花卉\n袖长：长袖\n衣门襟：系扣\n适用年龄：30-34周岁\n袖型：灯笼袖\n裙长：中裙\n分类：长袖连衣裙\n适用人群：轻熟女\n上市时间：2018秋',20,1),
('684cc444527c410bbb4ac8bb45af4889','甘甘的世界2018秋冬30-40岁中年妈妈知性气质高端连衣裙中长款大码宽松收腰系带显瘦时尚休闲打底裙 黑色 XL',448,'/upload/4/3/0/2/c/8/3/a/4443a50a9b27146e510067e990740a45.jpg','商品毛重：1.0kg\n腰型：高腰\n厚度：适中\n领型：圆领\n颜色：黑色系\n适用年龄：40-49周岁\n图案：纯色\n尺码：L\n组合规格：单件\n版型：宽松型\n廓形：A型\n流行元素：绑带，开衩，口袋，拼接，条纹，腰带，拉链，抽绳，印花\n袖长：长袖\n衣门襟：拉链\n裙型：铅笔裙\n袖型：常规\n裙长：长裙\n分类：长袖连衣裙\n适用人群：胖mm，学生，少女，轻熟女，成熟，亲子，孕妇\n上市时间：2018秋',31,1),
('696e1ae280644be39d1f2b850889ae5b','针织衫女2018秋冬季新款女装韩版时尚学生宽松加绒加厚保暖短款长袖毛衣女士上衣打底衫女外套头 白色 均码',99,'/upload/8/0/6/6/6/a/c/6/f4751568d5323fe04c482bad734563ac.jpg','商品毛重：300.00g\n货号：RHW208\n厚度：适中\n领型：圆领\n颜色：多色\n适用年龄：18-24周岁\n图案：几何图案\n尺码：均码\n组合规格：单件\n衣长：常规款\n主要材质：粘胶纤维\n流行元素：刺绣，绣花\n袖长：长袖\n袖型：常规\n衣门襟：无扣\n版型：直筒型\n款式：套头\n上市时间：2018冬',14,1),
('697ef95b1b1c4738867c5689d7a8ba28','新品卫衣2018新款女长袖韩版宽松连帽薄款运动超火夏秋季套头卫衣套装 黑色(史努比) S',298,'/upload/3/9/c/b/d/b/9/6/86326e0d5b247a888a380c949bb29db2.jpg','商品毛重：300.00g\n货号：574678347263\n组合规格：两件套\n版型：宽松型\n厚度：薄款\n领型：连帽\n袖型：常规\n衣长：常规款\n颜色：黑色系，灰色系，红色系，白色系，蓝色系，粉色系\n袖长：长袖\n衣门襟：拉链\n适用年龄：18-24周岁\n主要材质：棉\n图案：卡通动漫\n风格：韩版\n款式：套头\n上市时间：2018冬',19,1),
('6a33f3cfc5714978adc1222dcdf7fce7','针织毛衣女2018秋冬新品加绒加厚半高领宽松套头针织内搭韩版长袖保暖短款长袖毛衣女士高领打底 卡其色加绒 均码',118,'/upload/4/c/8/b/f/6/4/8/03a2680178dff6e1a7c462e5506545e6.jpg','商品毛重：300.00g\n货号：LXFS1240\n厚度：加厚\n领型：半高圆领\n颜色：多色\n适用年龄：25-29周岁\n图案：纯色\n尺码：其它\n组合规格：单件\n衣长：常规款\n主要材质：粘胶纤维\n流行元素：拼接，立体装饰，3D\n袖长：长袖\n袖型：常规\n衣门襟：无扣\n版型：修身型\n款式：套头\n上市时间：2018冬',10,1),
('6a75a8dd3c5b475a9e924b950823434f','AIVEI欣贺艾薇2018秋新款修身蝴蝶结雪纺拼接女连衣裙K0560016 黑色 S',789,'/upload/7/3/2/e/c/c/4/1/596acb5f14a69b7f53faf089046ecb13.jpg','商品毛重：100.00g\n尺码：S\n主要材质：涤纶\n领型：娃娃领\n流行元素：拼接\n颜色：黑色系\n袖长：长袖\n衣门襟：拉链\n适用年龄：25-29周岁\n图案：纯色\n裙长：短裙\n袖型：喇叭袖\n裙型：A字裙\n腰型：高',15,1),
('6aa2b3d9345c4111ae78518e535df897','商场直发马克华菲女装2018圆领短袖开边羊毛针织衫套头衫 370浅粉 M',539,'/upload/e/9/6/a/e/2/8/3/e9a1ac3542581cace70a2f07d2fc4660.jpg','商品毛重：1.0kg\n组合规格：单件\n厚度：薄款\n领型：圆领\n流行元素：贴布\n风格：韩版\n主要材质：其它\n袖长：短袖\n衣门襟：拉链\n适用年龄：18-24周岁\n袖型：灯笼袖\n图案：碎花\n版型：修身型\n款式：套头\n上市时间：2018秋',23,1),
('6aef6877cc474bd096eea8ba16e92f2a','GENANX闪电潮牌连帽毛呢大衣情侣装学院风宽松长款灰色呢子外套2018冬季新品 浅灰色 S',798,'/upload/0/2/e/4/0/2/8/1/e635f535f4823d11ee2362a212fa6e36.jpg','商品毛重：1.0kg\n尺码：S，M，L，XL，XXL\n版型：宽松型\n厚度：常规\n领型：连帽\n流行元素：多口袋\n图案：字母\n颜色：灰色\n面料：聚酯纤维\n衣门襟：单排扣\n风格：嘻哈风格\n主要材质：涤纶\n基础风格：青春流行\n衣长：长款\n适用人群：青年\n上市时间：2018冬',23,1),
('6b36a5370ca14b0680b3056f0f981f37','针织衫女2018秋冬季新款女装韩版时尚学生宽松加绒加厚保暖短款长袖毛衣女士上衣打底衫女外套头 白色 均码',99,'/upload/b/2/9/0/4/1/e/9/f4751568d5323fe04c482bad734563ac.jpg','商品毛重：300.00g\n货号：RHW208\n厚度：适中\n领型：圆领\n颜色：多色\n适用年龄：18-24周岁\n图案：几何图案\n尺码：均码\n组合规格：单件\n衣长：常规款\n主要材质：粘胶纤维\n流行元素：刺绣，绣花\n袖长：长袖\n袖型：常规\n衣门襟：无扣\n版型：直筒型\n款式：套头\n上市时间：2018冬',14,1),
('6b5a965a74ac4da2910ed2a21feb6236','SQI BETU TE叁仟 百图 腾女装连衣裙 官方旗舰店秋冬新款韩版针织连衣裙女中长款显 一步裙 图片色 S',198,'/upload/4/8/5/e/2/7/b/8/72f1b1300af4a1759fa4ef1d323a747f.jpg','商品毛重：100.00g\n货号：LUYING--HR9388-C615\n组合规格：单件\n版型：修身型\n领型：一字领\n流行元素：拼接\n袖长：长袖\n袖型：常规\n衣门襟：无扣\n腰型：高腰\n裙长：中裙\n风格：欧美\n适用人群：学生，轻熟女\n裙型：一步',22,1),
('6b8595e9665549998b039177b0c7025d','童装女童套装男童秋冬装加绒加厚保暖罗纹卫衣外套裤子打底衫休闲儿童运动服中大童小孩衣服校服 红色 160(建议身高146-155cm)',138,'/upload/a/9/3/a/c/a/1/e/0df9a37e79450694a96494d348ed2bc0.jpg','商品毛重：1.0kg\n货号：男女童罗纹卫衣三件套\n衣门襟：拉链\n适用年龄：1-3岁，6-12个月，3-6岁，6-9岁，9-12岁，12岁以上\n适用季节：冬季\n上市时间：2018秋季\n适用性别：通用\n安全等级：B',7,1),
('6c38011356e347e29f93cd18feb65f31','xzoo针织连衣裙2018长袖秋季套装女新品韩版女装毛衣两件套套装裙子女 灰色套装 L',188,'/upload/7/8/1/6/1/9/1/0/9fe5463ebdf98949531adb5f64637d8c.jpg','商品毛重：500.00g\n腰型：高腰\n厚度：适中\n领型：V领\n适用年龄：25-29周岁\n图案：纯色\n尺码：S，M，L，XL\n组合规格：两件套\n裙型：A字裙\n主要材质：聚酯纤维\n廓形：A型\n流行元素：拼色\n袖长：长袖\n袖型：灯笼袖\n衣门襟：系扣\n版型：A字型\n裙长：长裙\n分类：套装裙\n适用人群：轻熟女\n上市时间：2018秋',7,1),
('6d1b2795276a4b2885ef678aef9b8b83','恒源祥羊毛衫女圆领2017秋冬新款厚针织衫纯羊毛纯色打底毛衣 粉红 160/S',358,'/upload/8/5/8/2/2/0/5/8/d6f54902a7203a4ae66b3f544d48e004.jpg','商品毛重：400.00g\n风格：简约\n领型：圆领\n颜色：其它\n图案：纯色\n尺码：S，M，L\n衣长：常规款\n主要材质：羊毛\n流行元素：其它\n成分含量：95%以上\n袖长：长袖\n袖型：其它\n版型：直筒型\n衣门襟：其它\n毛线粗细：常规毛线\n分类：羊毛衫\n款式：套头\n上市时间：2017冬',21,1),
('6d3fdb674db845ddac78e982129ecc46','新品卫衣2018新款女长袖韩版宽松连帽薄款运动超火夏秋季套头卫衣套装 黑色(史努比) S',298,'/upload/0/1/a/6/6/d/3/0/86326e0d5b247a888a380c949bb29db2.jpg','商品毛重：300.00g\n货号：574678347263\n组合规格：两件套\n版型：宽松型\n厚度：薄款\n领型：连帽\n袖型：常规\n衣长：常规款\n颜色：黑色系，灰色系，红色系，白色系，蓝色系，粉色系\n袖长：长袖\n衣门襟：拉链\n适用年龄：18-24周岁\n主要材质：棉\n图案：卡通动漫\n风格：韩版\n款式：套头\n上市时间：2018冬',19,1),
('6d72c09eb0984bd5a831c49680a4a72c','新品卫衣2018新款女长袖韩版宽松连帽薄款运动超火夏秋季套头卫衣套装 黑色(史努比) S',298,'/upload/a/9/b/0/5/c/7/5/86326e0d5b247a888a380c949bb29db2.jpg','商品毛重：300.00g\n货号：574678347263\n组合规格：两件套\n版型：宽松型\n厚度：薄款\n领型：连帽\n袖型：常规\n衣长：常规款\n颜色：黑色系，灰色系，红色系，白色系，蓝色系，粉色系\n袖长：长袖\n衣门襟：拉链\n适用年龄：18-24周岁\n主要材质：棉\n图案：卡通动漫\n风格：韩版\n款式：套头\n上市时间：2018冬',19,1),
('6de5f7e4a9ec4346862bd6e98ba8019b','毛衣女2018秋冬季新款女装韩版宽松加绒加厚中长款长袖女士针织衫女上衣打底衫女外套头连衣裙针织 米白 M',118,'/upload/8/e/3/8/b/3/8/6/8f0666dfd8868ba40ca0d6cd912f54aa.jpg','商品毛重：300.00g\n货号：M1316\n组合规格：单件\n风格：韩版\n厚度：适中\n领型：圆领\n颜色：多色\n袖长：长袖\n袖型：常规\n适用年龄：18-24周岁\n衣长：中长款\n图案：纯色\n版型：修身型\n款式：套头\n上市时间：2018秋',12,1),
('6e18268714aa4ef3a7f10efa75c8998d','秋冬中长款大码优雅复古时尚女人味ROEM 18秋冬款韩版修身收腰气质碎花圆领长袖连衣裙CHIC 海军蓝 160/84A',597.26,'/upload/1/5/2/1/0/d/0/f/8d9b79f10e292e48c06e8fccd17582d8.jpg','商品毛重：100.00g\n尺码：160，165，170\n主要材质：涤纶\n领型：圆领\n袖长：长袖\n裙长：中长裙\n图案：碎花\n腰型：中腰\n廓形：A型\n风格：通',26,1),
('6efd7de2dc6e47099facbe711f5f34ad','xg雪歌女装2018冬装新款韩版宽松中长款针织衫长袖慵懒风毛衣连衣裙子 卡其 34/155/S',854,'/upload/6/b/2/d/b/7/9/1/0b2065d80fe865a141266ab882d44573.jpg','商品毛重：1.0kg\n腰型：中腰\n主要材质：锦纶\n流行元素：纽扣\n袖长：长袖\n袖型：常规\n适用年龄：30-34周岁\n图案：纯色\n适用人群：轻熟女\n裙长：中',20,1),
('6f274b7cb3df4ee1bc733a8cc2c0c6a4','W.DoubleuDot达点2018夏季新品韩版女简约休闲职业款短裤WW7WL642 10黑色 S',690,'/upload/f/4/d/0/0/5/a/2/bff439bd9d6574b27720eec32bee8ed4.jpg','商品毛重：100.00g\n尺码：S，M\n风格：韩版，简约，休闲\n上市时间：2018冬',29,1),
('6f3ab496e71d4732b55585df278ddb69','短外套女鹿皮绒羊羔毛机车外套棉服女潮2018冬季新款140 军绿色 XL',389,'/upload/8/b/f/1/b/0/b/d/0468580354c24f0edf77b03cd5bcb11b.jpg','商品毛重：100.00g\n货号：GB-HRYZ140-E526A\n组合规格：单件\n风格：英伦风，学院风\n类型：其它\n领型：翻领\n流行元素：拼接\n衣门襟：拉链\n版型：修身型\n袖长：长袖\n袖型：常规\n适用年龄：18-24周岁\n衣领材质：其它\n图案：纯色\n主要材质：粗花呢\n厚度：厚款\n上市时间：2018冬',22,1),
('6fcc299564994384a4e8d5d2b82603fb','连衣裙新品2018冬装大码女装中长款金丝绒包臀裙长袖连衣裙蕾丝加绒加厚打底连衣裙 6786# 咖啡色 XL',139,'/upload/a/f/c/6/4/b/2/a/5b61e2430d0d00f524917b5c4a73a13c.jpg','商品毛重：100.00g\n货号：BH3-319-A-6786-50\n风格：优雅，中性风，韩版\n厚度：厚款\n领型：堆堆领\n颜色：黑色系，红色系\n适用年龄：25-29周岁\n尺码：S，M，L，XL，XXL\n组合规格：单件\n版型：修身型\n廓形：O型\n流行元素：蕾丝，镶钻，烫画\n袖长：长袖\n袖型：常规\n裙型：大摆裙\n裙长：中长裙\n分类：长袖连衣裙\n适用人群：胖mm，少女，轻熟女，成熟，亲子\n上市时间：2018冬',11,1),
('6fd3c34597fd4c27b5c83872f96141cd','W.DoubleuDot达点2018夏季新品韩版女时尚帅气纯色风衣WW7WR487 83酒红色 S',1490,'/upload/5/b/9/6/6/f/b/e/1ba528641b54ec6061853783841b0c9a.jpg','商品毛重：100.00g\n尺码：S，M\n图案：纯色\n里料材质：其它\n风格：韩版\n上市时间：2018冬',29,1),
('712a77fff3804d898975649d4b6f3a68','针织衫女2018秋冬季新款女装韩版时尚学生宽松加绒加厚保暖短款长袖毛衣女士上衣打底衫女外套头 白色 均码',99,'/upload/1/d/0/0/b/f/8/c/f4751568d5323fe04c482bad734563ac.jpg','商品毛重：300.00g\n货号：RHW208\n厚度：适中\n领型：圆领\n颜色：多色\n适用年龄：18-24周岁\n图案：几何图案\n尺码：均码\n组合规格：单件\n衣长：常规款\n主要材质：粘胶纤维\n流行元素：刺绣，绣花\n袖长：长袖\n袖型：常规\n衣门襟：无扣\n版型：直筒型\n款式：套头\n上市时间：2018冬',14,1),
('71dc1e9e99e94859beed92b301735f02','针织毛衣女2018秋冬新品加绒加厚半高领宽松套头针织内搭韩版长袖保暖短款长袖毛衣女士高领打底 卡其色加绒 均码',118,'/upload/b/4/0/a/0/0/8/3/03a2680178dff6e1a7c462e5506545e6.jpg','商品毛重：300.00g\n货号：LXFS1240\n厚度：加厚\n领型：半高圆领\n颜色：多色\n适用年龄：25-29周岁\n图案：纯色\n尺码：其它\n组合规格：单件\n衣长：常规款\n主要材质：粘胶纤维\n流行元素：拼接，立体装饰，3D\n袖长：长袖\n袖型：常规\n衣门襟：无扣\n版型：修身型\n款式：套头\n上市时间：2018冬',12,1),
('72836fbcc59d4abca30c2f500fe3331a','童装女童套装男童秋冬装加绒加厚保暖罗纹卫衣外套裤子打底衫休闲儿童运动服中大童小孩衣服校服 红色 160(建议身高146-155cm)',138,'/upload/b/2/e/7/3/7/4/c/0df9a37e79450694a96494d348ed2bc0.jpg','商品毛重：1.0kg\n货号：男女童罗纹卫衣三件套\n衣门襟：拉链\n适用年龄：1-3岁，6-12个月，3-6岁，6-9岁，9-12岁，12岁以上\n适用季节：冬季\n上市时间：2018秋季\n适用性别：通用\n安全等级：B',13,1),
('72fa963027dc489aa6e0b265901f6ec4','针织衫女2018秋冬季新款女装韩版时尚学生宽松加绒加厚保暖短款长袖毛衣女士上衣打底衫女外套头 白色 均码',99,'/upload/b/8/9/7/3/c/7/6/f4751568d5323fe04c482bad734563ac.jpg','商品毛重：300.00g\n货号：RHW208\n厚度：适中\n领型：圆领\n颜色：多色\n适用年龄：18-24周岁\n图案：几何图案\n尺码：均码\n组合规格：单件\n衣长：常规款\n主要材质：粘胶纤维\n流行元素：刺绣，绣花\n袖长：长袖\n袖型：常规\n衣门襟：无扣\n版型：直筒型\n款式：套头\n上市时间：2018冬',14,1),
('731b67ef6d2d4018aca60b5bc589024e','毛衣女2018秋冬季新款女装韩版宽松加绒加厚中长款长袖女士针织衫女上衣打底衫女外套头连衣裙针织 米白 M',118,'/upload/7/f/f/d/1/e/3/b/8f0666dfd8868ba40ca0d6cd912f54aa.jpg','商品毛重：300.00g\n货号：M1316\n组合规格：单件\n风格：韩版\n厚度：适中\n领型：圆领\n颜色：多色\n袖长：长袖\n袖型：常规\n适用年龄：18-24周岁\n衣长：中长款\n图案：纯色\n版型：修身型\n款式：套头\n上市时间：2018秋',12,1),
('744afe6f5f544e9baa2a488b0ea5e6aa','2018加绒加厚时尚气质显瘦打底裤 黑色 XL',68,'/upload/0/8/c/a/b/e/a/e/69be0cf4a536ec8d7e09eaeeac2858d3.jpg','商品毛重：500.00g\n裤长：长',12,1),
('7471e50a72534923a9f8aea6ae29e121','AIVEI欣贺艾薇2018秋新款修身蝴蝶结雪纺拼接女连衣裙K0560016 黑色 S',789,'/upload/2/a/1/3/7/1/d/6/596acb5f14a69b7f53faf089046ecb13.jpg','商品毛重：100.00g\n尺码：S\n主要材质：涤纶\n领型：娃娃领\n流行元素：拼接\n颜色：黑色系\n袖长：长袖\n衣门襟：拉链\n适用年龄：25-29周岁\n图案：纯色\n裙长：短裙\n袖型：喇叭袖\n裙型：A字裙\n腰型：高',15,1),
('74906e4b7bfd402f9e72c1d022d1731d','新品卫衣2018新款女长袖韩版宽松连帽薄款运动超火夏秋季套头卫衣套装 黑色(史努比) S',298,'/upload/4/d/6/8/b/c/3/f/86326e0d5b247a888a380c949bb29db2.jpg','商品毛重：300.00g\n货号：574678347263\n组合规格：两件套\n版型：宽松型\n厚度：薄款\n领型：连帽\n袖型：常规\n衣长：常规款\n颜色：黑色系，灰色系，红色系，白色系，蓝色系，粉色系\n袖长：长袖\n衣门襟：拉链\n适用年龄：18-24周岁\n主要材质：棉\n图案：卡通动漫\n风格：韩版\n款式：套头\n上市时间：2018冬',19,1),
('7491456419e64df9b8a1276ebdb568d8','优洛莎 2018冬季新款时尚名媛气质修身圆领刺绣连衣裙 P9546 黑色 XL',168,'/upload/9/9/7/0/b/5/3/b/e3990c4904015a00ff58b38104208357.jpg','商品毛重：350.00g\n货号：P9546\n组合规格：单件\n裙型：A字裙\n领型：圆领\n袖长：长袖\n裙长：中长裙\n适用年龄：35-39周岁\n风格：通勤\n图案：其它\n分类：长袖连衣裙\n版型：修身型\n上市时间：2018冬',25,1),
('74992084d8294ca5911faa8b7272998c','2018秋冬情侣装新款韩版撞色套头针织衫男女学生百搭宽松毛衣上衣 白色(不分男女)质量堪比良布 拉夏贝尔 欧时力 3XL',188,'/upload/a/2/4/b/4/d/4/3/ea1a06b2d6dfdcd66de17098febcb29f.jpg','商品毛重：300.00g\n尺码：S，M，L，XL\n领型：圆领\n流行元素：条纹，拼接\n袖长：长袖\n袖型：常规\n风格：通勤\n毛线粗细：常规毛线\n款式：套头\n上市时间：2018秋',8,1),
('75007dbc9a93403f90cc63ad778a66fa','xg雪歌女装2018冬装新款韩版宽松中长款针织衫长袖慵懒风毛衣连衣裙子 卡其 34/155/S',854,'/upload/7/2/6/2/d/2/f/b/0b2065d80fe865a141266ab882d44573.jpg','商品毛重：1.0kg\n腰型：中腰\n主要材质：锦纶\n流行元素：纽扣\n袖长：长袖\n袖型：常规\n适用年龄：30-34周岁\n图案：纯色\n适用人群：轻熟女\n裙长：中',20,1),
('753190c23a3148c8bad13f40743c1874','MOCO个性木耳边装饰高领长袖针织衫MA173TOP204 moco 祖母绿色 L',419,'/upload/e/0/5/7/f/5/8/9/28f17cd384dc1269d9ada8c7e753cae9.jpg','商品毛重：300.00g\n组合规格：单件\n厚度：适中\n领型：高领\n袖长：长袖\n适用年龄：25-29周岁\n版型：修身型\n主要材质：其它\n衣长：常规款\n款式：套头\n上市时间：2017秋',9,1),
('75532a8ecf2749079924a1d2873085b1','童装秋冬男女童加绒打底衫儿童双面绒毛衣0-5岁宝宝套头卫衣小孩子的小孩子的小孩 黄色 062绣花史努比 120（14码适合113公分左右）',70,'/upload/4/d/9/f/2/c/f/1/077924174d5535cd5d8f3d491808aaf4.jpg','商品毛重：100.00g\n风格：百搭\n是否带帽子：无\n图案：卡通动漫\n衣门襟：套头\n适用年龄：0-1岁\n适用性别：中性\n适用季节：春秋\n毛线粗细：细毛线\n安全等级：B类\n上市时间：2018秋',19,1),
('759001be625441689e5734eb7353b741','季候风2018冬季新款时尚通勤圆领中长款条纹针织长袖连衣裙女6844OA146 花兰MU2 M/160',548,'/upload/d/1/f/b/f/3/0/5/c469a72e34a9228385c6f73a1b3f2d2f.jpg','商品毛重：430.00g\n腰型：宽松腰\n风格：休闲，运动\n厚度：适中\n领型：圆领\n流行元素：条纹\n版型：直筒型\n裙型：包臀裙\n袖长：长袖\n袖型：常规\n适用年龄：25-29周岁\n主要材质：棉\n裙长：短裙\n分类：长袖连衣裙\n适用人群：少女\n上市时间：2018冬',31,1),
('75b158f2cccd4be7857b62fd2e04e7b1','童装女童套装男童秋冬装加绒加厚保暖罗纹卫衣外套裤子打底衫休闲儿童运动服中大童小孩衣服校服 红色 160(建议身高146-155cm)',138,'/upload/f/3/e/5/2/6/c/f/0df9a37e79450694a96494d348ed2bc0.jpg','商品毛重：1.0kg\n货号：男女童罗纹卫衣三件套\n衣门襟：拉链\n适用年龄：1-3岁，6-12个月，3-6岁，6-9岁，9-12岁，12岁以上\n适用季节：冬季\n上市时间：2018秋季\n适用性别：通用\n安全等级：B',25,1),
('76202ae3f5a94d5490c8e5a5fcac636e','童装女童套装男童秋冬装加绒加厚保暖罗纹卫衣外套裤子打底衫休闲儿童运动服中大童小孩衣服校服 红色 160(建议身高146-155cm)',138,'/upload/b/8/3/0/5/2/f/f/0df9a37e79450694a96494d348ed2bc0.jpg','商品毛重：1.0kg\n货号：男女童罗纹卫衣三件套\n衣门襟：拉链\n适用年龄：1-3岁，6-12个月，3-6岁，6-9岁，9-12岁，12岁以上\n适用季节：冬季\n上市时间：2018秋季\n适用性别：通用\n安全等级：B',25,1),
('76322ef7c9ce4713a761d928eeb3a909','xzoo针织连衣裙2018长袖秋季套装女新品韩版女装毛衣两件套套装裙子女 灰色套装 L',188,'/upload/9/c/5/9/e/e/7/7/9fe5463ebdf98949531adb5f64637d8c.jpg','商品毛重：500.00g\n腰型：高腰\n厚度：适中\n领型：V领\n适用年龄：25-29周岁\n图案：纯色\n尺码：S，M，L，XL\n组合规格：两件套\n裙型：A字裙\n主要材质：聚酯纤维\n廓形：A型\n流行元素：拼色\n袖长：长袖\n袖型：灯笼袖\n衣门襟：系扣\n版型：A字型\n裙长：长裙\n分类：套装裙\n适用人群：轻熟女\n上市时间：2018秋',28,1),
('7675687906c041dfa071db88b127cde0','连衣裙新品2018冬装大码女装中长款金丝绒包臀裙长袖连衣裙蕾丝加绒加厚打底连衣裙 6786# 咖啡色 XL',139,'/upload/3/8/0/b/c/d/0/0/5b61e2430d0d00f524917b5c4a73a13c.jpg','商品毛重：100.00g\n货号：BH3-319-A-6786-50\n风格：优雅，中性风，韩版\n厚度：厚款\n领型：堆堆领\n颜色：黑色系，红色系\n适用年龄：25-29周岁\n尺码：S，M，L，XL，XXL\n组合规格：单件\n版型：修身型\n廓形：O型\n流行元素：蕾丝，镶钻，烫画\n袖长：长袖\n袖型：常规\n裙型：大摆裙\n裙长：中长裙\n分类：长袖连衣裙\n适用人群：胖mm，少女，轻熟女，成熟，亲子\n上市时间：2018冬',11,1),
('77165ecff0474d2b93115a228274d5d8','betu百图黑色微喇叭裤女长裤韩版高腰小脚裤休闲打底裤2018新款 喇叭裤 M',169,'/upload/6/8/3/5/e/e/c/0/eefc4d219d36875fdc47793f79f2f7bc.jpg','商品毛重：1.0kg\n腰型：高腰\n厚度：适中\n流行元素：立体裁剪\n适用年龄：25-29周岁\n裤长：长裤\n裤型：喇叭裤\n弹力：微弹\n上市时间：2018秋',22,1),
('781fe7ced597457b8d72fe66acf21c93','米可芭娜毛针织衫女套头V领灯笼袖宽松毛衣2018秋冬新款 M74 藏青 L',559,'/upload/8/d/9/7/8/a/7/e/ab11b8705f4e6fdc3e233f62e2a4086e.jpg','商品毛重：500.00g\n货号：M74TP6097\n组合规格：单件\n版型：直筒型\n厚度：适中\n领型：V领\n风格：韩版\n主要材质：腈纶\n袖长：长袖\n衣门襟：拉链\n适用年龄：25-29周岁\n袖型：灯笼袖\n图案：卡通动漫\n衣长：常规款\n款式：套头\n上市时间：2017冬',24,1),
('798be56aa3314669bd56239f21bcf0ab','2018冬季新款时尚名媛气质修身圆领刺绣连衣裙 P9546 黑色 XL',168,'/upload/e/e/f/d/6/2/d/9/e3990c4904015a00ff58b38104208357.jpg','商品毛重：350.00g\n货号：P9546\n组合规格：单件\n裙型：A字裙\n领型：圆领\n袖长：长袖\n裙长：中长裙\n适用年龄：35-39周岁\n风格：通勤\n图案：其它\n分类：长袖连衣裙\n版型：修身型\n上市时间：2018冬',13,1),
('79d855d48b7c4b1184def6eb2fe60468','季候风2018冬季新款时尚通勤圆领中长款条纹针织长袖连衣裙女6844OA146 花兰MU2 M/160',548,'/upload/7/4/3/e/a/9/e/c/c469a72e34a9228385c6f73a1b3f2d2f.jpg','商品毛重：430.00g\n腰型：宽松腰\n风格：休闲，运动\n厚度：适中\n领型：圆领\n流行元素：条纹\n版型：直筒型\n裙型：包臀裙\n袖长：长袖\n袖型：常规\n适用年龄：25-29周岁\n主要材质：棉\n裙长：短裙\n分类：长袖连衣裙\n适用人群：少女\n上市时间：2018冬',31,1),
('7a2fd75546a6418eb9d05878039b30f9','2018冬新款韩版直筒西装领呢子大衣中长款呢大衣ENCIMEI1022C3586 粉 S',328,'/upload/4/9/3/a/5/1/2/5/936de4954c43000c00b068012cfb9e7c.jpg','商品毛重：1.2kg\n货号：ENCIMEI1022C3586\n厚度：适中\n领型：西装领\n颜色：粉色系\n里料图案：纯色\n图案：纯色\n里料材质：涤纶\n尺码：S，M，L，XL\n版型：直筒型\n主要材质：其它\n袖长：长袖\n衣门襟：单排扣\n衣领材质：兔毛领\n袖型：常规\n衣长：中长款\n适用年龄：25-29周岁\n上市时间：2018冬',27,1),
('7a688a89db0244f18a67f1aa5784f6ef','连衣裙新品2018冬装大码女装中长款金丝绒包臀裙长袖连衣裙蕾丝加绒加厚打底连衣裙 6786# 咖啡色 XL',139,'/upload/8/e/1/8/b/7/b/2/5b61e2430d0d00f524917b5c4a73a13c.jpg','商品毛重：100.00g\n货号：BH3-319-A-6786-50\n风格：优雅，中性风，韩版\n厚度：厚款\n领型：堆堆领\n颜色：黑色系，红色系\n适用年龄：25-29周岁\n尺码：S，M，L，XL，XXL\n组合规格：单件\n版型：修身型\n廓形：O型\n流行元素：蕾丝，镶钻，烫画\n袖长：长袖\n袖型：常规\n裙型：大摆裙\n裙长：中长裙\n分类：长袖连衣裙\n适用人群：胖mm，少女，轻熟女，成熟，亲子\n上市时间：2018冬',11,1),
('7a97d35c329f4cfaac59a576e3f186e8','毛衣女2018秋冬季新款女装韩版宽松加绒加厚中长款长袖女士针织衫女上衣打底衫女外套头连衣裙针织 米白 M',118,'/upload/9/e/8/2/c/5/f/1/8f0666dfd8868ba40ca0d6cd912f54aa.jpg','商品毛重：300.00g\n货号：M1316\n组合规格：单件\n风格：韩版\n厚度：适中\n领型：圆领\n颜色：多色\n袖长：长袖\n袖型：常规\n适用年龄：18-24周岁\n衣长：中长款\n图案：纯色\n版型：修身型\n款式：套头\n上市时间：2018秋',12,1),
('7ac27724e40e4d18b97175964c853346','针织衫女2018秋冬季新款女装韩版时尚学生宽松加绒加厚保暖短款长袖毛衣女士上衣打底衫女外套头 白色 均码',99,'/upload/0/b/0/f/f/2/8/f/f4751568d5323fe04c482bad734563ac.jpg','商品毛重：300.00g\n货号：RHW208\n厚度：适中\n领型：圆领\n颜色：多色\n适用年龄：18-24周岁\n图案：几何图案\n尺码：均码\n组合规格：单件\n衣长：常规款\n主要材质：粘胶纤维\n流行元素：刺绣，绣花\n袖长：长袖\n袖型：常规\n衣门襟：无扣\n版型：直筒型\n款式：套头\n上市时间：2018冬',14,1),
('7adc4fb287144c0392466b2760ab3d34','恒源祥女装 正品半高领 加厚 大码毛衣女2018秋冬新款韩版宽松 套头针织衫 羊毛衫 打底衫女 灰咖色 L',198,'/upload/c/b/4/0/d/3/2/d/c8c26a2039f9ee16649d5ea4a6feb520.jpg','商品毛重：1.0kg\n衣长：常规款\n领型：半高领\n袖长：长袖\n袖型：常规\n主要材质：羊毛\n版型：宽松型\n款式：套头\n上市时间：2018秋',12,1),
('7ae3c1e9beaa4508a2abe770aa7610ec','xg雪歌女装2018冬装新款韩版宽松中长款针织衫长袖慵懒风毛衣连衣裙子 卡其 34/155/S',854,'/upload/8/b/0/b/d/d/e/0/0b2065d80fe865a141266ab882d44573.jpg','商品毛重：1.0kg\n腰型：中腰\n主要材质：锦纶\n流行元素：纽扣\n袖长：长袖\n袖型：常规\n适用年龄：30-34周岁\n图案：纯色\n适用人群：轻熟女\n裙长：中',20,1),
('7c22dfbc817f4a15b0633a378e89d25f','新品卫衣2018新款女长袖韩版宽松连帽薄款运动超火夏秋季套头卫衣套装 黑色(史努比) S',298,'/upload/d/2/f/5/6/3/d/7/86326e0d5b247a888a380c949bb29db2.jpg','商品毛重：300.00g\n货号：574678347263\n组合规格：两件套\n版型：宽松型\n厚度：薄款\n领型：连帽\n袖型：常规\n衣长：常规款\n颜色：黑色系，灰色系，红色系，白色系，蓝色系，粉色系\n袖长：长袖\n衣门襟：拉链\n适用年龄：18-24周岁\n主要材质：棉\n图案：卡通动漫\n风格：韩版\n款式：套头\n上市时间：2018冬',19,1),
('7c5fde09c95544d9938f4c74ab068ac0','童装女童套装男童秋冬装加绒加厚保暖罗纹卫衣外套裤子打底衫休闲儿童运动服中大童小孩衣服校服 红色 160(建议身高146-155cm)',138,'/upload/2/9/1/7/4/b/1/8/0df9a37e79450694a96494d348ed2bc0.jpg','商品毛重：1.0kg\n货号：男女童罗纹卫衣三件套\n衣门襟：拉链\n适用年龄：1-3岁，6-12个月，3-6岁，6-9岁，9-12岁，12岁以上\n适用季节：冬季\n上市时间：2018秋季\n适用性别：通用\n安全等级：B',28,1),
('7c9108506f8e4e73acb1330a97e7bcc7','连衣裙女韩版无袖V领荷叶边裙摆 秋冬新款 M73 藏青 L',699,'/upload/3/4/c/b/e/8/6/1/19525e7f673a3253976422dbe1241cd9.jpg','商品毛重：500.00g\n货号：M73OD1525\n风格：韩版\n领型：V领\n颜色：蓝色系\n适用年龄：25-29周岁\n图案：创意趣味\n尺码：S，M，L，XL\n组合规格：单件\n裙型：A字裙\n主要材质：棉\n流行元素：贴布，刺绣\n袖长：无袖\n袖型：常规\n裙长：中裙\n分类：背心裙\n适用人群：少女\n上市时间：2017秋',24,1),
('7ca4a4e2af1240e8ad6aaf5f538a44f8','连衣裙女韩版无袖V领荷叶边裙摆 秋冬新款 M73 藏青 L',699,'/upload/c/5/6/5/b/8/5/3/19525e7f673a3253976422dbe1241cd9.jpg','商品毛重：500.00g\n货号：M73OD1525\n风格：韩版\n领型：V领\n颜色：蓝色系\n适用年龄：25-29周岁\n图案：创意趣味\n尺码：S，M，L，XL\n组合规格：单件\n裙型：A字裙\n主要材质：棉\n流行元素：贴布，刺绣\n袖长：无袖\n袖型：常规\n裙长：中裙\n分类：背心裙\n适用人群：少女\n上市时间：2017秋',24,1),
('7cdf886f323547f6b52a22c60d7c96a2','AIVEI欣贺艾薇2018秋新款修身蝴蝶结雪纺拼接女连衣裙K0560016 黑色 S',789,'/upload/b/0/a/a/4/b/7/8/596acb5f14a69b7f53faf089046ecb13.jpg','商品毛重：100.00g\n尺码：S\n主要材质：涤纶\n领型：娃娃领\n流行元素：拼接\n颜色：黑色系\n袖长：长袖\n衣门襟：拉链\n适用年龄：25-29周岁\n图案：纯色\n裙长：短裙\n袖型：喇叭袖\n裙型：A字裙\n腰型：高',15,1),
('7d3d0a4f7cab4adcac30d138fcdb70d7','2018年冬装新Q甜美彩色圆领印花白鸭绒中长款羽绒服女 桃红 M',144,'/upload/a/8/5/a/3/4/3/a/3b62d381c378e7ea98fb398194582756.jpg','商品毛重：1.0kg\n尺码：XS，S，M，L\n风格：甜美\n领型：圆领\n流行元素：印花\n填充物：白鸭绒\n上市时间：2018冬',18,1),
('7d407e53de8b45e6adbfee651b94531c','童装女童套装男童秋冬装加绒加厚保暖罗纹卫衣外套裤子打底衫休闲儿童运动服中大童小孩衣服校服 红色 160(建议身高146-155cm)',138,'/upload/3/d/3/d/c/2/d/b/0df9a37e79450694a96494d348ed2bc0.jpg','商品毛重：1.0kg\n货号：男女童罗纹卫衣三件套\n衣门襟：拉链\n适用年龄：1-3岁，6-12个月，3-6岁，6-9岁，9-12岁，12岁以上\n适用季节：冬季\n上市时间：2018秋季\n适用性别：通用\n安全等级：B',17,1),
('7d6a8278ff274085874b614a6ca055d1','毛衣女2018秋冬季新款女装韩版宽松加绒加厚中长款长袖女士针织衫女上衣打底衫女外套头连衣裙针织 米白 M',118,'/upload/d/0/7/4/5/2/7/1/8f0666dfd8868ba40ca0d6cd912f54aa.jpg','商品毛重：300.00g\n货号：M1316\n组合规格：单件\n风格：韩版\n厚度：适中\n领型：圆领\n颜色：多色\n袖长：长袖\n袖型：常规\n适用年龄：18-24周岁\n衣长：中长款\n图案：纯色\n版型：修身型\n款式：套头\n上市时间：2018秋',12,1),
('7dccc3ef7a7c4c8c9b29eca8dcb79bab','2018年冬装新格子中长款圈圈毛呢大衣 七分袖毛呢外套女 桃红 155/80A',90,'/upload/b/4/d/1/6/7/5/d/dcb1b867cf3a05857a4d9e54174006de.jpg','商品毛重：1.0kg\n袖长：七分袖\n图案：格子\n流行元素：格子\n衣长：中长款\n上市时间：2018冬',18,1),
('7dd8f30346994afc8e4fc8fb8f0e44e2','童装女童套装男童秋冬装加绒加厚保暖罗纹卫衣外套裤子打底衫休闲儿童运动服中大童小孩衣服校服 红色 160(建议身高146-155cm)',138,'/upload/9/f/e/6/2/9/4/0/0df9a37e79450694a96494d348ed2bc0.jpg','商品毛重：1.0kg\n货号：男女童罗纹卫衣三件套\n衣门襟：拉链\n适用年龄：1-3岁，6-12个月，3-6岁，6-9岁，9-12岁，12岁以上\n适用季节：冬季\n上市时间：2018秋季\n适用性别：通用\n安全等级：B',13,1),
('7e2990fed835405493956e344f2b11ab','毛衣女2018秋冬季新款女装韩版宽松加绒加厚中长款长袖女士针织衫女上衣打底衫女外套头连衣裙针织 米白 M',118,'/upload/d/8/1/5/0/5/5/9/8f0666dfd8868ba40ca0d6cd912f54aa.jpg','商品毛重：300.00g\n货号：M1316\n组合规格：单件\n风格：韩版\n厚度：适中\n领型：圆领\n颜色：多色\n袖长：长袖\n袖型：常规\n适用年龄：18-24周岁\n衣长：中长款\n图案：纯色\n版型：修身型\n款式：套头\n上市时间：2018秋',14,1),
('7e4a7f94625c459389b5f0da40753f8f','童装女童套装男童秋冬装加绒加厚保暖罗纹卫衣外套裤子打底衫休闲儿童运动服中大童小孩衣服校服 红色 160(建议身高146-155cm)',138,'/upload/6/7/5/b/9/a/7/5/0df9a37e79450694a96494d348ed2bc0.jpg','商品毛重：1.0kg\n货号：男女童罗纹卫衣三件套\n衣门襟：拉链\n适用年龄：1-3岁，6-12个月，3-6岁，6-9岁，9-12岁，12岁以上\n适用季节：冬季\n上市时间：2018秋季\n适用性别：通用\n安全等级：B',28,1),
('7fe530fd6d12457d8a0e13c22c8b37a1','艾莱依中长款修身女士羽绒服新款长袖加厚ERAL16006-EDAA 冰粉蓝 160/84A/M',299,'/upload/3/c/1/6/b/7/b/3/ce8f947aa6f95e93295bfbb8c65ab170.jpg','商品毛重：500.00g\n货号：ERAL16006-EDAA\n厚度：常规\n领型：翻领\n颜色：黑色系\n适用年龄：25-29周岁\n图案：纯色\n填充物：白鸭绒\n尺码：S\n版型：修身型\n含绒量：90%以上\n流行元素：其它\n充绒量：100g(含)-150g(不含)\n袖长：长袖\n衣门襟：拉链\n袖型：常规\n衣长：中长款\n上市时间：2017冬',18,1),
('80785ba3e8f84b559079c75c47826795','edition冬款羊毛长袖连衣裙套头流苏下摆针织EA1643DRS02 moco B78深宝蓝色 S',799,'/upload/d/3/e/e/9/2/6/9/16dfdacd182c8c50638c79dc94281a14.jpg','商品毛重：300.00g\n腰型：中腰\n风格：欧美\n主要材质：羊毛\n领型：圆领\n流行元素：流苏\n图案：纯色\n袖长：长袖\n袖型：常规\n适用年龄：25-29周岁\n版型：直筒型\n裙长：中长裙\n分类：长袖连衣裙\n适用人群：轻熟女，成熟\n上市时间：2016冬',9,1),
('809ed8233bc54fde8b23c25b59a7208e','W.DoubleuDot达点2018夏季新品韩版女时尚帅气纯色风衣WW7WR487 83酒红色 S',1490,'/upload/2/e/0/b/3/5/8/6/1ba528641b54ec6061853783841b0c9a.jpg','商品毛重：100.00g\n尺码：S，M\n图案：纯色\n里料材质：其它\n风格：韩版\n上市时间：2018冬',29,1),
('80f247fb18b04091ac8577709178a23a','2018冬新款韩版直筒西装领呢子大衣中长款呢大衣ENCIMEI1022C3586 粉 S',328,'/upload/b/1/7/0/b/4/f/d/936de4954c43000c00b068012cfb9e7c.jpg','商品毛重：1.2kg\n货号：ENCIMEI1022C3586\n厚度：适中\n领型：西装领\n颜色：粉色系\n里料图案：纯色\n图案：纯色\n里料材质：涤纶\n尺码：S，M，L，XL\n版型：直筒型\n主要材质：其它\n袖长：长袖\n衣门襟：单排扣\n衣领材质：兔毛领\n袖型：常规\n衣长：中长款\n适用年龄：25-29周岁\n上市时间：2018冬',27,1),
('8159ebb60a314b60a0de0f402d86946d','童装女童套装男童秋冬装加绒加厚保暖罗纹卫衣外套裤子打底衫休闲儿童运动服中大童小孩衣服校服 红色 160(建议身高146-155cm)',138,'/upload/f/0/4/a/f/9/e/7/0df9a37e79450694a96494d348ed2bc0.jpg','商品毛重：1.0kg\n货号：男女童罗纹卫衣三件套\n衣门襟：拉链\n适用年龄：1-3岁，6-12个月，3-6岁，6-9岁，9-12岁，12岁以上\n适用季节：冬季\n上市时间：2018秋季\n适用性别：通用\n安全等级：B',25,1),
('81668a40bcc44c0bb5c14baa0fa6fcce','xg雪歌女装2018冬装新款韩版宽松中长款针织衫长袖慵懒风毛衣连衣裙子 卡其 34/155/S',854,'/upload/2/8/2/b/f/3/4/3/0b2065d80fe865a141266ab882d44573.jpg','商品毛重：1.0kg\n腰型：中腰\n主要材质：锦纶\n流行元素：纽扣\n袖长：长袖\n袖型：常规\n适用年龄：30-34周岁\n图案：纯色\n适用人群：轻熟女\n裙长：中',20,1),
('817340a0ea48452499d7a246dae3ba09','2018加绒加厚时尚气质显瘦打底裤 黑色 XL',68,'/upload/e/e/7/9/2/b/3/8/69be0cf4a536ec8d7e09eaeeac2858d3.jpg','商品毛重：500.00g\n裤长：长',17,1),
('81b5bc76b25e40809e70a51ae2b14627','MIKIBANA 米可芭娜 连衣裙女韩版无袖V领荷叶边裙摆 秋冬新款 M73 藏青 L',699,'/upload/3/c/9/7/5/2/5/d/19525e7f673a3253976422dbe1241cd9.jpg','商品毛重：500.00g\n货号：M73OD1525\n风格：韩版\n领型：V领\n颜色：蓝色系\n适用年龄：25-29周岁\n图案：创意趣味\n尺码：S，M，L，XL\n组合规格：单件\n裙型：A字裙\n主要材质：棉\n流行元素：贴布，刺绣\n袖长：无袖\n袖型：常规\n裙长：中裙\n分类：背心裙\n适用人群：少女\n上市时间：2017秋',24,1),
('82179ea17c2840c18b0ba6eafa3c2b4d','xg雪歌2018冬新款韩版女装简约显瘦V领套头收腰长袖连衣裙针织裙 黑色 36/160/M',584,'/upload/3/9/a/c/4/a/9/9/34a7b95c9e1f10e7816f91d54ad7ccce.jpg','商品毛重：1.0kg\n腰型：中腰\n裙型：铅笔裙\n主要材质：棉\n领型：立领\n流行元素：拼接，钉珠，拉链，抽绳\n袖长：长袖\n衣门襟：拉链\n适用年龄：30-34周岁\n裙长：中长裙\n适用人群：轻熟女\n图案：纯色，字',20,1),
('82b2ce7558a84e099f5812ecd39a7f11','AIVEI欣贺艾薇2018秋新款修身蝴蝶结雪纺拼接女连衣裙K0560016 黑色 S',789,'/upload/8/5/7/7/0/8/3/4/596acb5f14a69b7f53faf089046ecb13.jpg','商品毛重：100.00g\n尺码：S\n主要材质：涤纶\n领型：娃娃领\n流行元素：拼接\n颜色：黑色系\n袖长：长袖\n衣门襟：拉链\n适用年龄：25-29周岁\n图案：纯色\n裙长：短裙\n袖型：喇叭袖\n裙型：A字裙\n腰型：高',15,1),
('82c835a4ba4b424a850814e9f734e770','W.DoubleuDot达点2018夏季新品韩版女时尚帅气纯色风衣WW7WR487 83酒红色 S',1490,'/upload/6/2/d/3/6/f/e/3/1ba528641b54ec6061853783841b0c9a.jpg','商品毛重：100.00g\n尺码：S，M\n图案：纯色\n里料材质：其它\n风格：韩版\n上市时间：2018冬',29,1),
('832c43c7c6c949e39c61532000a77f5d','针织毛衣女2018秋冬新品加绒加厚半高领宽松套头针织内搭韩版长袖保暖短款长袖毛衣女士高领打底 卡其色加绒 均码',118,'/upload/1/a/7/c/a/c/9/f/03a2680178dff6e1a7c462e5506545e6.jpg','商品毛重：300.00g\n货号：LXFS1240\n厚度：加厚\n领型：半高圆领\n颜色：多色\n适用年龄：25-29周岁\n图案：纯色\n尺码：其它\n组合规格：单件\n衣长：常规款\n主要材质：粘胶纤维\n流行元素：拼接，立体装饰，3D\n袖长：长袖\n袖型：常规\n衣门襟：无扣\n版型：修身型\n款式：套头\n上市时间：2018冬',10,1),
('832e957b6d134a048828dc678c68f9d6','xg雪歌2019春季新款女装通勤甜美长袖宽松米白色毛针织衫连帽套头卫衣 米白 36/160/M',383,'/upload/e/d/8/e/c/4/1/f/7ef2530a78217c5578e7d7310001b9f5.jpg','商品毛重：1.0kg\n组合规格：单件\n领型：连帽\n流行元素：木耳边，抽绳\n袖长：长袖\n袖型：常规\n适用年龄：30-34周岁\n图案：纯色\n款式：套头\n上市时间：2019春',20,1),
('836ce3f2305d450195f16839c5a24433','恒源祥针织开衫女2018秋冬季新品时尚韩版半高领宽松长袖毛衣外套纯色简约加厚保暖慵懒风上衣96855 紫色 均码',128,'/upload/a/5/4/b/b/3/c/c/c2a07701ef97f3af27ffc5620e8b91ea.jpg','商品毛重：500.00g\n尺码：均码\n风格：休闲，简约\n厚度：厚款\n领型：半高圆领\n版型：宽松型\n颜色：多色\n袖长：长袖\n衣门襟：无扣\n适用年龄：25-29周岁\n袖型：常规\n图案：纯色\n衣长：常规款\n款式：套头\n上市时间：2018秋',16,1),
('83ee41fdbad442d48c30eb8b8524297e','针织毛衣女2018秋冬新品加绒加厚半高领宽松套头针织内搭韩版长袖保暖短款长袖毛衣女士高领打底 卡其色加绒 均码',118,'/upload/5/f/3/3/e/c/8/d/03a2680178dff6e1a7c462e5506545e6.jpg','商品毛重：300.00g\n货号：LXFS1240\n厚度：加厚\n领型：半高圆领\n颜色：多色\n适用年龄：25-29周岁\n图案：纯色\n尺码：其它\n组合规格：单件\n衣长：常规款\n主要材质：粘胶纤维\n流行元素：拼接，立体装饰，3D\n袖长：长袖\n袖型：常规\n衣门襟：无扣\n版型：修身型\n款式：套头\n上市时间：2018冬',10,1),
('83fadf5443aa4bea8acd76bffa0e3e3f','2018秋冬内搭针织连衣裙女甜美假两件打底冬裙PROK87901M 白色 165/88A',359.28,'/upload/2/4/5/c/7/2/f/2/845bfcac01aea9a670cea14bcb8ec946.jpg','商品毛重：100.00g\n腰型：中腰\n领型：围巾领\n颜色：白色系\n适用年龄：25-29周岁\n图案：其它\n尺码：155，160，165，170\n组合规格：单件\n裙型：荷叶边裙\n主要材质：腈纶\n廓形：A型\n流行元素：蝴蝶结\n袖长：长袖\n衣门襟：无扣\n裙长：长裙\n分类：长袖连衣裙\n袖型：常',30,1),
('84734ba568f2440b8edf24d44ca2b26f','童装女童套装男童秋冬装加绒加厚保暖罗纹卫衣外套裤子打底衫休闲儿童运动服中大童小孩衣服校服 红色 160(建议身高146-155cm)',138,'/upload/f/f/3/4/e/a/d/8/0df9a37e79450694a96494d348ed2bc0.jpg','商品毛重：1.0kg\n货号：男女童罗纹卫衣三件套\n衣门襟：拉链\n适用年龄：1-3岁，6-12个月，3-6岁，6-9岁，9-12岁，12岁以上\n适用季节：冬季\n上市时间：2018秋季\n适用性别：通用\n安全等级：B',7,1),
('84b667207a5a4609aa43f57402ae1f77','xg雪歌女装2018冬装新款韩版宽松中长款针织衫长袖慵懒风毛衣连衣裙子 卡其 34/155/S',854,'/upload/7/1/6/a/a/4/2/3/0b2065d80fe865a141266ab882d44573.jpg','商品毛重：1.0kg\n腰型：中腰\n主要材质：锦纶\n流行元素：纽扣\n袖长：长袖\n袖型：常规\n适用年龄：30-34周岁\n图案：纯色\n适用人群：轻熟女\n裙长：中',20,1),
('85154484c00d4318a812b4e5c32e2f13','季候风2018冬季新款时尚通勤圆领中长款条纹针织长袖连衣裙女6844OA146 花兰MU2 M/160',548,'/upload/1/5/8/b/0/c/e/c/c469a72e34a9228385c6f73a1b3f2d2f.jpg','商品毛重：430.00g\n腰型：宽松腰\n风格：休闲，运动\n厚度：适中\n领型：圆领\n流行元素：条纹\n版型：直筒型\n裙型：包臀裙\n袖长：长袖\n袖型：常规\n适用年龄：25-29周岁\n主要材质：棉\n裙长：短裙\n分类：长袖连衣裙\n适用人群：少女\n上市时间：2018冬',31,1),
('855cadb1de3b4c0991c7d9b6f624c3ab','2018夏装可爱宽松短袖t恤女蝙蝠衫小衫上衣韩版圆领阿桑娜AO2 白色 M',130,'/upload/2/8/6/1/4/6/8/a/827fc52f0757d79adaaf13621aaf4e5f.jpg','商品毛重：1.0kg\n版型：修身型\n领型：圆领\n流行元素：斜肩\n袖长：短袖\n袖型：常规袖\n适用年龄：18-24周岁\n图案：卡通动漫\n衣长：常规款\n上市时间：往',23,1),
('85fc10ade5f949c4a3e0504a286e5cda','童装女童套装男童秋冬装加绒加厚保暖罗纹卫衣外套裤子打底衫休闲儿童运动服中大童小孩衣服校服 红色 160(建议身高146-155cm)',138,'/upload/8/b/a/8/e/a/e/e/0df9a37e79450694a96494d348ed2bc0.jpg','商品毛重：1.0kg\n货号：男女童罗纹卫衣三件套\n衣门襟：拉链\n适用年龄：1-3岁，6-12个月，3-6岁，6-9岁，9-12岁，12岁以上\n适用季节：冬季\n上市时间：2018秋季\n适用性别：通用\n安全等级：B',25,1),
('8698e24507594db0940b6a4648265970','xg雪歌女装2018冬装新款韩版宽松中长款针织衫长袖慵懒风毛衣连衣裙子 卡其 34/155/S',854,'/upload/a/3/9/6/d/9/d/2/0b2065d80fe865a141266ab882d44573.jpg','商品毛重：1.0kg\n腰型：中腰\n主要材质：锦纶\n流行元素：纽扣\n袖长：长袖\n袖型：常规\n适用年龄：30-34周岁\n图案：纯色\n适用人群：轻熟女\n裙长：中',20,1),
('86bda5dfb2ff4b889aa06ef4a46a2673','珂梵图2018夏装新款可爱宽松短袖T恤女蝙蝠衫小衫上衣韩版圆领阿桑娜AO2秋装 白色 M',124,'/upload/7/d/0/6/6/1/3/d/805ec720d3f035100d802239d6d26bf0.jpg','商品毛重：1.0kg\n尺码：M，L，XL\n领型：圆领\n图案文化：创意\n袖长：短袖\n袖型：常规袖\n适用年龄：18-24周岁\n图案：卡通动漫\n版型：修身型\n衣长：常规款\n上市时间：2018夏',23,1),
('86ff48fe8d694205897ef3f980981af4','连衣裙新品2018冬装大码女装中长款金丝绒包臀裙长袖连衣裙蕾丝加绒加厚打底连衣裙 6786# 咖啡色 XL',139,'/upload/f/4/a/a/8/f/1/8/5b61e2430d0d00f524917b5c4a73a13c.jpg','商品毛重：100.00g\n货号：BH3-319-A-6786-50\n风格：优雅，中性风，韩版\n厚度：厚款\n领型：堆堆领\n颜色：黑色系，红色系\n适用年龄：25-29周岁\n尺码：S，M，L，XL，XXL\n组合规格：单件\n版型：修身型\n廓形：O型\n流行元素：蕾丝，镶钻，烫画\n袖长：长袖\n袖型：常规\n裙型：大摆裙\n裙长：中长裙\n分类：长袖连衣裙\n适用人群：胖mm，少女，轻熟女，成熟，亲子\n上市时间：2018冬',11,1),
('872c3596cb2b4fac8c38fc14571eaabb','Yizhiai凉爽新款百搭一夏显瘦神器 松紧腰薄款天丝牛仔七分阔腿裤女prich 浅蓝色 S',518,'/upload/7/4/b/0/e/2/2/2/6f5a5ba769141c426016e4d352509b5d.jpg','商品毛重：1.0kg\n尺码：XL\n版型：收腰\n厚度：薄\n流行元素：撞色\n适用年龄：30-34周岁\n裤长：七分裤\n风格：百搭\n图案：其它\n分类：其它\n主要材质：其它\n上市时间：2018夏',30,1),
('87536f39d90a4cb68c41aa9c33a4a3cf','Roem洛妍女装新品时尚几何剪裁珍珠装饰女式裤子短裤 棕色85 155/XS/27',402,'/upload/9/e/f/1/4/2/3/d/33dec1bbec85834d2cb7eaeeb8a09008.jpg','商品毛重：1.0kg\n裤型：直筒裤\n厚度：薄款\n裤长：短裤\n上市时间：2018秋',26,1),
('87586ccc7c324f5db1f0882c41a85da2','AIVEI欣贺艾薇2018秋新款修身蝴蝶结雪纺拼接女连衣裙K0560016 黑色 S',789,'/upload/f/5/5/7/4/9/d/e/596acb5f14a69b7f53faf089046ecb13.jpg','商品毛重：100.00g\n尺码：S\n主要材质：涤纶\n领型：娃娃领\n流行元素：拼接\n颜色：黑色系\n袖长：长袖\n衣门襟：拉链\n适用年龄：25-29周岁\n图案：纯色\n裙长：短裙\n袖型：喇叭袖\n裙型：A字裙\n腰型：高',15,1),
('8799071bad76495eaf7746b8e5ec40c6','季候风2018冬季新款时尚通勤圆领中长款条纹针织长袖连衣裙女6844OA146 花兰MU2 M/160',548,'/upload/8/1/6/7/3/2/b/2/c469a72e34a9228385c6f73a1b3f2d2f.jpg','商品毛重：430.00g\n腰型：宽松腰\n风格：休闲，运动\n厚度：适中\n领型：圆领\n流行元素：条纹\n版型：直筒型\n裙型：包臀裙\n袖长：长袖\n袖型：常规\n适用年龄：25-29周岁\n主要材质：棉\n裙长：短裙\n分类：长袖连衣裙\n适用人群：少女\n上市时间：2018冬',31,1),
('87d85c1070b14b9f82d4cfec0f4ef13f','MOCO个性木耳边装饰高领长袖针织衫MA173TOP204 moco 祖母绿色 L',419,'/upload/6/9/2/8/f/a/b/5/28f17cd384dc1269d9ada8c7e753cae9.jpg','商品毛重：300.00g\n组合规格：单件\n厚度：适中\n领型：高领\n袖长：长袖\n适用年龄：25-29周岁\n版型：修身型\n主要材质：其它\n衣长：常规款\n款式：套头\n上市时间：2017秋',9,1),
('88313187a475495385d3be9c6ea050c7','针织衫女2018秋冬季新款女装韩版时尚学生宽松加绒加厚保暖短款长袖毛衣女士上衣打底衫女外套头 白色 均码',99,'/upload/5/9/f/3/9/4/c/e/f4751568d5323fe04c482bad734563ac.jpg','商品毛重：300.00g\n货号：RHW208\n厚度：适中\n领型：圆领\n颜色：多色\n适用年龄：18-24周岁\n图案：几何图案\n尺码：均码\n组合规格：单件\n衣长：常规款\n主要材质：粘胶纤维\n流行元素：刺绣，绣花\n袖长：长袖\n袖型：常规\n衣门襟：无扣\n版型：直筒型\n款式：套头\n上市时间：2018冬',14,1),
('88e610cb226243509984a170cc4fab89','2018秋冬情侣装新款韩版撞色套头针织衫男女学生百搭宽松毛衣上衣 白色(不分男女)质量堪比良布 拉夏贝尔 欧时力 3XL',188,'/upload/8/8/c/d/c/3/6/2/ea1a06b2d6dfdcd66de17098febcb29f.jpg','商品毛重：300.00g\n尺码：S，M，L，XL\n领型：圆领\n流行元素：条纹，拼接\n袖长：长袖\n袖型：常规\n风格：通勤\n毛线粗细：常规毛线\n款式：套头\n上市时间：2018秋',8,1),
('89681db0328d4b7095c8060f4b337fb5','珂梵图tune tune冬季花苞型中长款羽绒衣外套假两件套格子羽绒服 天蓝色 L',180,'/upload/0/a/9/b/5/7/4/b/af3ca379435b8f507e00f6578d357b43.jpg','商品毛重：200.00g\n尺码：XS，S，M，L\n厚度：常规\n领型：立领\n流行元素：拉链\n袖长：长袖\n衣门襟：拉链\n袖型：常规\n图案：格子\n填充物：白鸭绒\n款式：常规\n上市时间：2018冬',18,1),
('8a997a83847740ec8bd2835557edc01c','童装女童套装男童秋冬装加绒加厚保暖罗纹卫衣外套裤子打底衫休闲儿童运动服中大童小孩衣服校服 红色 160(建议身高146-155cm)',138,'/upload/7/6/0/2/8/f/d/7/0df9a37e79450694a96494d348ed2bc0.jpg','商品毛重：1.0kg\n货号：男女童罗纹卫衣三件套\n衣门襟：拉链\n适用年龄：1-3岁，6-12个月，3-6岁，6-9岁，9-12岁，12岁以上\n适用季节：冬季\n上市时间：2018秋季\n适用性别：通用\n安全等级：B',13,1),
('8ac8a065a7cc43a884c2e22f7fa01d7c','PRICH女装2018新款大气外套方领纯色时尚女士端庄风衣PRJT84901C 米色 160/84A',659.3,'/upload/d/0/3/2/3/1/a/4/ab02fa19da7ac40bebf8040b8ba0197f.jpg','商品毛重：1.0kg\n尺码：其它\n领型：方领\n里料材质：其它\n图案：纯色\n上市时间：2018秋',30,1),
('8b56fd6187db4de7aec2e1c341caef32','betu百图黑色微喇叭裤女长裤韩版高腰小脚裤休闲打底裤2018新款 喇叭裤 M',169,'/upload/4/3/c/e/c/e/8/1/eefc4d219d36875fdc47793f79f2f7bc.jpg','商品毛重：1.0kg\n腰型：高腰\n厚度：适中\n流行元素：立体裁剪\n适用年龄：25-29周岁\n裤长：长裤\n裤型：喇叭裤\n弹力：微弹\n上市时间：2018秋',22,1),
('8b84b53cedd84a5190b31a76ad09fdb7','针织毛衣女2018秋冬新品加绒加厚半高领宽松套头针织内搭韩版长袖保暖短款长袖毛衣女士高领打底 卡其色加绒 均码',118,'/upload/2/5/8/4/b/6/b/4/03a2680178dff6e1a7c462e5506545e6.jpg','商品毛重：300.00g\n货号：LXFS1240\n厚度：加厚\n领型：半高圆领\n颜色：多色\n适用年龄：25-29周岁\n图案：纯色\n尺码：其它\n组合规格：单件\n衣长：常规款\n主要材质：粘胶纤维\n流行元素：拼接，立体装饰，3D\n袖长：长袖\n袖型：常规\n衣门襟：无扣\n版型：修身型\n款式：套头\n上市时间：2018冬',10,1),
('8c3a8f70a2fb4972a537a9a604394c2b','棉衣棉服女2018冬季新款大码宽松小个子连帽保暖羽绒棉服女加厚棉袄外套女装T-102-2015 铁锈红 M',159,'/upload/0/2/d/9/b/c/e/f/baeca3e0676b970af486017eedbe0e9b.jpg','商品毛重：1.0kg\n尺码：S，M，L，XL\n风格：通勤\n厚度：加厚\n领型：连帽\n流行元素：拉链，口袋\n衣长：短款\n袖型：常规\n袖长：长袖\n衣门襟：拉链\n适用年龄：25-29周岁\n主要材质：棉\n图案：纯色\n填充物：羽绒棉\n款式：常规\n上市时间：2018冬',10,1),
('8c3b2d63cb824403af7e1c0865b22a11','2018加绒加厚时尚气质显瘦打底裤 黑色 XL',68,'/upload/3/4/1/d/b/9/e/3/69be0cf4a536ec8d7e09eaeeac2858d3.jpg','商品毛重：500.00g\n裤长：长',10,1),
('8c3b6369284641878ea02584444cc252','xg雪歌2018秋冬装新款韩版短款拼接加厚保暖白鸭绒米白色羽绒服女外套 白色 38/165/L',1034,'/upload/9/e/5/9/5/2/f/b/c78d8a90a1ca30cf186ef176994196ad.jpg','商品毛重：1.0kg\n袖长：长袖\n适用年龄：30-34周岁\n领型：连帽\n填充物：白鸭绒\n充绒量：100g(含)-150g(不含)\n衣门襟：拉',20,1),
('8e0774f9f94344b48f349a9c6775d153','连衣裙新品2018冬装大码女装中长款金丝绒包臀裙长袖连衣裙蕾丝加绒加厚打底连衣裙 6786# 咖啡色 XL',139,'/upload/3/2/2/e/5/5/0/e/5b61e2430d0d00f524917b5c4a73a13c.jpg','商品毛重：100.00g\n货号：BH3-319-A-6786-50\n风格：优雅，中性风，韩版\n厚度：厚款\n领型：堆堆领\n颜色：黑色系，红色系\n适用年龄：25-29周岁\n尺码：S，M，L，XL，XXL\n组合规格：单件\n版型：修身型\n廓形：O型\n流行元素：蕾丝，镶钻，烫画\n袖长：长袖\n袖型：常规\n裙型：大摆裙\n裙长：中长裙\n分类：长袖连衣裙\n适用人群：胖mm，少女，轻熟女，成熟，亲子\n上市时间：2018冬',11,1),
('8e154c3ff91546109c5db98487c35254','针织衫女2018秋冬季新款女装韩版时尚学生宽松加绒加厚保暖短款长袖毛衣女士上衣打底衫女外套头 白色 均码',99,'/upload/2/5/e/e/c/f/7/6/f4751568d5323fe04c482bad734563ac.jpg','商品毛重：300.00g\n货号：RHW208\n厚度：适中\n领型：圆领\n颜色：多色\n适用年龄：18-24周岁\n图案：几何图案\n尺码：均码\n组合规格：单件\n衣长：常规款\n主要材质：粘胶纤维\n流行元素：刺绣，绣花\n袖长：长袖\n袖型：常规\n衣门襟：无扣\n版型：直筒型\n款式：套头\n上市时间：2018冬',14,1),
('8e3f92f4131e4b029b162b900daad449','2018冬新款韩版直筒西装领呢子大衣中长款呢大衣ENCIMEI1022C3586 粉 S',328,'/upload/5/6/7/5/4/1/3/b/936de4954c43000c00b068012cfb9e7c.jpg','商品毛重：1.2kg\n货号：ENCIMEI1022C3586\n厚度：适中\n领型：西装领\n颜色：粉色系\n里料图案：纯色\n图案：纯色\n里料材质：涤纶\n尺码：S，M，L，XL\n版型：直筒型\n主要材质：其它\n袖长：长袖\n衣门襟：单排扣\n衣领材质：兔毛领\n袖型：常规\n衣长：中长款\n适用年龄：25-29周岁\n上市时间：2018冬',27,1),
('8e44abb266a24f6890f43c744971b4c0','MIKIBANA 米可芭娜 连衣裙女韩版无袖V领荷叶边裙摆 秋冬新款 M73 藏青 L',699,'/upload/a/b/3/5/0/f/3/e/19525e7f673a3253976422dbe1241cd9.jpg','商品毛重：500.00g\n货号：M73OD1525\n风格：韩版\n领型：V领\n颜色：蓝色系\n适用年龄：25-29周岁\n图案：创意趣味\n尺码：S，M，L，XL\n组合规格：单件\n裙型：A字裙\n主要材质：棉\n流行元素：贴布，刺绣\n袖长：无袖\n袖型：常规\n裙长：中裙\n分类：背心裙\n适用人群：少女\n上市时间：2017秋',24,1),
('8e73e916b81846588c20fba6e3eb5bee','棉衣棉服女2018冬季新款大码宽松小个子连帽保暖羽绒棉服女加厚棉袄外套女装T-102-2015 铁锈红 M',159,'/upload/1/d/7/0/6/f/3/1/baeca3e0676b970af486017eedbe0e9b.jpg','商品毛重：1.0kg\n尺码：S，M，L，XL\n风格：通勤\n厚度：加厚\n领型：连帽\n流行元素：拉链，口袋\n衣长：短款\n袖型：常规\n袖长：长袖\n衣门襟：拉链\n适用年龄：25-29周岁\n主要材质：棉\n图案：纯色\n填充物：羽绒棉\n款式：常规\n上市时间：2018冬',17,1),
('8e9191a1175a4c8f926edb80b4768ce9','恒源祥女装 正品半高领 加厚 大码毛衣女2018秋冬新款韩版宽松 套头针织衫 羊毛衫 打底衫女 灰咖色 L',198,'/upload/6/9/1/3/6/c/a/a/c8c26a2039f9ee16649d5ea4a6feb520.jpg','商品毛重：1.0kg\n衣长：常规款\n领型：半高领\n袖长：长袖\n袖型：常规\n主要材质：羊毛\n版型：宽松型\n款式：套头\n上市时间：2018秋',31,1),
('8e98a61cabdb4c19a7a7a32e58d01590','MOCO个性木耳边装饰高领长袖针织衫MA173TOP204 moco 祖母绿色 L',419,'/upload/4/d/0/1/0/1/5/e/28f17cd384dc1269d9ada8c7e753cae9.jpg','商品毛重：300.00g\n组合规格：单件\n厚度：适中\n领型：高领\n袖长：长袖\n适用年龄：25-29周岁\n版型：修身型\n主要材质：其它\n衣长：常规款\n款式：套头\n上市时间：2017秋',9,1),
('8fc96c2392854d639672847c2d7f049f','特选针织长袖打底裙秋冬装女2018新款欧美修身气质羊毛毛衣连衣裙中长 黑色-买就送69元毛衣项链 M/160质量堪比乐町 欧时力 拉夏贝尔',806,'/upload/7/6/0/5/7/9/7/6/381f9b20737ef734a9bbf25c62b81040.jpg','商品毛重：1.0kg\n腰型：中腰\n风格：街头\n主要材质：羊毛\n领型：立领\n流行元素：口袋，燕尾，拼接\n袖长：长袖\n袖型：常规\n适用年龄：30-34周岁\n裙长：中长裙\n图案：纯色\n廓形：A型\n上市时间：2018秋',8,1),
('90507ee2c4a54af7b12c1fef205439a4','针织毛衣女2018秋冬新品加绒加厚半高领宽松套头针织内搭韩版长袖保暖短款长袖毛衣女士高领打底 卡其色加绒 均码',118,'/upload/7/d/4/0/8/4/f/4/03a2680178dff6e1a7c462e5506545e6.jpg','商品毛重：300.00g\n货号：LXFS1240\n厚度：加厚\n领型：半高圆领\n颜色：多色\n适用年龄：25-29周岁\n图案：纯色\n尺码：其它\n组合规格：单件\n衣长：常规款\n主要材质：粘胶纤维\n流行元素：拼接，立体装饰，3D\n袖长：长袖\n袖型：常规\n衣门襟：无扣\n版型：修身型\n款式：套头\n上市时间：2018冬',10,1),
('91015a4cc3474eb8831ef6c4fe3dc671','W.DoubleuDot达点2018夏季新品韩版女时尚帅气纯色风衣WW7WR487 83酒红色 S',1490,'/upload/8/a/5/2/7/6/7/5/1ba528641b54ec6061853783841b0c9a.jpg','商品毛重：100.00g\n尺码：S，M\n图案：纯色\n里料材质：其它\n风格：韩版\n上市时间：2018冬',29,1),
('9152599ca3e44990badeef428ee0ed7e','新品卫衣2018新款女长袖韩版宽松连帽薄款运动超火夏秋季套头卫衣套装 黑色(史努比) S',298,'/upload/5/a/2/b/8/d/f/3/86326e0d5b247a888a380c949bb29db2.jpg','商品毛重：300.00g\n货号：574678347263\n组合规格：两件套\n版型：宽松型\n厚度：薄款\n领型：连帽\n袖型：常规\n衣长：常规款\n颜色：黑色系，灰色系，红色系，白色系，蓝色系，粉色系\n袖长：长袖\n衣门襟：拉链\n适用年龄：18-24周岁\n主要材质：棉\n图案：卡通动漫\n风格：韩版\n款式：套头\n上市时间：2018冬',19,1),
('9217a589913c4d23a9077f6c3887a53d','连衣裙新品2018冬装大码女装中长款金丝绒包臀裙长袖连衣裙蕾丝加绒加厚打底连衣裙 6786# 咖啡色 XL',139,'/upload/e/a/c/3/8/0/2/c/5b61e2430d0d00f524917b5c4a73a13c.jpg','商品毛重：100.00g\n货号：BH3-319-A-6786-50\n风格：优雅，中性风，韩版\n厚度：厚款\n领型：堆堆领\n颜色：黑色系，红色系\n适用年龄：25-29周岁\n尺码：S，M，L，XL，XXL\n组合规格：单件\n版型：修身型\n廓形：O型\n流行元素：蕾丝，镶钻，烫画\n袖长：长袖\n袖型：常规\n裙型：大摆裙\n裙长：中长裙\n分类：长袖连衣裙\n适用人群：胖mm，少女，轻熟女，成熟，亲子\n上市时间：2018冬',11,1),
('92262d91b8524279b4fb3174a3a29ef1','针织毛衣女2018秋冬新品加绒加厚半高领宽松套头针织内搭韩版长袖保暖短款长袖毛衣女士高领打底 卡其色加绒 均码',118,'/upload/6/9/2/6/f/4/0/5/03a2680178dff6e1a7c462e5506545e6.jpg','商品毛重：300.00g\n货号：LXFS1240\n厚度：加厚\n领型：半高圆领\n颜色：多色\n适用年龄：25-29周岁\n图案：纯色\n尺码：其它\n组合规格：单件\n衣长：常规款\n主要材质：粘胶纤维\n流行元素：拼接，立体装饰，3D\n袖长：长袖\n袖型：常规\n衣门襟：无扣\n版型：修身型\n款式：套头\n上市时间：2018冬',10,1),
('92550b7a03da4a7b8fb6048f454eea54','童装女童套装男童秋冬装加绒加厚保暖罗纹卫衣外套裤子打底衫休闲儿童运动服中大童小孩衣服校服 红色 160(建议身高146-155cm)',138,'/upload/0/7/a/3/6/a/c/9/0df9a37e79450694a96494d348ed2bc0.jpg','商品毛重：1.0kg\n货号：男女童罗纹卫衣三件套\n衣门襟：拉链\n适用年龄：1-3岁，6-12个月，3-6岁，6-9岁，9-12岁，12岁以上\n适用季节：冬季\n上市时间：2018秋季\n适用性别：通用\n安全等级：B',7,1),
('929bf1eb44374c5a8fc0c794fe1a51b7','xg雪歌女装2018冬装新款韩版宽松中长款针织衫长袖慵懒风毛衣连衣裙子 卡其 34/155/S',854,'/upload/5/9/d/2/4/d/b/2/0b2065d80fe865a141266ab882d44573.jpg','商品毛重：1.0kg\n腰型：中腰\n主要材质：锦纶\n流行元素：纽扣\n袖长：长袖\n袖型：常规\n适用年龄：30-34周岁\n图案：纯色\n适用人群：轻熟女\n裙长：中',20,1),
('932cbf370695408abf0c1de0889976d9','MIKIBANA 米可芭娜毛呢外套女中长款翻领呢子大衣2018秋冬新款 D84 灰粉 M',799,'/upload/2/a/6/5/a/c/2/5/8475a4e2bbbbe3655ffbfedf8ddaae7b.jpg','商品毛重：500.00g\n货号：D84TO1971\n衣门襟：一粒扣\n衣长：中长款\n主要材质：羊毛呢\n领型：西装领\n流行元素：口袋，贴布\n风格：韩版\n适用年龄：25-29周岁\n袖长：七分袖\n袖型：常规\n里料图案：纯色\n厚度：适中\n图案：动物\n里料材质：涤纶\n版型：茧型\n上市时间：2018冬',24,1),
('93e55d30395c42ffbb3615f12a555b59','edition新款冬修身连衣裙EA1643DRS03纯羊毛高领针织高开衩 moco B78 深宝蓝色 S',799,'/upload/5/4/4/5/5/7/6/5/e6b3986a4d0e0319360412eea7ea02de.jpg','商品毛重：300.00g\n尺码：其它\n主要材质：羊毛\n领型：圆领\n袖长：长袖\n裙长：中裙\n腰型：高腰\n风格：欧美\n上市时间：2016冬',9,1),
('945581ac38574b60a682c60f541002fb','xg雪歌2018秋装新款通勤淑女百搭圆领套头宽松腰中长款女长袖印花连衣裙子 花色 34/155/S',399,'/upload/5/9/0/b/a/9/e/7/fc8d033b5fe8ba4ac7ff65a7628c1258.jpg','商品毛重：1.0kg\n货号：XE304108BD72\n组合规格：单件\n风格：优雅\n主要材质：聚酯纤维\n领型：高领\n流行元素：拼接，褶皱，印花\n图案：碎花\n袖长：长袖\n袖型：常规\n适用年龄：30-34周岁\n裙型：不规则\n裙长：中裙\n分类：长袖连衣裙\n适用人群：轻熟女\n上市时间：2018秋',20,1),
('9484e63fc8864cfbb0ae3e89acc32a8a','茵曼2018冬装新款高腰显瘦宽松直筒休闲九分裤女【18840$94214】 暗枣红 25',219,'/upload/c/a/3/7/0/1/9/f/7178b566720a14d82a601f8e17fcd831.jpg','商品毛重：1.0kg\n裤型：直筒裤\n适用年龄：18-24周岁\n厚度：适中\n裤长：九分裤\n腰型：高腰\n弹力：微弹\n上市时间：2018冬',26,1),
('969e7321bc44400db02a51b45b819ff1','汐颜 棉衣棉服女2018冬季新款大码宽松小个子连帽保暖羽绒棉服女加厚棉袄外套女装T-102-2015 铁锈红 M',159,'/upload/0/2/b/6/8/7/8/0/baeca3e0676b970af486017eedbe0e9b.jpg','商品毛重：1.0kg\n尺码：S，M，L，XL\n风格：通勤\n厚度：加厚\n领型：连帽\n流行元素：拉链，口袋\n衣长：短款\n袖型：常规\n袖长：长袖\n衣门襟：拉链\n适用年龄：25-29周岁\n主要材质：棉\n图案：纯色\n填充物：羽绒棉\n款式：常规\n上市时间：2018冬',12,1),
('9739cb477acc4c3db25d76e47b71d979','童装女童套装男童秋冬装加绒加厚保暖罗纹卫衣外套裤子打底衫休闲儿童运动服中大童小孩衣服校服 红色 160(建议身高146-155cm)',138,'/upload/5/4/b/7/2/9/4/b/0df9a37e79450694a96494d348ed2bc0.jpg','商品毛重：1.0kg\n货号：男女童罗纹卫衣三件套\n衣门襟：拉链\n适用年龄：1-3岁，6-12个月，3-6岁，6-9岁，9-12岁，12岁以上\n适用季节：冬季\n上市时间：2018秋季\n适用性别：通用\n安全等级：B',17,1),
('97debf29f224402fbc4b87cf2cf3a098','童装女童套装男童秋冬装加绒加厚保暖罗纹卫衣外套裤子打底衫休闲儿童运动服中大童小孩衣服校服 红色 160(建议身高146-155cm)',138,'/upload/6/d/3/9/8/c/c/b/0df9a37e79450694a96494d348ed2bc0.jpg','商品毛重：1.0kg\n货号：男女童罗纹卫衣三件套\n衣门襟：拉链\n适用年龄：1-3岁，6-12个月，3-6岁，6-9岁，9-12岁，12岁以上\n适用季节：冬季\n上市时间：2018秋季\n适用性别：通用\n安全等级：B',28,1),
('98334c0c54f24e40b3726d48f7647cc9','针织衫女2018秋冬季新款女装韩版时尚学生宽松加绒加厚保暖短款长袖毛衣女士上衣打底衫女外套头 白色 均码',99,'/upload/7/d/3/6/0/8/e/4/f4751568d5323fe04c482bad734563ac.jpg','商品毛重：300.00g\n货号：RHW208\n厚度：适中\n领型：圆领\n颜色：多色\n适用年龄：18-24周岁\n图案：几何图案\n尺码：均码\n组合规格：单件\n衣长：常规款\n主要材质：粘胶纤维\n流行元素：刺绣，绣花\n袖长：长袖\n袖型：常规\n衣门襟：无扣\n版型：直筒型\n款式：套头\n上市时间：2018冬',14,1),
('987c22fc710949b2bb54a84fed0e94a6','2018新款秋冬黑色复古背带裙子女连衣裙配毛衣打底A字裙 黑色 XL',269,'/upload/5/8/a/2/9/8/d/a/5f34b54f83c04631a3796663d0b1ffa3.jpg','商品毛重：200.00g\n货号：Z86254\n风格：街拍，优雅，休闲，简约，韩版，百搭，通勤\n厚度：适中\n颜色：黑色系\n适用年龄：25-29周岁\n图案：纯色\n尺码：XS，S，M，L，XL\n组合规格：单件\n裙型：背带裙\n主要材质：聚酯纤维\n廓形：H型\n流行元素：口袋，纽扣\n袖长：无袖\n版型：修身型\n裙长：中长裙\n分类：背带裙\n适用人群：学生，少女，轻熟女，成熟，亲子\n上市时间：2018冬',31,1),
('9906e27178894e10a6ba0a35e09047bf','童装女童套装男童秋冬装加绒加厚保暖罗纹卫衣外套裤子打底衫休闲儿童运动服中大童小孩衣服校服 红色 160(建议身高146-155cm)',138,'/upload/9/0/0/0/8/5/a/e/0df9a37e79450694a96494d348ed2bc0.jpg','商品毛重：1.0kg\n货号：男女童罗纹卫衣三件套\n衣门襟：拉链\n适用年龄：1-3岁，6-12个月，3-6岁，6-9岁，9-12岁，12岁以上\n适用季节：冬季\n上市时间：2018秋季\n适用性别：通用\n安全等级：B',25,1),
('99ac7c8eb1074b8a82ccd69c31cf9015','季候风2018冬季新款时尚通勤圆领中长款条纹针织长袖连衣裙女6844OA146 花兰MU2 M/160',548,'/upload/7/9/2/a/4/d/5/c/c469a72e34a9228385c6f73a1b3f2d2f.jpg','商品毛重：430.00g\n腰型：宽松腰\n风格：休闲，运动\n厚度：适中\n领型：圆领\n流行元素：条纹\n版型：直筒型\n裙型：包臀裙\n袖长：长袖\n袖型：常规\n适用年龄：25-29周岁\n主要材质：棉\n裙长：短裙\n分类：长袖连衣裙\n适用人群：少女\n上市时间：2018冬',31,1),
('9a0359814d4946278110527c6304f271','童装女童套装男童秋冬装加绒加厚保暖罗纹卫衣外套裤子打底衫休闲儿童运动服中大童小孩衣服校服 红色 160(建议身高146-155cm)',138,'/upload/f/5/4/8/e/6/5/3/0df9a37e79450694a96494d348ed2bc0.jpg','商品毛重：1.0kg\n货号：男女童罗纹卫衣三件套\n衣门襟：拉链\n适用年龄：1-3岁，6-12个月，3-6岁，6-9岁，9-12岁，12岁以上\n适用季节：冬季\n上市时间：2018秋季\n适用性别：通用\n安全等级：B',7,1),
('9a136c3846a94a3e882f483673600cb4','恒源祥羊毛衫女圆领2017秋冬新款厚针织衫纯羊毛纯色打底毛衣 粉红 160/S',358,'/upload/9/9/5/7/4/5/7/8/d6f54902a7203a4ae66b3f544d48e004.jpg','商品毛重：400.00g\n风格：简约\n领型：圆领\n颜色：其它\n图案：纯色\n尺码：S，M，L\n衣长：常规款\n主要材质：羊毛\n流行元素：其它\n成分含量：95%以上\n袖长：长袖\n袖型：其它\n版型：直筒型\n衣门襟：其它\n毛线粗细：常规毛线\n分类：羊毛衫\n款式：套头\n上市时间：2017冬',21,1),
('9ad69ec67146448590847a5451ae5852','茵曼2018冬装高腰显瘦纯色宽松休闲运动直筒长裤女【18840$91399】 花灰色 25',155.4,'/upload/e/d/3/0/e/a/f/3/6f260b3cfa6b4f2c76fed2b617b60308.jpg','商品毛重：1.0kg\n裤型：直筒裤\n适用年龄：25-29周岁\n厚度：薄款\n裤长：长裤\n腰型：高腰\n弹力：微弹\n上市时间：2018冬',26,1),
('9aee8f5eba5a4061bf962b06e9b0108f','新品卫衣2018新款女运动休闲套装春秋季韩版时尚连帽卫衣史努比学生潮 黑色(史努比) S',298,'/upload/e/3/1/c/0/6/6/d/88771e10851c76bfdf0f3754ff7d5356.jpg','商品毛重：300.00g\n货号：574555546614\n组合规格：两件套\n版型：宽松型\n厚度：适中\n领型：连帽\n袖型：常规\n衣长：常规款\n颜色：黑色系，灰色系，红色系，白色系，蓝色系，粉色系\n袖长：长袖\n衣门襟：拉链\n适用年龄：18-24周岁\n主要材质：棉\n图案：卡通动漫\n风格：韩版\n款式：套头\n上市时间：2018冬',19,1),
('9b1683aeb86d4987846744b7f4e5eb3c','中老年女装洋气妈妈装秋冬装毛呢外套上衣中长款50-60岁新款婚宴婆婆风衣 粉色+毛领 2XL【建议110-125斤】',178,'/upload/f/2/0/f/9/3/a/b/9f18bbb780ae9ddc4cfb1fe5e99d2ea7.jpg','商品毛重：0.8kg\n货号：BYM1810DWC938\n组合规格：单件\n版型：宽松型\n厚度：加厚\n领型：POLO领\n流行元素：格子，刺绣\n填充物：棉\n衣长：中长款\n袖长：长袖\n衣门襟：暗扣\n袖型：常规袖\n主要材质：毛呢\n图案：植物花卉\n分类：毛呢外套\n款式：套头\n上市时间：2018冬',18,1),
('9b32e809c3d749b0b29ede1352a11ab0','MOCO个性木耳边装饰高领长袖针织衫MA173TOP204 moco 祖母绿色 L',419,'/upload/0/2/b/8/6/c/7/9/28f17cd384dc1269d9ada8c7e753cae9.jpg','商品毛重：300.00g\n组合规格：单件\n厚度：适中\n领型：高领\n袖长：长袖\n适用年龄：25-29周岁\n版型：修身型\n主要材质：其它\n衣长：常规款\n款式：套头\n上市时间：2017秋',9,1),
('9b990d5c6cbf497ab4616bef3a3a40d2','W.DoubleuDot达点2018春秋款韩版女简约大气气质外套风衣WW7AR084 91米色 M',903,'/upload/c/8/6/7/8/5/4/6/995d1024f4a042d115b4e3398155026b.jpg','商品毛重：100.00g\n尺码：S，M\n厚度：适中\n袖长：长袖\n衣门襟：双排扣\n适用年龄：25-29周岁\n图案：纯色\n里料材质：聚酯纤维\n衣长：常规款\n上市时间：2018春',29,1),
('9bd9d9b8323d499aa681d5ad37b1505b','MOCO个性木耳边装饰高领长袖针织衫MA173TOP204 moco 祖母绿色 L',419,'/upload/6/5/d/e/2/0/0/e/28f17cd384dc1269d9ada8c7e753cae9.jpg','商品毛重：300.00g\n组合规格：单件\n厚度：适中\n领型：高领\n袖长：长袖\n适用年龄：25-29周岁\n版型：修身型\n主要材质：其它\n衣长：常规款\n款式：套头\n上市时间：2017秋',9,1),
('9c030fddf79d4edc8f70ec40a97a54b0','连衣裙新品2018冬装大码女装中长款金丝绒包臀裙长袖连衣裙蕾丝加绒加厚打底连衣裙 6786# 咖啡色 XL',139,'/upload/b/2/f/6/b/a/f/5/5b61e2430d0d00f524917b5c4a73a13c.jpg','商品毛重：100.00g\n货号：BH3-319-A-6786-50\n风格：优雅，中性风，韩版\n厚度：厚款\n领型：堆堆领\n颜色：黑色系，红色系\n适用年龄：25-29周岁\n尺码：S，M，L，XL，XXL\n组合规格：单件\n版型：修身型\n廓形：O型\n流行元素：蕾丝，镶钻，烫画\n袖长：长袖\n袖型：常规\n裙型：大摆裙\n裙长：中长裙\n分类：长袖连衣裙\n适用人群：胖mm，少女，轻熟女，成熟，亲子\n上市时间：2018冬',11,1),
('9c80f8fc9f79426780d17be4c5c897c9','2018冬新款韩版直筒西装领呢子大衣中长款呢大衣ENCIMEI1022C3586 粉 S',328,'/upload/a/d/4/7/7/8/3/5/936de4954c43000c00b068012cfb9e7c.jpg','商品毛重：1.2kg\n货号：ENCIMEI1022C3586\n厚度：适中\n领型：西装领\n颜色：粉色系\n里料图案：纯色\n图案：纯色\n里料材质：涤纶\n尺码：S，M，L，XL\n版型：直筒型\n主要材质：其它\n袖长：长袖\n衣门襟：单排扣\n衣领材质：兔毛领\n袖型：常规\n衣长：中长款\n适用年龄：25-29周岁\n上市时间：2018冬',27,1),
('9ca23e19b7fc499093a4841b075a2c76','连帽毛衣女宽松2018秋冬新款中长款女装针织衫外穿打底针织衫外套 红色质量堪比乐町 欧时力 拉夏贝尔 均码',352,'/upload/d/9/1/1/1/d/b/2/0dfdc01247076bca2b8a3b6dc28a3603.jpg','商品毛重：300.00g\n尺码：均码\n衣长：中长款\n领型：连帽\n袖长：长袖\n袖型：常规\n适用年龄：18-24周岁\n图案：纯色\n风格：通勤\n款式：套头\n上市时间：2018秋',8,1),
('9d29f422c5824945a89de678271f1a14','可福唯瑷 秋冬装2018新款花色加厚连衣裙女中长款修身圆领打底裙显瘦裙子 蓝色 3XL码',258,'/upload/e/e/a/7/4/1/a/a/0af2f9420ad67bfb4b2569fc0b3fa1a6.jpg','商品毛重：500.00g\n货号：KF2018D-卡KED-H18C62\n风格：简约\n厚度：厚款\n领型：V领\n颜色：多色\n适用年龄：30-34周岁\n图案：碎花\n尺码：M，L，XL，XXL\n组合规格：单件\n版型：修身型\n主要材质：聚酯纤维\n廓形：A型\n袖长：长袖\n衣门襟：拉链\n裙型：A字裙\n袖型：常规\n裙长：中长裙\n分类：长袖连衣裙\n适用人群：成熟\n上市时间：2018冬',11,1),
('9d6a720480424703b77bd8c10139817a','W.DoubleuDot达点2018夏季新品韩版女时尚帅气纯色风衣WW7WR487 83酒红色 S',1490,'/upload/d/4/5/4/5/c/a/1/1ba528641b54ec6061853783841b0c9a.jpg','商品毛重：100.00g\n尺码：S，M\n图案：纯色\n里料材质：其它\n风格：韩版\n上市时间：2018冬',29,1),
('9d764872109040738d74e91f543dd96e','新品夏季女装裙子修身显瘦无袖雪纺连衣裙波西米亚长裙海边度假沙滩裙 图片色 S',89,'/upload/8/d/7/0/f/9/c/c/af595c49bbd5e36a9a6586ad5d4af597.jpg','商品毛重：1.0kg\n风格：波西米亚\n适用年龄：17周岁以下\n图案：碎花\n尺码：S，M，L，XL，XXL\n组合规格：单件\n版型：茧型\n主要材质：雪纺\n流行元素：开衩\n袖长：无袖\n袖型：其它\n衣门襟：套头\n裙型：A字裙\n裙长：长裙\n分类：套装裙\n适用人群：胖mm\n上市时间：2018夏',15,1),
('9d8c3db006f54f1baad49449f27901ba','童装女童套装男童秋冬装加绒加厚保暖罗纹卫衣外套裤子打底衫休闲儿童运动服中大童小孩衣服校服 红色 160(建议身高146-155cm)',138,'/upload/7/4/c/b/2/b/a/c/0df9a37e79450694a96494d348ed2bc0.jpg','商品毛重：1.0kg\n货号：男女童罗纹卫衣三件套\n衣门襟：拉链\n适用年龄：1-3岁，6-12个月，3-6岁，6-9岁，9-12岁，12岁以上\n适用季节：冬季\n上市时间：2018秋季\n适用性别：通用\n安全等级：B',17,1),
('9e2c6db6916148af80c95c3e2679f0c0','童装女童套装男童秋冬装加绒加厚保暖罗纹卫衣外套裤子打底衫休闲儿童运动服中大童小孩衣服校服 红色 160(建议身高146-155cm)',138,'/upload/6/9/8/1/5/d/8/d/0df9a37e79450694a96494d348ed2bc0.jpg','商品毛重：1.0kg\n货号：男女童罗纹卫衣三件套\n衣门襟：拉链\n适用年龄：1-3岁，6-12个月，3-6岁，6-9岁，9-12岁，12岁以上\n适用季节：冬季\n上市时间：2018秋季\n适用性别：通用\n安全等级：B',25,1),
('9e87789ed8dc468d82ba3c07c838db5d','2018年冬装新冬装新款 撞毛料格子大翻领中长款羊毛呢大衣女 红色格子 165/88A',108,'/upload/4/7/6/3/f/a/3/8/c47b0cccd2c1d5809549dafc8b106dab.jpg','商品毛重：1.0kg\n里料材质：羊毛呢\n里料图案：格子\n主要材质：羊毛呢\n领型：翻领\n流行元素：格子\n衣长：中长款\n上市时间：2018冬',18,1),
('9eebc3912655403b825babb2d2d80d15','粉色短款卫衣女秋加绒2018新款连帽长袖韩版早秋ins高腰宽松外套 暗粉 常规款225-CHIKENcdr S',169.2,'/upload/c/6/7/3/d/0/a/9/0c004f45f618a7a8f9185b5264d0f78e.jpg','商品毛重：100.00g\n尺码：S，M，L\n主要材质：棉\n颜色：黑色系，红色系，白色系，粉色系\n袖长：长袖\n袖型：常规\n适用年龄：18-24周岁\n图案：植物花卉\n版型：宽松型\n款式：套头\n衣长：短',27,1),
('9f14244d3f144d7ca1f5502ecbd77fd7','季候风2018冬季新款时尚通勤圆领中长款条纹针织长袖连衣裙女6844OA146 花兰MU2 M/160',548,'/upload/9/4/1/7/e/e/3/4/c469a72e34a9228385c6f73a1b3f2d2f.jpg','商品毛重：430.00g\n腰型：宽松腰\n风格：休闲，运动\n厚度：适中\n领型：圆领\n流行元素：条纹\n版型：直筒型\n裙型：包臀裙\n袖长：长袖\n袖型：常规\n适用年龄：25-29周岁\n主要材质：棉\n裙长：短裙\n分类：长袖连衣裙\n适用人群：少女\n上市时间：2018冬',31,1),
('9f41e500c4714469b76e9797e95493d2','童装女童套装男童秋冬装加绒加厚保暖罗纹卫衣外套裤子打底衫休闲儿童运动服中大童小孩衣服校服 红色 160(建议身高146-155cm)',138,'/upload/1/2/4/b/5/d/1/b/0df9a37e79450694a96494d348ed2bc0.jpg','商品毛重：1.0kg\n货号：男女童罗纹卫衣三件套\n衣门襟：拉链\n适用年龄：1-3岁，6-12个月，3-6岁，6-9岁，9-12岁，12岁以上\n适用季节：冬季\n上市时间：2018秋季\n适用性别：通用\n安全等级：B',13,1),
('9f65f7225c6e48929bc89246e6a16e74','betu百图黑色微喇叭裤女长裤韩版高腰小脚裤休闲打底裤2018新款 喇叭裤 M',169,'/upload/4/6/9/e/2/2/4/a/eefc4d219d36875fdc47793f79f2f7bc.jpg','商品毛重：1.0kg\n腰型：高腰\n厚度：适中\n流行元素：立体裁剪\n适用年龄：25-29周岁\n裤长：长裤\n裤型：喇叭裤\n弹力：微弹\n上市时间：2018秋',22,1),
('9f771731623b4b14a0c1a6b6ca36402d','童装女童套装男童秋冬装加绒加厚保暖罗纹卫衣外套裤子打底衫休闲儿童运动服中大童小孩衣服校服 红色 160(建议身高146-155cm)',138,'/upload/3/a/c/8/d/b/9/0/0df9a37e79450694a96494d348ed2bc0.jpg','商品毛重：1.0kg\n货号：男女童罗纹卫衣三件套\n衣门襟：拉链\n适用年龄：1-3岁，6-12个月，3-6岁，6-9岁，9-12岁，12岁以上\n适用季节：冬季\n上市时间：2018秋季\n适用性别：通用\n安全等级：B',7,1),
('a02d8bbb42dc46689b175b759c28bf02','MOCO个性木耳边装饰高领长袖针织衫MA173TOP204 moco 祖母绿色 L',419,'/upload/c/a/b/0/b/5/2/8/28f17cd384dc1269d9ada8c7e753cae9.jpg','商品毛重：300.00g\n组合规格：单件\n厚度：适中\n领型：高领\n袖长：长袖\n适用年龄：25-29周岁\n版型：修身型\n主要材质：其它\n衣长：常规款\n款式：套头\n上市时间：2017秋',9,1),
('a0302aeda65347ce83e06839e2cc36fb','纤衣良品2018秋装新款秋季女装打底毛衣裙过膝D10079 灰色 XL-在线付款免邮',178,'/upload/5/5/1/d/8/3/3/5/86e3a3803eee399b005e113e3cce12ab.jpg','商品毛重：500.00',13,1),
('a081993dfceb44c9b2dc951dcc3321d5','晞薇 毛衣女2018秋冬季新款女装韩版宽松加绒加厚中长款长袖女士针织衫女上衣打底衫女外套头连衣裙针织 米白 M',118,'/upload/e/6/f/6/3/4/6/6/8f0666dfd8868ba40ca0d6cd912f54aa.jpg','商品毛重：300.00g\n货号：M1316\n组合规格：单件\n风格：韩版\n厚度：适中\n领型：圆领\n颜色：多色\n袖长：长袖\n袖型：常规\n适用年龄：18-24周岁\n衣长：中长款\n图案：纯色\n版型：修身型\n款式：套头\n上市时间：2018秋',12,1),
('a09639cbf8514672b2ef35c5d63555f9','恒源祥针织衫2018冬季女装加绒新款韩版长袖宽松打底针织衫上衣百搭显瘦打底衫女毛衣外套潮5903 粉色',128,'/upload/9/2/b/e/3/5/b/1/3b1628b8d77916c28f4592f08a9a6c0b.jpg','商品毛重：300.00g\n尺码：均码\n风格：简约\n厚度：适中\n领型：圆领\n版型：宽松型\n袖长：长袖\n袖型：常规\n适用年龄：25-29周岁\n衣长：常规款\n图案：几何图案\n主要材质：其它\n款式：套头\n上市时间：2018冬',16,1),
('a0d4fcc003814a6885d84c0061837ae4','针织毛衣女2018秋冬新品加绒加厚半高领宽松套头针织内搭韩版长袖保暖短款长袖毛衣女士高领打底 卡其色加绒 均码',118,'/upload/6/8/5/6/6/2/c/f/03a2680178dff6e1a7c462e5506545e6.jpg','商品毛重：300.00g\n货号：LXFS1240\n厚度：加厚\n领型：半高圆领\n颜色：多色\n适用年龄：25-29周岁\n图案：纯色\n尺码：其它\n组合规格：单件\n衣长：常规款\n主要材质：粘胶纤维\n流行元素：拼接，立体装饰，3D\n袖长：长袖\n袖型：常规\n衣门襟：无扣\n版型：修身型\n款式：套头\n上市时间：2018冬',10,1),
('a1b47910ebbd43fbbd2f09132cd263fd','童装女童套装男童秋冬装加绒加厚保暖罗纹卫衣外套裤子打底衫休闲儿童运动服中大童小孩衣服校服 红色 160(建议身高146-155cm)',138,'/upload/9/1/2/9/2/0/4/e/0df9a37e79450694a96494d348ed2bc0.jpg','商品毛重：1.0kg\n货号：男女童罗纹卫衣三件套\n衣门襟：拉链\n适用年龄：1-3岁，6-12个月，3-6岁，6-9岁，9-12岁，12岁以上\n适用季节：冬季\n上市时间：2018秋季\n适用性别：通用\n安全等级：B',17,1),
('a1c90560dd684f75858d736c6989cdd5','2018新款秋冬黑色复古背带裙子女连衣裙配毛衣打底A字裙 黑色 XL',269,'/upload/4/2/6/d/6/2/b/9/5f34b54f83c04631a3796663d0b1ffa3.jpg','商品毛重：200.00g\n货号：Z86254\n风格：街拍，优雅，休闲，简约，韩版，百搭，通勤\n厚度：适中\n颜色：黑色系\n适用年龄：25-29周岁\n图案：纯色\n尺码：XS，S，M，L，XL\n组合规格：单件\n裙型：背带裙\n主要材质：聚酯纤维\n廓形：H型\n流行元素：口袋，纽扣\n袖长：无袖\n版型：修身型\n裙长：中长裙\n分类：背带裙\n适用人群：学生，少女，轻熟女，成熟，亲子\n上市时间：2018冬',12,1),
('a1f047263dbb427b850f7682fba8aa80','特选韩国2018新款宽松大码男女情侣加厚工装羽绒服女中长款外套潮 灰白色 M质量堪比乐町 欧时力 拉夏贝尔',608,'/upload/6/4/f/1/7/d/d/e/e8d799d61df591b4cac9c5d5a45cabdd.jpg','商品毛重：1.0kg\n尺码：XS，S，M，L，XL\n厚度：常规\n领型：可脱卸帽\n流行元素：口袋，立体装饰，3D，肩章，纽扣，拉链，带毛领，系带，拼接\n主要材质：聚酯纤维\n袖长：长袖\n衣门襟：拉链\n适用年龄：18-24周岁\n袖型：常规\n图案：纯色\n填充物：白鸭绒\n款式：常规\n上市时间：2018秋',8,1),
('a20c644197ed400385ac48d66a23b6c0','茵曼2018秋装新款高领宽松侧开衩休闲保暖套头毛衣女针织衫【F1883$132557】 焦糖色 S',20,'/upload/f/5/5/5/8/7/3/f/5ba847cf6d0b36afee7f28fd3274222c.jpg','商品毛重：1.0kg\n版型：直筒型\n领型：高领\n风格：休闲\n袖长：长袖\n袖型：常规\n衣长：常规款\n厚度：适中\n图案：纯色\n毛线粗细：常规毛线\n款式：套头\n上市时间：2018秋',21,1),
('a3002f6bf5124f5690e22e12b23bbeaf','毛衣女2018秋冬季新款女装韩版宽松加绒加厚中长款长袖女士针织衫女上衣打底衫女外套头连衣裙针织 米白 M',118,'/upload/d/a/1/f/d/f/9/7/8f0666dfd8868ba40ca0d6cd912f54aa.jpg','商品毛重：300.00g\n货号：M1316\n组合规格：单件\n风格：韩版\n厚度：适中\n领型：圆领\n颜色：多色\n袖长：长袖\n袖型：常规\n适用年龄：18-24周岁\n衣长：中长款\n图案：纯色\n版型：修身型\n款式：套头\n上市时间：2018秋',12,1),
('a318dee227604b879e204989ee71222d','jessyline/杰西莱杰茜莱专柜2018年秋款外套830307194-799 牛仔兰 155-XS',495.36,'/upload/3/5/8/8/0/9/e/8/82f121d38c13f1959d7026a7e53d1e4b.jpg','商品毛重：100.00g\n尺码：155，160，165\n版型：直筒型\n类型：牛仔外套\n领型：POLO领\n颜色：黑色系\n袖长：长袖\n衣门襟：单排扣\n适用年龄：25-29周岁\n袖型：常规\n风格：通勤\n主要材质：',16,1),
('a3a55800c6fb452689b83f4a6dc8f6f7','童装女童套装男童秋冬装加绒加厚保暖罗纹卫衣外套裤子打底衫休闲儿童运动服中大童小孩衣服校服 红色 160(建议身高146-155cm)',138,'/upload/9/3/1/e/1/2/c/a/0df9a37e79450694a96494d348ed2bc0.jpg','商品毛重：1.0kg\n货号：男女童罗纹卫衣三件套\n衣门襟：拉链\n适用年龄：1-3岁，6-12个月，3-6岁，6-9岁，9-12岁，12岁以上\n适用季节：冬季\n上市时间：2018秋季\n适用性别：通用\n安全等级：B',28,1),
('a3acb8766af84fb2be2d5d3945aaf8ee','2018冬新款韩版直筒西装领呢子大衣中长款呢大衣ENCIMEI1022C3586 粉 S',328,'/upload/6/3/d/e/c/2/7/1/936de4954c43000c00b068012cfb9e7c.jpg','商品毛重：1.2kg\n货号：ENCIMEI1022C3586\n厚度：适中\n领型：西装领\n颜色：粉色系\n里料图案：纯色\n图案：纯色\n里料材质：涤纶\n尺码：S，M，L，XL\n版型：直筒型\n主要材质：其它\n袖长：长袖\n衣门襟：单排扣\n衣领材质：兔毛领\n袖型：常规\n衣长：中长款\n适用年龄：25-29周岁\n上市时间：2018冬',27,1),
('a5714944132e48239af476c03f1833fa','连衣裙新品2018冬装大码女装中长款金丝绒包臀裙长袖连衣裙蕾丝加绒加厚打底连衣裙 6786# 咖啡色 XL',139,'/upload/c/6/d/8/2/7/0/5/5b61e2430d0d00f524917b5c4a73a13c.jpg','商品毛重：100.00g\n货号：BH3-319-A-6786-50\n风格：优雅，中性风，韩版\n厚度：厚款\n领型：堆堆领\n颜色：黑色系，红色系\n适用年龄：25-29周岁\n尺码：S，M，L，XL，XXL\n组合规格：单件\n版型：修身型\n廓形：O型\n流行元素：蕾丝，镶钻，烫画\n袖长：长袖\n袖型：常规\n裙型：大摆裙\n裙长：中长裙\n分类：长袖连衣裙\n适用人群：胖mm，少女，轻熟女，成熟，亲子\n上市时间：2018冬',11,1),
('a7053298996945299e6693bb5d2be648','针织衫女2018秋冬季新款女装韩版时尚学生宽松加绒加厚保暖短款长袖毛衣女士上衣打底衫女外套头 白色 均码',99,'/upload/b/0/6/4/2/d/f/1/f4751568d5323fe04c482bad734563ac.jpg','商品毛重：300.00g\n货号：RHW208\n厚度：适中\n领型：圆领\n颜色：多色\n适用年龄：18-24周岁\n图案：几何图案\n尺码：均码\n组合规格：单件\n衣长：常规款\n主要材质：粘胶纤维\n流行元素：刺绣，绣花\n袖长：长袖\n袖型：常规\n衣门襟：无扣\n版型：直筒型\n款式：套头\n上市时间：2018冬',14,1),
('a74ed067d82d41598d22ece1fc392e86','粉红大布娃娃秋冬新款女装韩版时尚修身毛领带帽保暖面包服羽绒衣 枚红色 XL',399,'/upload/3/8/b/b/6/b/9/5/8175f9a29e252d1fe043e9ce8d39cb1b.jpg','商品毛重：1.0kg\n尺码：S\n领型：连帽\n颜色：蓝色系\n衣门襟：拉链\n含绒量：71%-80%\n衣长：中长款\n填充物：白鸭绒\n袖型：常规\n上市时间：2016冬',18,1),
('a77d5b3945e9409a9c3bfddc3fb73dd8','蓝紫新 连衣裙新品2018冬装大码女装中长款金丝绒包臀裙长袖连衣裙蕾丝加绒加厚打底连衣裙 6786# 咖啡色 XL',139,'/upload/d/c/3/a/8/3/6/9/5b61e2430d0d00f524917b5c4a73a13c.jpg','商品毛重：100.00g\n货号：BH3-319-A-6786-50\n风格：优雅，中性风，韩版\n厚度：厚款\n领型：堆堆领\n颜色：黑色系，红色系\n适用年龄：25-29周岁\n尺码：S，M，L，XL，XXL\n组合规格：单件\n版型：修身型\n廓形：O型\n流行元素：蕾丝，镶钻，烫画\n袖长：长袖\n袖型：常规\n裙型：大摆裙\n裙长：中长裙\n分类：长袖连衣裙\n适用人群：胖mm，少女，轻熟女，成熟，亲子\n上市时间：2018冬',11,1),
('a80d959e56494f16a2a9a95b44b16454','季候风2018冬季新款时尚通勤圆领中长款条纹针织长袖连衣裙女6844OA146 花兰MU2 M/160',548,'/upload/f/4/c/7/3/3/6/a/c469a72e34a9228385c6f73a1b3f2d2f.jpg','商品毛重：430.00g\n腰型：宽松腰\n风格：休闲，运动\n厚度：适中\n领型：圆领\n流行元素：条纹\n版型：直筒型\n裙型：包臀裙\n袖长：长袖\n袖型：常规\n适用年龄：25-29周岁\n主要材质：棉\n裙长：短裙\n分类：长袖连衣裙\n适用人群：少女\n上市时间：2018冬',31,1),
('a8196b0849334b83be4d6058b191cf84','2018秋冬情侣装新款韩版撞色套头针织衫男女学生百搭宽松毛衣上衣 白色(不分男女)质量堪比良布 拉夏贝尔 欧时力 3XL',188,'/upload/c/f/4/1/e/b/9/9/ea1a06b2d6dfdcd66de17098febcb29f.jpg','商品毛重：300.00g\n尺码：S，M，L，XL\n领型：圆领\n流行元素：条纹，拼接\n袖长：长袖\n袖型：常规\n风格：通勤\n毛线粗细：常规毛线\n款式：套头\n上市时间：2018秋',8,1),
('a8ca72880c954f34bea44319385d8446','季候风2018冬季新款时尚通勤圆领中长款条纹针织长袖连衣裙女6844OA146 花兰MU2 M/160',548,'/upload/1/b/7/e/f/d/e/5/c469a72e34a9228385c6f73a1b3f2d2f.jpg','商品毛重：430.00g\n腰型：宽松腰\n风格：休闲，运动\n厚度：适中\n领型：圆领\n流行元素：条纹\n版型：直筒型\n裙型：包臀裙\n袖长：长袖\n袖型：常规\n适用年龄：25-29周岁\n主要材质：棉\n裙长：短裙\n分类：长袖连衣裙\n适用人群：少女\n上市时间：2018冬',31,1),
('a9ca0b3381b84cd2a949066bf43d40f0','2018新款秋冬黑色复古背带裙子女连衣裙配毛衣打底A字裙 黑色 XL',269,'/upload/3/8/9/8/9/7/3/9/5f34b54f83c04631a3796663d0b1ffa3.jpg','商品毛重：200.00g\n货号：Z86254\n风格：街拍，优雅，休闲，简约，韩版，百搭，通勤\n厚度：适中\n颜色：黑色系\n适用年龄：25-29周岁\n图案：纯色\n尺码：XS，S，M，L，XL\n组合规格：单件\n裙型：背带裙\n主要材质：聚酯纤维\n廓形：H型\n流行元素：口袋，纽扣\n袖长：无袖\n版型：修身型\n裙长：中长裙\n分类：背带裙\n适用人群：学生，少女，轻熟女，成熟，亲子\n上市时间：2018冬',13,1),
('aa2d835bc6ec4b83b40c57f822f7881a','xg雪歌女装2018冬装新款韩版宽松中长款针织衫长袖慵懒风毛衣连衣裙子 卡其 34/155/S',854,'/upload/9/5/d/1/b/5/6/b/0b2065d80fe865a141266ab882d44573.jpg','商品毛重：1.0kg\n腰型：中腰\n主要材质：锦纶\n流行元素：纽扣\n袖长：长袖\n袖型：常规\n适用年龄：30-34周岁\n图案：纯色\n适用人群：轻熟女\n裙长：中',20,1),
('aa2e4ba64f714df1bb0c4b79ee74d37f','欧美复古秋季新款棒球领撞色拼接针织开衫外套 绿色 XL',268,'/upload/d/5/6/c/1/b/8/f/7f8210843550676e4d7b8a713961e023.jpg','商品毛重：100.00g\n货号：HR629-203\n风格：复古\n厚度：适中\n领型：棒球领\n流行元素：链条\n版型：宽松型\n袖长：长袖\n衣门襟：拉链\n适用年龄：25-29周岁\n衣长：常规款\n袖型：常规\n主要材质：棉\n款式：开衫\n上市时间：2018秋',22,1),
('ab742e10b86f40329bc54b4bee2b2f6f','冬季连衣裙2018冬新款长袖针织秋冬裙子女装假两件套套装裙时尚气质 OSYW-18B10-10 黑色 L',348,'/upload/c/d/0/8/b/a/4/7/159af3b013db48446175ae28d208b555.jpg','商品产地：湖北武汉\n腰型：高腰\n厚度：适中\n领型：圆领\n颜色：黑色系，红色系\n适用年龄：30-34周岁\n图案：纯色，碎花，大花\n组合规格：单件\n版型：修身型\n主要材质：聚酯纤维\n廓形：A型\n流行元素：3D，立体装饰，拼接，立体裁剪，印花\n袖长：长袖\n袖型：常规\n裙型：A字裙\n裙长：中裙\n分类：长袖连衣裙\n衣门襟：无扣\n上市时间：2018秋',11,1),
('abd411a4b64343cd883afbcbaba5a397','MOCO针织开衫毛衫女宽松休闲外套MA173CAR310 摩安珂 黑色 M',1249,'/upload/d/4/5/c/0/2/3/5/fe3f48dc4af43d2198c85ba6e30de32b.jpg','商品毛重：300.00g\n组合规格：单件\n主要材质：羊毛\n袖长：长袖\n适用年龄：25-29周岁\n衣长：中长款\n风格：欧美\n款式：开衫\n上市时间：2017秋',9,1),
('abe0db03de03408da39477d194896b57','童装女童套装男童秋冬装加绒加厚保暖罗纹卫衣外套裤子打底衫休闲儿童运动服中大童小孩衣服校服 红色 160(建议身高146-155cm)',138,'/upload/c/f/a/9/5/c/3/3/0df9a37e79450694a96494d348ed2bc0.jpg','商品毛重：1.0kg\n货号：男女童罗纹卫衣三件套\n衣门襟：拉链\n适用年龄：1-3岁，6-12个月，3-6岁，6-9岁，9-12岁，12岁以上\n适用季节：冬季\n上市时间：2018秋季\n适用性别：通用\n安全等级：B',25,1),
('ac144d56838c4240b9acb166f256f07c','恒源祥羊毛衫女2018秋冬新款韩版女士修身打底衫套头一字肩针织衫 粉红色 165',358,'/upload/1/4/9/5/1/b/e/8/abd489ca476443122ebf1a0b2491b37c.jpg','商品毛重：1.0kg\n货号：23WLH033\n组合规格：单件\n版型：修身型\n厚度：适中\n领型：一字领\n风格：百搭\n主要材质：羊毛\n袖长：长袖\n衣门襟：无扣\n适用年龄：30-34周岁\n袖型：常规\n图案：纯色\n衣长：常规款\n款式：套头\n上市时间：2018秋',14,1),
('ad166b2a4496448fb1bcf4ba1eca36df','BAGPIPE风笛针织衫女秋装新款女士毛衣衫圆领藏青色印花长袖针织衫女 藏青色 XL',349,'/upload/7/5/7/0/9/8/7/9/9b47c331f4281a18e316ab2910b5c530.jpg','商品毛重：300.00g\n货号：71741\n组合规格：单件\n适用年龄：25-29周岁\n版型：直筒型\n领型：圆领\n衣长：常规款\n款式：套头\n上市时间：2018春',21,1),
('ad6c90e58fea4880af64bae0f030d23b','童装女童套装男童秋冬装加绒加厚保暖罗纹卫衣外套裤子打底衫休闲儿童运动服中大童小孩衣服校服 红色 160(建议身高146-155cm)',138,'/upload/3/a/8/0/3/c/0/7/0df9a37e79450694a96494d348ed2bc0.jpg','商品毛重：1.0kg\n货号：男女童罗纹卫衣三件套\n衣门襟：拉链\n适用年龄：1-3岁，6-12个月，3-6岁，6-9岁，9-12岁，12岁以上\n适用季节：冬季\n上市时间：2018秋季\n适用性别：通用\n安全等级：B',13,1),
('adb337b695174b02af13b3c786c6ee24','连衣裙女韩版无袖V领荷叶边裙摆 秋冬新款 M73 藏青 L',699,'/upload/e/d/7/e/3/9/3/7/19525e7f673a3253976422dbe1241cd9.jpg','商品毛重：500.00g\n货号：M73OD1525\n风格：韩版\n领型：V领\n颜色：蓝色系\n适用年龄：25-29周岁\n图案：创意趣味\n尺码：S，M，L，XL\n组合规格：单件\n裙型：A字裙\n主要材质：棉\n流行元素：贴布，刺绣\n袖长：无袖\n袖型：常规\n裙长：中裙\n分类：背心裙\n适用人群：少女\n上市时间：2017秋',24,1),
('ae7f3b65a07748bd95d8c25d62fef570','童装女童套装男童秋冬装加绒加厚保暖罗纹卫衣外套裤子打底衫休闲儿童运动服中大童小孩衣服校服 红色 160(建议身高146-155cm)',138,'/upload/8/1/5/0/c/a/4/4/0df9a37e79450694a96494d348ed2bc0.jpg','商品毛重：1.0kg\n货号：男女童罗纹卫衣三件套\n衣门襟：拉链\n适用年龄：1-3岁，6-12个月，3-6岁，6-9岁，9-12岁，12岁以上\n适用季节：冬季\n上市时间：2018秋季\n适用性别：通用\n安全等级：B',7,1),
('af21b0f4599848b1b71681b77bde362a','AIVEI欣贺艾薇2018秋新款修身蝴蝶结雪纺拼接女连衣裙K0560016 黑色 S',789,'/upload/e/1/3/c/9/9/6/3/596acb5f14a69b7f53faf089046ecb13.jpg','商品毛重：100.00g\n尺码：S\n主要材质：涤纶\n领型：娃娃领\n流行元素：拼接\n颜色：黑色系\n袖长：长袖\n衣门襟：拉链\n适用年龄：25-29周岁\n图案：纯色\n裙长：短裙\n袖型：喇叭袖\n裙型：A字裙\n腰型：高',15,1),
('af9d0fab43534b648648b0aa544745ed','2018冬新款韩版直筒西装领呢子大衣中长款呢大衣ENCIMEI1022C3586 粉 S',328,'/upload/b/6/6/5/3/a/6/1/936de4954c43000c00b068012cfb9e7c.jpg','商品毛重：1.2kg\n货号：ENCIMEI1022C3586\n厚度：适中\n领型：西装领\n颜色：粉色系\n里料图案：纯色\n图案：纯色\n里料材质：涤纶\n尺码：S，M，L，XL\n版型：直筒型\n主要材质：其它\n袖长：长袖\n衣门襟：单排扣\n衣领材质：兔毛领\n袖型：常规\n衣长：中长款\n适用年龄：25-29周岁\n上市时间：2018冬',27,1),
('b0a6b2f4888e40cba70fb6dea6f89506','MOCO个性木耳边装饰高领长袖针织衫MA173TOP204 moco 祖母绿色 L',419,'/upload/f/1/2/a/6/b/7/8/28f17cd384dc1269d9ada8c7e753cae9.jpg','商品毛重：300.00g\n组合规格：单件\n厚度：适中\n领型：高领\n袖长：长袖\n适用年龄：25-29周岁\n版型：修身型\n主要材质：其它\n衣长：常规款\n款式：套头\n上市时间：2017秋',9,1),
('b0abc6db4a0a4255af53ae57d2556c3a','甘甘的世界2018秋冬30-40岁中年妈妈知性气质高端连衣裙中长款大码宽松收腰系带显瘦时尚休闲打底裙 黑色 XL',448,'/upload/c/d/c/b/8/d/9/a/4443a50a9b27146e510067e990740a45.jpg','商品毛重：1.0kg\n腰型：高腰\n厚度：适中\n领型：圆领\n颜色：黑色系\n适用年龄：40-49周岁\n图案：纯色\n尺码：L\n组合规格：单件\n版型：宽松型\n廓形：A型\n流行元素：绑带，开衩，口袋，拼接，条纹，腰带，拉链，抽绳，印花\n袖长：长袖\n衣门襟：拉链\n裙型：铅笔裙\n袖型：常规\n裙长：长裙\n分类：长袖连衣裙\n适用人群：胖mm，学生，少女，轻熟女，成熟，亲子，孕妇\n上市时间：2018秋',28,1),
('b104d236fef8409f850e28a6c74060a0','新品卫衣2018新款女长袖韩版宽松连帽薄款运动超火夏秋季套头卫衣套装 黑色(史努比) S',298,'/upload/2/8/8/f/0/2/2/5/86326e0d5b247a888a380c949bb29db2.jpg','商品毛重：300.00g\n货号：574678347263\n组合规格：两件套\n版型：宽松型\n厚度：薄款\n领型：连帽\n袖型：常规\n衣长：常规款\n颜色：黑色系，灰色系，红色系，白色系，蓝色系，粉色系\n袖长：长袖\n衣门襟：拉链\n适用年龄：18-24周岁\n主要材质：棉\n图案：卡通动漫\n风格：韩版\n款式：套头\n上市时间：2018冬',19,1),
('b109877ff0454a8f8797d69c66cf5d1b','针织毛衣女2018秋冬新品加绒加厚半高领宽松套头针织内搭韩版长袖保暖短款长袖毛衣女士高领打底 卡其色加绒 均码',118,'/upload/5/4/7/0/2/3/4/4/03a2680178dff6e1a7c462e5506545e6.jpg','商品毛重：300.00g\n货号：LXFS1240\n厚度：加厚\n领型：半高圆领\n颜色：多色\n适用年龄：25-29周岁\n图案：纯色\n尺码：其它\n组合规格：单件\n衣长：常规款\n主要材质：粘胶纤维\n流行元素：拼接，立体装饰，3D\n袖长：长袖\n袖型：常规\n衣门襟：无扣\n版型：修身型\n款式：套头\n上市时间：2018冬',10,1),
('b117cfb2ef164bb3a8e989f21210cd40','针织毛衣女2018秋冬新品加绒加厚半高领宽松套头针织内搭韩版长袖保暖短款长袖毛衣女士高领打底 卡其色加绒 均码',118,'/upload/2/b/9/0/d/2/f/f/03a2680178dff6e1a7c462e5506545e6.jpg','商品毛重：300.00g\n货号：LXFS1240\n厚度：加厚\n领型：半高圆领\n颜色：多色\n适用年龄：25-29周岁\n图案：纯色\n尺码：其它\n组合规格：单件\n衣长：常规款\n主要材质：粘胶纤维\n流行元素：拼接，立体装饰，3D\n袖长：长袖\n袖型：常规\n衣门襟：无扣\n版型：修身型\n款式：套头\n上市时间：2018冬',10,1),
('b177ce75ae23405695dfc384fe23b65e','棉衣棉服女2018冬季新款大码宽松小个子连帽保暖羽绒棉服女加厚棉袄外套女装T-102-2015 铁锈红 M',159,'/upload/a/0/b/e/e/3/4/8/baeca3e0676b970af486017eedbe0e9b.jpg','商品毛重：1.0kg\n尺码：S，M，L，XL\n风格：通勤\n厚度：加厚\n领型：连帽\n流行元素：拉链，口袋\n衣长：短款\n袖型：常规\n袖长：长袖\n衣门襟：拉链\n适用年龄：25-29周岁\n主要材质：棉\n图案：纯色\n填充物：羽绒棉\n款式：常规\n上市时间：2018冬',25,1),
('b23f2137775f4a6a9a90a191f845edd1','恒源祥羊毛衫女圆领2017秋冬新款厚针织衫纯羊毛纯色打底毛衣 粉红 160/S',358,'/upload/9/f/6/6/0/7/a/4/d6f54902a7203a4ae66b3f544d48e004.jpg','商品毛重：400.00g\n风格：简约\n领型：圆领\n颜色：其它\n图案：纯色\n尺码：S，M，L\n衣长：常规款\n主要材质：羊毛\n流行元素：其它\n成分含量：95%以上\n袖长：长袖\n袖型：其它\n版型：直筒型\n衣门襟：其它\n毛线粗细：常规毛线\n分类：羊毛衫\n款式：套头\n上市时间：2017冬',21,1),
('b29d92c63f7e47fa8a0eeba626a5c059','季候风2018冬季新款时尚通勤圆领中长款条纹针织长袖连衣裙女6844OA146 花兰MU2 M/160',548,'/upload/b/3/0/7/3/f/f/0/c469a72e34a9228385c6f73a1b3f2d2f.jpg','商品毛重：430.00g\n腰型：宽松腰\n风格：休闲，运动\n厚度：适中\n领型：圆领\n流行元素：条纹\n版型：直筒型\n裙型：包臀裙\n袖长：长袖\n袖型：常规\n适用年龄：25-29周岁\n主要材质：棉\n裙长：短裙\n分类：长袖连衣裙\n适用人群：少女\n上市时间：2018冬',25,1),
('b34580dc08b641309f0b42279ae16d3e','2018冬季新款时尚名媛气质修身圆领刺绣连衣裙 P9546 黑色 XL',168,'/upload/8/1/0/1/3/8/5/3/e3990c4904015a00ff58b38104208357.jpg','商品毛重：350.00g\n货号：P9546\n组合规格：单件\n裙型：A字裙\n领型：圆领\n袖长：长袖\n裙长：中长裙\n适用年龄：35-39周岁\n风格：通勤\n图案：其它\n分类：长袖连衣裙\n版型：修身型\n上市时间：2018冬',17,1),
('b392df15ad8b49c09dc5382fb424b835','冬装新款甜美印花毛圈袖轻薄款连帽羽绒服女 红花色 XS',249,'/upload/4/1/4/d/4/7/9/4/98f5353702524b825d93181985510a37.jpg','商品毛重：300.00g\n货号：560007673489\n厚度：薄款\n领型：连帽\n颜色：红色系\n适用年龄：25-29周岁\n图案：卡通动漫\n填充物：白鸭绒\n尺码：XS，S，M，L\n衣长：中长款\n主要材质：牛仔布\n含绒量：81%-90%\n流行元素：印花，拼接\n充绒量：100g以下\n袖长：长袖\n衣门襟：暗扣\n衣领材质：其它\n版型：修身型\n袖型：常规\n款式：常规\n上市时间：2018秋',18,1),
('b3afe14def9d41da86ee481e41a4c5a8','2018冬季新款时尚名媛气质修身圆领刺绣连衣裙 P9546 黑色 XL',168,'/upload/6/a/e/3/4/6/0/e/e3990c4904015a00ff58b38104208357.jpg','商品毛重：350.00g\n货号：P9546\n组合规格：单件\n裙型：A字裙\n领型：圆领\n袖长：长袖\n裙长：中长裙\n适用年龄：35-39周岁\n风格：通勤\n图案：其它\n分类：长袖连衣裙\n版型：修身型\n上市时间：2018冬',14,1),
('b3b976ae6619466db4ef89cdb7f9cc3d','童装女童套装男童秋冬装加绒加厚保暖罗纹卫衣外套裤子打底衫休闲儿童运动服中大童小孩衣服校服 红色 160(建议身高146-155cm)',138,'/upload/f/3/8/d/a/0/5/d/0df9a37e79450694a96494d348ed2bc0.jpg','商品毛重：1.0kg\n货号：男女童罗纹卫衣三件套\n衣门襟：拉链\n适用年龄：1-3岁，6-12个月，3-6岁，6-9岁，9-12岁，12岁以上\n适用季节：冬季\n上市时间：2018秋季\n适用性别：通用\n安全等级：B',17,1),
('b3ba88e7fd294ec4b6a3a2e52b39a37c','AIVEI欣贺艾薇2018秋新款修身蝴蝶结雪纺拼接女连衣裙K0560016 黑色 S',789,'/upload/5/a/8/1/d/7/9/d/596acb5f14a69b7f53faf089046ecb13.jpg','商品毛重：100.00g\n尺码：S\n主要材质：涤纶\n领型：娃娃领\n流行元素：拼接\n颜色：黑色系\n袖长：长袖\n衣门襟：拉链\n适用年龄：25-29周岁\n图案：纯色\n裙长：短裙\n袖型：喇叭袖\n裙型：A字裙\n腰型：高',15,1),
('b46853ac034942cd81c901d38fc730de','童装女童套装男童秋冬装加绒加厚保暖罗纹卫衣外套裤子打底衫休闲儿童运动服中大童小孩衣服校服 红色 160(建议身高146-155cm)',138,'/upload/8/9/c/a/a/3/7/f/0df9a37e79450694a96494d348ed2bc0.jpg','商品毛重：1.0kg\n货号：男女童罗纹卫衣三件套\n衣门襟：拉链\n适用年龄：1-3岁，6-12个月，3-6岁，6-9岁，9-12岁，12岁以上\n适用季节：冬季\n上市时间：2018秋季\n适用性别：通用\n安全等级：B',25,1),
('b77542ac8a0242f4b4e95e9e9695c245','betu百图黑色微喇叭裤女长裤韩版高腰小脚裤休闲打底裤2018新款 喇叭裤 M',169,'/upload/3/9/7/2/4/3/2/8/eefc4d219d36875fdc47793f79f2f7bc.jpg','商品毛重：1.0kg\n腰型：高腰\n厚度：适中\n流行元素：立体裁剪\n适用年龄：25-29周岁\n裤长：长裤\n裤型：喇叭裤\n弹力：微弹\n上市时间：2018秋',22,1),
('b7d8ea0976a64cd6bd8911aef0449bcd','粉色短款卫衣女秋加绒2018新款连帽长袖韩版早秋ins高腰宽松外套 暗粉 常规款225-CHIKENcdr S',187.2,'/upload/e/c/9/d/d/6/8/8/fe36f95e23ae03d61a880401991617fc.jpg','商品毛重：100.00g\n尺码：S，M，L\n主要材质：棉\n颜色：黑色系，红色系，白色系，粉色系\n袖长：长袖\n袖型：常规\n适用年龄：18-24周岁\n图案：植物花卉\n版型：宽松型\n款式：套头\n衣长：短',27,1),
('b7f3f4f43d33423d887212c259a7bd0a','范思蓝恩 2018新款秋冬黑色复古背带裙子女连衣裙配毛衣打底A字裙 黑色 XL',269,'/upload/a/f/5/e/c/7/7/8/5f34b54f83c04631a3796663d0b1ffa3.jpg','商品毛重：200.00g\n货号：Z86254\n风格：街拍，优雅，休闲，简约，韩版，百搭，通勤\n厚度：适中\n颜色：黑色系\n适用年龄：25-29周岁\n图案：纯色\n尺码：XS，S，M，L，XL\n组合规格：单件\n裙型：背带裙\n主要材质：聚酯纤维\n廓形：H型\n流行元素：口袋，纽扣\n袖长：无袖\n版型：修身型\n裙长：中长裙\n分类：背带裙\n适用人群：学生，少女，轻熟女，成熟，亲子\n上市时间：2018冬',14,1),
('b7fea665d3f145c3aebf9ead79892ff9','xg雪歌女装2018冬装新款韩版宽松中长款针织衫长袖慵懒风毛衣连衣裙子 卡其 34/155/S',854,'/upload/b/9/d/b/5/0/2/c/0b2065d80fe865a141266ab882d44573.jpg','商品毛重：1.0kg\n腰型：中腰\n主要材质：锦纶\n流行元素：纽扣\n袖长：长袖\n袖型：常规\n适用年龄：30-34周岁\n图案：纯色\n适用人群：轻熟女\n裙长：中',20,1),
('b8083cecff8341ccbf321d9341a4d11b','丝绒衬衫裙女中长款收腰长袖连衣裙2018新款1809T93 焦糖色 XS（两色预售12.21发）',259,'/upload/5/5/d/1/8/7/d/f/0fee8133fe00b3ca3e71826ec7399a9f.jpg','商品毛重：1.0kg\n腰型：高腰\n裙型：A字裙\n主要材质：涤纶\n领型：翻领\n袖长：长袖\n袖型：常规\n适用年龄：25-29周岁\n裙长：中长裙\n适用人群：轻熟女\n图案：纯',22,1),
('b8a8abe1342f427480546cc5d4260199','连衣裙新品2018冬装大码女装中长款金丝绒包臀裙长袖连衣裙蕾丝加绒加厚打底连衣裙 6786# 咖啡色 XL',139,'/upload/e/4/5/4/a/0/b/f/5b61e2430d0d00f524917b5c4a73a13c.jpg','商品毛重：100.00g\n货号：BH3-319-A-6786-50\n风格：优雅，中性风，韩版\n厚度：厚款\n领型：堆堆领\n颜色：黑色系，红色系\n适用年龄：25-29周岁\n尺码：S，M，L，XL，XXL\n组合规格：单件\n版型：修身型\n廓形：O型\n流行元素：蕾丝，镶钻，烫画\n袖长：长袖\n袖型：常规\n裙型：大摆裙\n裙长：中长裙\n分类：长袖连衣裙\n适用人群：胖mm，少女，轻熟女，成熟，亲子\n上市时间：2018冬',11,1),
('b8b003a9e6c649f191c6f939113629c2','童装女童套装男童秋冬装加绒加厚保暖罗纹卫衣外套裤子打底衫休闲儿童运动服中大童小孩衣服校服 红色 160(建议身高146-155cm)',138,'/upload/b/0/e/6/3/6/4/1/0df9a37e79450694a96494d348ed2bc0.jpg','商品毛重：1.0kg\n货号：男女童罗纹卫衣三件套\n衣门襟：拉链\n适用年龄：1-3岁，6-12个月，3-6岁，6-9岁，9-12岁，12岁以上\n适用季节：冬季\n上市时间：2018秋季\n适用性别：通用\n安全等级：B',13,1),
('b9987bfc15bb45dc89b3431cc7289126','甜美活泼冬季新品秋款可爱卡哇伊俏皮阿桑娜2018春秋少女学生装动漫卡通兔耳朵打底宽松棉连帽卫衣外套C 粉红色 M',219,'/upload/5/6/3/c/3/a/c/c/0c4af21f58fc315b04d84bb54dbedda7.jpg','商品毛重：100.00g\n尺码：M，L\n主要材质：棉\n颜色：白色系\n袖长：长袖\n袖型：插肩袖\n适用年龄：18-24周岁\n图案：卡通动漫\n版型：直筒型\n款式：套头\n衣长：常规',23,1),
('ba4e58bd154049aabcd04989e5a3ddc6','针织毛衣女2018秋冬新品加绒加厚半高领宽松套头针织内搭韩版长袖保暖短款长袖毛衣女士高领打底 卡其色加绒 均码',118,'/upload/b/7/6/2/1/6/f/5/03a2680178dff6e1a7c462e5506545e6.jpg','商品毛重：300.00g\n货号：LXFS1240\n厚度：加厚\n领型：半高圆领\n颜色：多色\n适用年龄：25-29周岁\n图案：纯色\n尺码：其它\n组合规格：单件\n衣长：常规款\n主要材质：粘胶纤维\n流行元素：拼接，立体装饰，3D\n袖长：长袖\n袖型：常规\n衣门襟：无扣\n版型：修身型\n款式：套头\n上市时间：2018冬',10,1),
('ba6e5d76d90648d5b41b733d0a66a871','BAGPIPE风笛2018新款女士中长款羽绒服冬季长款外套修身保暖上衣 灰色 L',485,'/upload/d/0/a/f/6/3/b/0/d243709f082f1a148bf7795c54b00316.jpg','商品毛重：100.00g\n尺码：XS，S，M，L，XL，XXL\n主要材质：锦纶\n含绒量：81%-90%\n充绒量：100g(含)-150g(不含)\n颜色：灰色系\n袖长：长袖\n衣门襟：暗扣\n适用年龄：25-29周岁\n袖型：常规\n填充物：白鸭绒\n风格：街头嘻哈\n衣长：中长',21,1),
('bb789417051a4b328c4263542e8229e2','毛衣女2018秋冬季新款女装韩版宽松加绒加厚中长款长袖女士针织衫女上衣打底衫女外套头连衣裙针织 米白 M',118,'/upload/3/b/0/2/3/4/7/e/8f0666dfd8868ba40ca0d6cd912f54aa.jpg','商品毛重：300.00g\n货号：M1316\n组合规格：单件\n风格：韩版\n厚度：适中\n领型：圆领\n颜色：多色\n袖长：长袖\n袖型：常规\n适用年龄：18-24周岁\n衣长：中长款\n图案：纯色\n版型：修身型\n款式：套头\n上市时间：2018秋',12,1),
('bbfc905a84834570a7e4e34bc26eece9','季候风2018冬季新款时尚通勤圆领中长款条纹针织长袖连衣裙女6844OA146 花兰MU2 M/160',548,'/upload/e/a/9/1/9/c/a/0/c469a72e34a9228385c6f73a1b3f2d2f.jpg','商品毛重：430.00g\n腰型：宽松腰\n风格：休闲，运动\n厚度：适中\n领型：圆领\n流行元素：条纹\n版型：直筒型\n裙型：包臀裙\n袖长：长袖\n袖型：常规\n适用年龄：25-29周岁\n主要材质：棉\n裙长：短裙\n分类：长袖连衣裙\n适用人群：少女\n上市时间：2018冬',31,1),
('bc7752ada37b499a9553fc714a812b5c','PRICH女装2018新款大气外套方领纯色时尚女士端庄风衣PRJT84901C 米色 170/92A',586.08,'/upload/6/f/0/7/b/2/b/8/214bd9ba992af43de7c666335c46ba17.jpg','商品毛重：100.00g\n货号：574267293158\n里料材质：其它\n版型：A字型\n颜色：多色，粉色',30,1),
('bc9e6d94e4ec4e009337a5708f116fe5','童装女童套装男童秋冬装加绒加厚保暖罗纹卫衣外套裤子打底衫休闲儿童运动服中大童小孩衣服校服 红色 160(建议身高146-155cm)',138,'/upload/b/e/a/4/f/3/4/2/0df9a37e79450694a96494d348ed2bc0.jpg','商品毛重：1.0kg\n货号：男女童罗纹卫衣三件套\n衣门襟：拉链\n适用年龄：1-3岁，6-12个月，3-6岁，6-9岁，9-12岁，12岁以上\n适用季节：冬季\n上市时间：2018秋季\n适用性别：通用\n安全等级：B',28,1),
('bca0b7b6966e4cfcaf81765f79e3ff79','针织衫女2018秋冬季新款女装韩版时尚学生宽松加绒加厚保暖短款长袖毛衣女士上衣打底衫女外套头 白色 均码',99,'/upload/a/f/7/1/3/f/c/2/f4751568d5323fe04c482bad734563ac.jpg','商品毛重：300.00g\n货号：RHW208\n厚度：适中\n领型：圆领\n颜色：多色\n适用年龄：18-24周岁\n图案：几何图案\n尺码：均码\n组合规格：单件\n衣长：常规款\n主要材质：粘胶纤维\n流行元素：刺绣，绣花\n袖长：长袖\n袖型：常规\n衣门襟：无扣\n版型：直筒型\n款式：套头\n上市时间：2018冬',14,1),
('bca0e601f031499182d444192d809f62','新品卫衣2018新款女长袖韩版宽松连帽薄款运动超火夏秋季套头卫衣套装 黑色(史努比) S',298,'/upload/e/e/6/b/b/f/d/2/86326e0d5b247a888a380c949bb29db2.jpg','商品毛重：300.00g\n货号：574678347263\n组合规格：两件套\n版型：宽松型\n厚度：薄款\n领型：连帽\n袖型：常规\n衣长：常规款\n颜色：黑色系，灰色系，红色系，白色系，蓝色系，粉色系\n袖长：长袖\n衣门襟：拉链\n适用年龄：18-24周岁\n主要材质：棉\n图案：卡通动漫\n风格：韩版\n款式：套头\n上市时间：2018冬',19,1),
('bd370ec21cf14eddbfa75b8c95031b38','毛衣女2018秋冬季新款女装韩版宽松加绒加厚中长款长袖女士针织衫女上衣打底衫女外套头连衣裙针织 米白 M',118,'/upload/b/2/0/8/5/5/f/5/8f0666dfd8868ba40ca0d6cd912f54aa.jpg','商品毛重：300.00g\n货号：M1316\n组合规格：单件\n风格：韩版\n厚度：适中\n领型：圆领\n颜色：多色\n袖长：长袖\n袖型：常规\n适用年龄：18-24周岁\n衣长：中长款\n图案：纯色\n版型：修身型\n款式：套头\n上市时间：2018秋',10,1),
('bd81bb7df5594fa2be5e49847605049b','童装女童套装男童秋冬装加绒加厚保暖罗纹卫衣外套裤子打底衫休闲儿童运动服中大童小孩衣服校服 红色 160(建议身高146-155cm)',138,'/upload/2/8/9/a/6/f/4/8/0df9a37e79450694a96494d348ed2bc0.jpg','商品毛重：1.0kg\n货号：男女童罗纹卫衣三件套\n衣门襟：拉链\n适用年龄：1-3岁，6-12个月，3-6岁，6-9岁，9-12岁，12岁以上\n适用季节：冬季\n上市时间：2018秋季\n适用性别：通用\n安全等级：B',17,1),
('bdc7981c2776414aa20bf0226074c004','童装女童套装男童秋冬装加绒加厚保暖罗纹卫衣外套裤子打底衫休闲儿童运动服中大童小孩衣服校服 红色 160(建议身高146-155cm)',138,'/upload/3/0/a/e/7/c/5/f/0df9a37e79450694a96494d348ed2bc0.jpg','商品毛重：1.0kg\n货号：男女童罗纹卫衣三件套\n衣门襟：拉链\n适用年龄：1-3岁，6-12个月，3-6岁，6-9岁，9-12岁，12岁以上\n适用季节：冬季\n上市时间：2018秋季\n适用性别：通用\n安全等级：B',13,1),
('be17482cbdb64312bd80ca043a550e9d','针织毛衣女2018秋冬新品加绒加厚半高领宽松套头针织内搭韩版长袖保暖短款长袖毛衣女士高领打底 卡其色加绒 均码',118,'/upload/8/5/4/2/5/9/5/c/03a2680178dff6e1a7c462e5506545e6.jpg','商品毛重：300.00g\n货号：LXFS1240\n厚度：加厚\n领型：半高圆领\n颜色：多色\n适用年龄：25-29周岁\n图案：纯色\n尺码：其它\n组合规格：单件\n衣长：常规款\n主要材质：粘胶纤维\n流行元素：拼接，立体装饰，3D\n袖长：长袖\n袖型：常规\n衣门襟：无扣\n版型：修身型\n款式：套头\n上市时间：2018冬',10,1),
('be3c00f87946418db880cdcb09d248b3','xzoo针织连衣裙2018长袖秋季套装女新品韩版女装毛衣两件套套装裙子女 灰色套装 L',188,'/upload/7/8/1/0/a/c/b/6/9fe5463ebdf98949531adb5f64637d8c.jpg','商品毛重：500.00g\n腰型：高腰\n厚度：适中\n领型：V领\n适用年龄：25-29周岁\n图案：纯色\n尺码：S，M，L，XL\n组合规格：两件套\n裙型：A字裙\n主要材质：聚酯纤维\n廓形：A型\n流行元素：拼色\n袖长：长袖\n袖型：灯笼袖\n衣门襟：系扣\n版型：A字型\n裙长：长裙\n分类：套装裙\n适用人群：轻熟女\n上市时间：2018秋',25,1),
('bee7bfb84a3846359d0c97820be18cc7','恒源祥秋冬装女2018新品纯色针织连衣裙长袖时尚中长款过膝韩版系带收腰半高领毛衣女加厚宽松打底长裙子 驼色 均码',258,'/upload/0/9/3/a/f/7/8/b/14d40495a2e2ae5c7a57ea16e58f798d.jpg','商品毛重：500.00g\n货号：ASYX730\n袖型：常规\n版型：宽松型\n厚度：适中\n领型：圆领\n衣长：中长款\n上市时间：2018冬',16,1),
('bfbc6b3c9461455595abf98bf5236bef','2018冬装新款加厚毛领连帽修身羽绒服中长款韩版女装矮个子羽绒衣 白色真毛领 质量堪比哥弟 秋水伊人-茵曼-伊芙丽 S质量堪比乐町 欧时力 拉夏贝尔',608,'/upload/5/1/b/1/b/c/6/0/0f84a26afc742a8fda6aa77f0c25e0be.jpg','商品毛重：300.00g\n尺码：S，M，L，XL，XXL\n衣长：中长款\n厚度：常规\n领型：连帽\n流行元素：口袋，立体装饰，褶皱，3D，纽扣，拉链，带毛领，拼接\n充绒量：200g(含)-250g(不含)\n袖型：常规\n袖长：长袖\n衣门襟：拉链\n适用年龄：25-29周岁\n风格：韩版\n图案：纯色\n填充物：白鸭绒\n款式：常规\n上市时间：2018冬',8,1),
('bfeedb579b5248bd92c46223aa6282f7','特选斗篷毛呢外套女中长款韩版2018秋冬款新款赫本风呢子秋装流行大衣 藏青色质量堪比乐町 欧时力 拉夏贝尔 L',466,'/upload/1/8/6/b/3/8/8/3/98ee9bdbaf0597647de5812f12bcb933.jpg','商品毛重：1.0kg\n尺码：S，M，L，XL，XXL\n主要材质：仿呢料\n领型：POLO领\n流行元素：纽扣\n衣长：长款\n里料图案：纯色\n袖长：长袖\n袖型：常规\n适用年龄：25-29周岁\n衣门襟：双排扣\n图案：纯色\n里料材质：涤纶\n版型：斗篷型\n上市时间：2018秋',8,1),
('c00ab8ad74e94f47a13e1b509443f545','毛衣女2018秋冬季新款女装韩版宽松加绒加厚中长款长袖女士针织衫女上衣打底衫女外套头连衣裙针织 米白 M',118,'/upload/d/1/c/e/d/7/0/9/8f0666dfd8868ba40ca0d6cd912f54aa.jpg','商品毛重：300.00g\n货号：M1316\n组合规格：单件\n风格：韩版\n厚度：适中\n领型：圆领\n颜色：多色\n袖长：长袖\n袖型：常规\n适用年龄：18-24周岁\n衣长：中长款\n图案：纯色\n版型：修身型\n款式：套头\n上市时间：2018秋',12,1),
('c05dd96ce84244799ecc0a16958134c4','童装女童套装男童秋冬装加绒加厚保暖罗纹卫衣外套裤子打底衫休闲儿童运动服中大童小孩衣服校服 红色 160(建议身高146-155cm)',138,'/upload/4/c/e/d/7/7/e/0/0df9a37e79450694a96494d348ed2bc0.jpg','商品毛重：1.0kg\n货号：男女童罗纹卫衣三件套\n衣门襟：拉链\n适用年龄：1-3岁，6-12个月，3-6岁，6-9岁，9-12岁，12岁以上\n适用季节：冬季\n上市时间：2018秋季\n适用性别：通用\n安全等级：B',17,1),
('c0bb6cdfdc8b48f793bb51b781a3ec18','W.DoubleuDot达点2018夏季新品韩版女时尚帅气纯色风衣WW7WR487 83酒红色 S',1490,'/upload/c/3/3/e/4/0/6/6/1ba528641b54ec6061853783841b0c9a.jpg','商品毛重：100.00g\n尺码：S，M\n图案：纯色\n里料材质：其它\n风格：韩版\n上市时间：2018冬',29,1),
('c16b9283e5a54cb4900d49f80a396be5','优洛莎 2018冬季新款时尚名媛气质修身圆领刺绣连衣裙 P9546 黑色 XL',168,'/upload/4/0/b/e/f/e/3/0/e3990c4904015a00ff58b38104208357.jpg','商品毛重：350.00g\n货号：P9546\n组合规格：单件\n裙型：A字裙\n领型：圆领\n袖长：长袖\n裙长：中长裙\n适用年龄：35-39周岁\n风格：通勤\n图案：其它\n分类：长袖连衣裙\n版型：修身型\n上市时间：2018冬',31,1),
('c191d86cb5e847df9d7dbc4fe7024ed1','森扮毛呢连衣裙2018秋冬新款韩版女装新款无袖背心裙打底裙 咖啡色格子 单件 XL（建议116-125斤穿着）',128,'/upload/8/e/1/5/0/8/3/f/318ad2dd25fae70d1f1baf6be94c1caa.jpg','商品毛重：400.00g\n货号：SEN007\n风格：休闲，韩版\n厚度：适中\n领型：圆领\n颜色：黑色系，红色系，灰色系，紫色系，黄/棕色系，多色\n适用年龄：30-34周岁\n图案：千鸟格\n尺码：S，M，L，XL，XXL\n组合规格：单件\n版型：修身型\n主要材质：毛呢\n廓形：X型\n流行元素：露肩，格子\n袖长：无袖\n衣门襟：拉链\n裙型：A字裙\n袖型：常规\n裙长：中裙\n分类：背心裙\n适用人群：胖mm，轻熟女，成熟，孕妇\n上市时间：2018秋',11,1),
('c19a30bdc07c429a9109d47a3b025eb2','2018冬新款韩版直筒西装领呢子大衣中长款呢大衣ENCIMEI1022C3586 粉 S',328,'/upload/7/b/1/8/a/a/8/0/936de4954c43000c00b068012cfb9e7c.jpg','商品毛重：1.2kg\n货号：ENCIMEI1022C3586\n厚度：适中\n领型：西装领\n颜色：粉色系\n里料图案：纯色\n图案：纯色\n里料材质：涤纶\n尺码：S，M，L，XL\n版型：直筒型\n主要材质：其它\n袖长：长袖\n衣门襟：单排扣\n衣领材质：兔毛领\n袖型：常规\n衣长：中长款\n适用年龄：25-29周岁\n上市时间：2018冬',27,1),
('c1ba8ce9edda4d22816ec68f148f5345','MOCO2018冬季新品字母刺绣连帽针织连衣裙MA184DRS304 摩安珂 橄榄绿色 M',1709,'/upload/d/c/f/5/0/f/6/1/31ffc05ad78d0e11305fab810467322c.jpg','商品毛重：300.00g\n货号：MA184DRS304\n组合规格：单件\n风格：欧美\n厚度：适中\n领型：连帽\n版型：宽松型\n图案：纯色\n袖长：长袖\n袖型：常规\n适用年龄：25-29周岁\n裙型：一步裙\n裙长：中长裙\n分类：长袖连衣裙\n适用人群：成熟\n上市时间：2018冬',9,1),
('c1c024cd7a894278ab6514323804bcef','xg雪歌女装2018冬装新款韩版宽松中长款针织衫长袖慵懒风毛衣连衣裙子 卡其 34/155/S',854,'/upload/3/1/e/c/e/d/1/d/0b2065d80fe865a141266ab882d44573.jpg','商品毛重：1.0kg\n腰型：中腰\n主要材质：锦纶\n流行元素：纽扣\n袖长：长袖\n袖型：常规\n适用年龄：30-34周岁\n图案：纯色\n适用人群：轻熟女\n裙长：中',20,1),
('c23abc6831b84e0182adbb6b2db32721','针织毛衣女2018秋冬新品加绒加厚半高领宽松套头针织内搭韩版长袖保暖短款长袖毛衣女士高领打底 卡其色加绒 均码',118,'/upload/b/1/5/7/e/f/4/d/03a2680178dff6e1a7c462e5506545e6.jpg','商品毛重：300.00g\n货号：LXFS1240\n厚度：加厚\n领型：半高圆领\n颜色：多色\n适用年龄：25-29周岁\n图案：纯色\n尺码：其它\n组合规格：单件\n衣长：常规款\n主要材质：粘胶纤维\n流行元素：拼接，立体装饰，3D\n袖长：长袖\n袖型：常规\n衣门襟：无扣\n版型：修身型\n款式：套头\n上市时间：2018冬',10,1),
('c23e18b7b01b460f9600fa2b9fe503e0','W.DoubleuDot达点2018夏季新品韩版女时尚帅气纯色风衣WW7WR487 83酒红色 S',1490,'/upload/b/8/6/5/a/c/1/3/1ba528641b54ec6061853783841b0c9a.jpg','商品毛重：100.00g\n尺码：S，M\n图案：纯色\n里料材质：其它\n风格：韩版\n上市时间：2018冬',29,1),
('c27e7baec6ee4a1d9d953e19993f13c3','连衣裙新品2018冬装大码女装中长款金丝绒包臀裙长袖连衣裙蕾丝加绒加厚打底连衣裙 6786# 咖啡色 XL',139,'/upload/3/4/6/7/9/8/1/4/5b61e2430d0d00f524917b5c4a73a13c.jpg','商品毛重：100.00g\n货号：BH3-319-A-6786-50\n风格：优雅，中性风，韩版\n厚度：厚款\n领型：堆堆领\n颜色：黑色系，红色系\n适用年龄：25-29周岁\n尺码：S，M，L，XL，XXL\n组合规格：单件\n版型：修身型\n廓形：O型\n流行元素：蕾丝，镶钻，烫画\n袖长：长袖\n袖型：常规\n裙型：大摆裙\n裙长：中长裙\n分类：长袖连衣裙\n适用人群：胖mm，少女，轻熟女，成熟，亲子\n上市时间：2018冬',11,1),
('c2aa7c95202a4972b5775a22037994ab','童装女童套装男童秋冬装加绒加厚保暖罗纹卫衣外套裤子打底衫休闲儿童运动服中大童小孩衣服校服 红色 160(建议身高146-155cm)',138,'/upload/f/9/3/7/3/2/a/9/0df9a37e79450694a96494d348ed2bc0.jpg','商品毛重：1.0kg\n货号：男女童罗纹卫衣三件套\n衣门襟：拉链\n适用年龄：1-3岁，6-12个月，3-6岁，6-9岁，9-12岁，12岁以上\n适用季节：冬季\n上市时间：2018秋季\n适用性别：通用\n安全等级：B',28,1),
('c2f7d15f33734fbf87846c08d8944892','BAGPIPE风笛针织衫女春装新款女士毛衣衫圆领粉色拼接长袖针织衫女 粉红色 XL',299,'/upload/3/0/e/c/3/2/7/b/af6fe233120e92567d3e7f9a1605635b.jpg','商品毛重：300.00g\n货号：71716\n组合规格：单件\n适用年龄：25-29周岁\n版型：直筒型\n领型：圆领\n衣长：常规款\n款式：套头\n上市时间：2018春',21,1),
('c35433096aa2440b952dc9ff0ddb902e','xg雪歌女装2018冬装新款韩版宽松中长款针织衫长袖慵懒风毛衣连衣裙子 卡其 34/155/S',854,'/upload/c/e/b/8/4/4/3/6/0b2065d80fe865a141266ab882d44573.jpg','商品毛重：1.0kg\n腰型：中腰\n主要材质：锦纶\n流行元素：纽扣\n袖长：长袖\n袖型：常规\n适用年龄：30-34周岁\n图案：纯色\n适用人群：轻熟女\n裙长：中',20,1),
('c3d58bee74824da39e541f7a63ac6e34','针织衫女2018秋冬季新款女装韩版时尚学生宽松加绒加厚保暖短款长袖毛衣女士上衣打底衫女外套头 白色 均码',99,'/upload/3/9/9/0/0/a/5/6/f4751568d5323fe04c482bad734563ac.jpg','商品毛重：300.00g\n货号：RHW208\n厚度：适中\n领型：圆领\n颜色：多色\n适用年龄：18-24周岁\n图案：几何图案\n尺码：均码\n组合规格：单件\n衣长：常规款\n主要材质：粘胶纤维\n流行元素：刺绣，绣花\n袖长：长袖\n袖型：常规\n衣门襟：无扣\n版型：直筒型\n款式：套头\n上市时间：2018冬',14,1),
('c3f08410dfeb406d8b0357d01cc0b1da','甜美活泼冬季新品秋款可爱卡哇伊俏皮阿桑娜2018款O2秋冬加厚卫衣绒衣学生可爱印花耳朵开衫拉链CHI 红色 M',239,'/upload/7/a/a/8/a/b/f/0/c65d080acd4ce37b5c0a33692aef9f57.jpg','商品毛重：100.00g\n尺码：M，L\n颜色：黑色系，红色系\n袖长：长袖\n衣门襟：拉链\n适用年龄：18-24周岁\n版型：宽松型\n图案：卡通动漫\n衣长：常规款\n款式：开衫\n袖型：常',23,1),
('c3f68e34d584450d878b90daaa91a0c7','PRICH2018春秋新款名媛小西装a字裙短裙半身裙小香风粗花呢套 海军蓝 XS',248,'/upload/5/a/8/2/5/a/a/b/977ebcbba28fbc28c8b5eb0411f397f8.jpg','商品毛重：100.00g\n尺码：XS\n主要材质：LYCRA莱卡\n裙长：短裙\n上市时间：2018秋季\n颜色：蓝色',30,1),
('c4962f3a84594019bad4ad8a66f7ccf3','o女士短袖 鲤鱼旗挥动樱花短袖T恤 JW8067 16 S',498,'/upload/b/a/5/b/e/2/7/c/75647aed544187542d713576074a65d0.jpg','商品毛重：500.00g\n领型：圆',23,1),
('c4fd32408bc345fdb76dca10333393d9','2018秋冬情侣装新款韩版撞色套头针织衫男女学生百搭宽松毛衣上衣 白色(不分男女)质量堪比良布 拉夏贝尔 欧时力 3XL',188,'/upload/7/a/2/c/8/0/4/5/ea1a06b2d6dfdcd66de17098febcb29f.jpg','商品毛重：300.00g\n尺码：S，M，L，XL\n领型：圆领\n流行元素：条纹，拼接\n袖长：长袖\n袖型：常规\n风格：通勤\n毛线粗细：常规毛线\n款式：套头\n上市时间：2018秋',8,1),
('c525520e21f64d228d856be9e218b6a4','xzoo针织连衣裙2018长袖秋季套装女新品韩版女装毛衣两件套套装裙子女 灰色套装 L',188,'/upload/6/2/d/c/e/e/f/a/9fe5463ebdf98949531adb5f64637d8c.jpg','商品毛重：500.00g\n腰型：高腰\n厚度：适中\n领型：V领\n适用年龄：25-29周岁\n图案：纯色\n尺码：S，M，L，XL\n组合规格：两件套\n裙型：A字裙\n主要材质：聚酯纤维\n廓形：A型\n流行元素：拼色\n袖长：长袖\n袖型：灯笼袖\n衣门襟：系扣\n版型：A字型\n裙长：长裙\n分类：套装裙\n适用人群：轻熟女\n上市时间：2018秋',17,1),
('c564154caf52496f981e3da5d678284d','betu百图黑色微喇叭裤女长裤韩版高腰小脚裤休闲打底裤2018新款 喇叭裤 M',169,'/upload/8/6/1/1/c/7/d/2/eefc4d219d36875fdc47793f79f2f7bc.jpg','商品毛重：1.0kg\n腰型：高腰\n厚度：适中\n流行元素：立体裁剪\n适用年龄：25-29周岁\n裤长：长裤\n裤型：喇叭裤\n弹力：微弹\n上市时间：2018秋',22,1),
('c5d80dd2bef542029f898eb55ef52335','童装女童套装男童秋冬装加绒加厚保暖罗纹卫衣外套裤子打底衫休闲儿童运动服中大童小孩衣服校服 红色 160(建议身高146-155cm)',138,'/upload/a/3/f/1/9/f/d/0/0df9a37e79450694a96494d348ed2bc0.jpg','商品毛重：1.0kg\n货号：男女童罗纹卫衣三件套\n衣门襟：拉链\n适用年龄：1-3岁，6-12个月，3-6岁，6-9岁，9-12岁，12岁以上\n适用季节：冬季\n上市时间：2018秋季\n适用性别：通用\n安全等级：B',25,1),
('c662cad280034fa299dafcee14a608a3','2018秋装新款秋季女装打底毛衣裙过膝D10079 灰色 XL-在线付款免邮',178,'/upload/a/8/2/3/9/c/8/7/86e3a3803eee399b005e113e3cce12ab.jpg','商品毛重：500.00',7,1),
('c6b5c6d15d32412e9f9e2e561ddbfade','W.DoubleuDot达点2018夏季新品韩版女时尚帅气纯色风衣WW7WR487 83酒红色 S',1490,'/upload/8/4/6/2/2/1/6/e/1ba528641b54ec6061853783841b0c9a.jpg','商品毛重：100.00g\n尺码：S，M\n图案：纯色\n里料材质：其它\n风格：韩版\n上市时间：2018冬',29,1),
('c6db1a9d3a5a46de893d517cbeee82a6','正品半高领 加厚 大码毛衣女2018秋冬新款韩版宽松 套头针织衫 羊毛衫 打底衫女 灰咖色 L',198,'/upload/3/1/d/a/8/b/f/4/c8c26a2039f9ee16649d5ea4a6feb520.jpg','商品毛重：1.0kg\n衣长：常规款\n领型：半高领\n袖长：长袖\n袖型：常规\n主要材质：羊毛\n版型：宽松型\n款式：套头\n上市时间：2018秋',7,1),
('c716f310a8e146c9beea44b828eadacc','库恩玛维拼接卫衣女2018新款秋季韩版bf宽松长袖初中女生上衣运动风外套潮 黄色 S',188,'/upload/e/1/a/5/2/7/0/d/24192fb4a785462042e88c3a88834687.jpg','商品毛重：500.00g\n尺码：S，M，L\n风格：街头\n厚度：加厚\n流行元素：印花，拼色\n版型：宽松型\n袖长：长袖\n袖型：插肩袖\n适用年龄：18-24周岁\n衣长：常规款\n图案：字母\n主要材质：棉\n款式：套头\n上市时间：2018秋',23,1),
('c745f075c3e741b1aff8413e9bb6ad3b','2018秋冬30-40岁中年妈妈知性气质高端连衣裙中长款大码宽松收腰系带显瘦时尚休闲打底裙 黑色 XL',448,'/upload/1/7/3/9/5/e/9/9/4443a50a9b27146e510067e990740a45.jpg','商品毛重：1.0kg\n腰型：高腰\n厚度：适中\n领型：圆领\n颜色：黑色系\n适用年龄：40-49周岁\n图案：纯色\n尺码：L\n组合规格：单件\n版型：宽松型\n廓形：A型\n流行元素：绑带，开衩，口袋，拼接，条纹，腰带，拉链，抽绳，印花\n袖长：长袖\n衣门襟：拉链\n裙型：铅笔裙\n袖型：常规\n裙长：长裙\n分类：长袖连衣裙\n适用人群：胖mm，学生，少女，轻熟女，成熟，亲子，孕妇\n上市时间：2018秋',7,1),
('c7db4f78c79f4d01b144ca12b7814fc1','2018秋冬30-40岁中年妈妈知性气质高端连衣裙中长款大码宽松收腰系带显瘦时尚休闲打底裙 黑色 XL',448,'/upload/c/4/3/9/1/6/2/d/4443a50a9b27146e510067e990740a45.jpg','商品毛重：1.0kg\n腰型：高腰\n厚度：适中\n领型：圆领\n颜色：黑色系\n适用年龄：40-49周岁\n图案：纯色\n尺码：L\n组合规格：单件\n版型：宽松型\n廓形：A型\n流行元素：绑带，开衩，口袋，拼接，条纹，腰带，拉链，抽绳，印花\n袖长：长袖\n衣门襟：拉链\n裙型：铅笔裙\n袖型：常规\n裙长：长裙\n分类：长袖连衣裙\n适用人群：胖mm，学生，少女，轻熟女，成熟，亲子，孕妇\n上市时间：2018秋',17,1),
('c81e96ad37064f3b8a2eeddc28a6972c','针织衫女2018秋冬季新款女装韩版时尚学生宽松加绒加厚保暖短款长袖毛衣女士上衣打底衫女外套头 白色 均码',99,'/upload/e/a/e/f/6/7/8/1/f4751568d5323fe04c482bad734563ac.jpg','商品毛重：300.00g\n货号：RHW208\n厚度：适中\n领型：圆领\n颜色：多色\n适用年龄：18-24周岁\n图案：几何图案\n尺码：均码\n组合规格：单件\n衣长：常规款\n主要材质：粘胶纤维\n流行元素：刺绣，绣花\n袖长：长袖\n袖型：常规\n衣门襟：无扣\n版型：直筒型\n款式：套头\n上市时间：2018冬',14,1),
('c8d2a0c7caa24a3093ec5ae1be5094e5','2018加绒加厚时尚气质显瘦打底裤 黑色 XL',68,'/upload/a/4/9/e/2/6/3/b/69be0cf4a536ec8d7e09eaeeac2858d3.jpg','商品毛重：500.00g\n裤长：长',13,1),
('c9153b2d82d343e0877312bb45e5ec77','迪莎衣品秋冬新款女2018冬季针织连衣裙小清新雪纺毛衣套装裙时尚两件套女 杏色（送腰带） M',168,'/upload/1/e/1/a/2/0/8/6/2c5043f64bed74265c78deeb0030b6fb.jpg','商品毛重：500.00g\n货号：DS701214\n风格：韩版\n厚度：适中\n领型：圆领\n颜色：白色系\n适用年龄：25-29周岁\n图案：纯色\n尺码：S，M，L，XL\n组合规格：两件套\n版型：直筒型\n流行元素：蕾丝，纱网，绣花\n袖长：长袖\n袖型：喇叭袖\n裙型：A字裙\n裙长：中长裙\n分类：套装裙\n适用人群：轻熟女\n上市时间：2018秋',11,1),
('c98374499bb84c9e98dceb2c03f35c52','童装女童套装男童秋冬装加绒加厚保暖罗纹卫衣外套裤子打底衫休闲儿童运动服中大童小孩衣服校服 红色 160(建议身高146-155cm)',138,'/upload/d/1/4/8/b/0/b/e/0df9a37e79450694a96494d348ed2bc0.jpg','商品毛重：1.0kg\n货号：男女童罗纹卫衣三件套\n衣门襟：拉链\n适用年龄：1-3岁，6-12个月，3-6岁，6-9岁，9-12岁，12岁以上\n适用季节：冬季\n上市时间：2018秋季\n适用性别：通用\n安全等级：B',28,1),
('c9b762498046411ba033f5188efcba57','棉衣棉服女2018冬季新款大码宽松小个子连帽保暖羽绒棉服女加厚棉袄外套女装T-102-2015 铁锈红 M',159,'/upload/8/a/a/0/1/4/0/2/baeca3e0676b970af486017eedbe0e9b.jpg','商品毛重：1.0kg\n尺码：S，M，L，XL\n风格：通勤\n厚度：加厚\n领型：连帽\n流行元素：拉链，口袋\n衣长：短款\n袖型：常规\n袖长：长袖\n衣门襟：拉链\n适用年龄：25-29周岁\n主要材质：棉\n图案：纯色\n填充物：羽绒棉\n款式：常规\n上市时间：2018冬',28,1),
('ca8dcea3868d4de1ad57bb42bd25a211','xzoo针织连衣裙2018长袖秋季套装女新品韩版女装毛衣两件套套装裙子女 灰色套装 L',188,'/upload/f/2/5/4/9/c/3/0/9fe5463ebdf98949531adb5f64637d8c.jpg','商品毛重：500.00g\n腰型：高腰\n厚度：适中\n领型：V领\n适用年龄：25-29周岁\n图案：纯色\n尺码：S，M，L，XL\n组合规格：两件套\n裙型：A字裙\n主要材质：聚酯纤维\n廓形：A型\n流行元素：拼色\n袖长：长袖\n袖型：灯笼袖\n衣门襟：系扣\n版型：A字型\n裙长：长裙\n分类：套装裙\n适用人群：轻熟女\n上市时间：2018秋',12,1),
('cb4e8a1e3af545a6ac5acf59cff39278','W.DoubleuDot达点2018春夏款韩版女运动休闲简约常规T恤WW6ME613 01白色 S',118.2,'/upload/1/9/d/7/c/b/8/b/74af28028a72d1787d88698c2f6c9b5c.jpg','商品毛重：100.00g\n尺码：S，M\n领型：圆领\n流行元素：撞色\n袖长：短袖\n袖型：其它\n适用年龄：17周岁以下\n风格：休闲，简约，运动，韩版\n衣长：常规款\n上市时间：2018秋',29,1),
('cb839823730c48c592d1f54c6d93892a','冬季棉衣套装男棉服纯棉 初生新生儿彩棉薄棉衣保暖女0-1岁冬 质量堪比迪士尼 笛莎 童泰 史努比 52cm',146,'/upload/a/a/9/c/4/0/1/1/3dfc16e562b6a7aeb1858eec03160a6d.jpg','商品毛重：1.0kg\n图案：卡通动漫\n主要材质：棉\n领型：圆领\n填充物：棉\n风格：休闲\n上市时间：2018冬',19,1),
('cd1909e76b08477daff05f7c4d62c4da','童装女童套装男童秋冬装加绒加厚保暖罗纹卫衣外套裤子打底衫休闲儿童运动服中大童小孩衣服校服 红色 160(建议身高146-155cm)',138,'/upload/f/7/9/e/3/9/c/f/0df9a37e79450694a96494d348ed2bc0.jpg','商品毛重：1.0kg\n货号：男女童罗纹卫衣三件套\n衣门襟：拉链\n适用年龄：1-3岁，6-12个月，3-6岁，6-9岁，9-12岁，12岁以上\n适用季节：冬季\n上市时间：2018秋季\n适用性别：通用\n安全等级：B',17,1),
('cd28fa8e1845497794c1acd509f29a56','米可芭娜棉衣女短款扣子韩版荷叶边棉服外套2018秋冬新款 D83 藏青 S',659,'/upload/0/4/4/0/4/6/4/d/8cab42fc3db1d8ea5ad2e70cd3cdeae9.jpg','商品毛重：500.00g\n货号：D83CT1766\n版型：宽松型\n风格：韩版\n厚度：适中\n领型：圆领\n流行元素：荷叶边，褶皱\n衣长：短款\n袖型：常规\n袖长：长袖\n衣门襟：暗扣\n适用年龄：25-29周岁\n主要材质：聚酯纤维\n图案：格纹\n填充物：其它\n款式：常规\n上市时间：2018秋',24,1),
('cdcc6a1c804e42a1b45f5ab0d11e692e','AIVEI欣贺艾薇2018秋新款修身蝴蝶结雪纺拼接女连衣裙K0560016 黑色 S',789,'/upload/4/4/c/1/0/c/b/d/596acb5f14a69b7f53faf089046ecb13.jpg','商品毛重：100.00g\n尺码：S\n主要材质：涤纶\n领型：娃娃领\n流行元素：拼接\n颜色：黑色系\n袖长：长袖\n衣门襟：拉链\n适用年龄：25-29周岁\n图案：纯色\n裙长：短裙\n袖型：喇叭袖\n裙型：A字裙\n腰型：高',15,1),
('ce78530353c6469689b64ad8444d3612','棉衣棉服女2018冬季新款大码宽松小个子连帽保暖羽绒棉服女加厚棉袄外套女装T-102-2015 铁锈红 M',159,'/upload/f/c/2/a/a/a/0/b/baeca3e0676b970af486017eedbe0e9b.jpg','商品毛重：1.0kg\n尺码：S，M，L，XL\n风格：通勤\n厚度：加厚\n领型：连帽\n流行元素：拉链，口袋\n衣长：短款\n袖型：常规\n袖长：长袖\n衣门襟：拉链\n适用年龄：25-29周岁\n主要材质：棉\n图案：纯色\n填充物：羽绒棉\n款式：常规\n上市时间：2018冬',13,1),
('cefaad4b3d51407d9791c0a098307621','MIKIBANA米可芭娜毛针织衫女套头V领刺绣宽松毛衣 新品 M81 大红 L',449,'/upload/0/a/5/f/b/d/b/9/e82dd2823c8f69a2a2eef711a0b8ea18.jpg','商品毛重：500.00g\n货号：M81TP6001\n组合规格：单件\n风格：韩版\n厚度：薄款\n领型：V领\n流行元素：亮片\n版型：蝙蝠型\n主要材质：腈纶\n袖长：长袖\n衣门襟：拉链\n适用年龄：25-29周岁\n袖型：常规\n图案：动物\n衣长：常规款\n款式：套头\n上市时间：2018春',24,1),
('cf7299ea1aa34f43ac728d888bf89e0d','2018秋装新款秋季女装打底毛衣裙过膝D10079 灰色 XL-在线付款免邮',178,'/upload/8/7/0/c/9/6/b/e/86e3a3803eee399b005e113e3cce12ab.jpg','商品毛重：500.00',25,1),
('cf7efe63a1004aa689d35be1b76d2d27','连衣裙新品2018冬装大码女装中长款金丝绒包臀裙长袖连衣裙蕾丝加绒加厚打底连衣裙 6786# 咖啡色 XL',139,'/upload/f/d/b/2/7/6/1/a/5b61e2430d0d00f524917b5c4a73a13c.jpg','商品毛重：100.00g\n货号：BH3-319-A-6786-50\n风格：优雅，中性风，韩版\n厚度：厚款\n领型：堆堆领\n颜色：黑色系，红色系\n适用年龄：25-29周岁\n尺码：S，M，L，XL，XXL\n组合规格：单件\n版型：修身型\n廓形：O型\n流行元素：蕾丝，镶钻，烫画\n袖长：长袖\n袖型：常规\n裙型：大摆裙\n裙长：中长裙\n分类：长袖连衣裙\n适用人群：胖mm，少女，轻熟女，成熟，亲子\n上市时间：2018冬',11,1),
('d0a4f16d32cb4bb8ad71b7b92ee2f5d7','xg雪歌2018秋装女2018新款韩版宽松v领套头长袖收腰显瘦雪纺印花连衣裙子 大红 34/155/S',599,'/upload/7/5/a/d/7/f/4/0/52b76eb115990d21521de23ff726e7a1.jpg','商品毛重：1.0kg\n货号：XD304015B206\n组合规格：单件\n风格：优雅，休闲，简约，百搭\n主要材质：涤纶\n领型：半开领\n流行元素：铆钉，纽扣，拼接，褶皱，印花\n裙型：A字裙\n图案：植物花卉\n袖长：长袖\n衣门襟：系带\n适用年龄：30-34周岁\n袖型：包袖\n裙长：中裙\n分类：长袖连衣裙\n适用人群：轻熟女\n上市时间：2018秋',20,1),
('d16c844afecb4a11a80d59ea986dbb26','AIVEI欣贺艾薇2018秋新款修身蝴蝶结雪纺拼接女连衣裙K0560016 黑色 S',789,'/upload/2/8/1/6/8/e/e/a/596acb5f14a69b7f53faf089046ecb13.jpg','商品毛重：100.00g\n尺码：S\n主要材质：涤纶\n领型：娃娃领\n流行元素：拼接\n颜色：黑色系\n袖长：长袖\n衣门襟：拉链\n适用年龄：25-29周岁\n图案：纯色\n裙长：短裙\n袖型：喇叭袖\n裙型：A字裙\n腰型：高',15,1),
('d1848ec444fd4c388d7a36208e311432','MOCO个性木耳边装饰高领长袖针织衫MA173TOP204 moco 祖母绿色 L',419,'/upload/9/1/1/3/b/f/9/7/28f17cd384dc1269d9ada8c7e753cae9.jpg','商品毛重：300.00g\n组合规格：单件\n厚度：适中\n领型：高领\n袖长：长袖\n适用年龄：25-29周岁\n版型：修身型\n主要材质：其它\n衣长：常规款\n款式：套头\n上市时间：2017秋',9,1),
('d33ff85672094b1da02f6dba81fbe852','xg雪歌女装2018冬装新款韩版宽松中长款针织衫长袖慵懒风毛衣连衣裙子 卡其 34/155/S',854,'/upload/d/c/f/c/d/c/4/a/0b2065d80fe865a141266ab882d44573.jpg','商品毛重：1.0kg\n腰型：中腰\n主要材质：锦纶\n流行元素：纽扣\n袖长：长袖\n袖型：常规\n适用年龄：30-34周岁\n图案：纯色\n适用人群：轻熟女\n裙长：中',20,1),
('d47458bb90ba434585d671ee9e19b4e6','童装女童套装男童秋冬装加绒加厚保暖罗纹卫衣外套裤子打底衫休闲儿童运动服中大童小孩衣服校服 红色 160(建议身高146-155cm)',138,'/upload/5/1/1/a/3/1/c/2/0df9a37e79450694a96494d348ed2bc0.jpg','商品毛重：1.0kg\n货号：男女童罗纹卫衣三件套\n衣门襟：拉链\n适用年龄：1-3岁，6-12个月，3-6岁，6-9岁，9-12岁，12岁以上\n适用季节：冬季\n上市时间：2018秋季\n适用性别：通用\n安全等级：B',7,1),
('d51a71026598424dabe6ba437a2a83af','特选高领蕾丝打底衫女长袖2018新款上衣秋冬内搭洋气小衫 白色 加绒质量堪比乐町 欧时力 拉夏贝尔 S',206,'/upload/c/5/8/7/f/0/d/7/94b2a26d140ab7fdb5f8da225fe98dd8.jpg','商品毛重：1.0kg\n尺码：S，M，L，XL，XXL\n衣长：常规款\n主要材质：锦纶\n领型：高领\n流行元素：蕾丝，绣花，立体装饰，纽扣\n袖长：长袖\n袖型：常规\n图案：纯色\n风格：通勤\n款式：套头\n上市时间：2018冬',8,1),
('d56646389eef4a77b4ba9c863fd1860c','香衣舞都牛仔棉服女2018秋冬新款韩版女装宽松印花牛仔棉衣短款系带连帽小香风外套女 图片色(史努比) 2XL',169,'/upload/1/d/1/a/8/7/a/1/773958fd642c94d6696b5e6e605ca1f1.jpg','商品毛重：1.0kg\n尺码：M\n风格：通勤\n厚度：加厚\n领型：连帽\n流行元素：拉链\n衣长：短款\n袖型：常规\n袖长：长袖\n衣门襟：拉链\n适用年龄：18-24周岁\n主要材质：棉\n图案：卡通动漫\n填充物：棉\n款式：常规\n上市时间：2018冬',19,1),
('d65a85fde2454682a8731e6233cb1ac4','2018秋冬情侣装新款韩版撞色套头针织衫男女学生百搭宽松毛衣上衣 白色(不分男女)质量堪比良布 拉夏贝尔 欧时力 3XL',188,'/upload/7/c/8/a/e/1/6/d/ea1a06b2d6dfdcd66de17098febcb29f.jpg','商品毛重：300.00g\n尺码：S，M，L，XL\n领型：圆领\n流行元素：条纹，拼接\n袖长：长袖\n袖型：常规\n风格：通勤\n毛线粗细：常规毛线\n款式：套头\n上市时间：2018秋',8,1),
('d6a0b932edec4cb38a49a1a0424bb725','恒源祥女装 正品半高领 加厚 大码毛衣女2018秋冬新款韩版宽松 套头针织衫 羊毛衫 打底衫女 灰咖色 L',198,'/upload/f/f/9/5/6/e/6/1/c8c26a2039f9ee16649d5ea4a6feb520.jpg','商品毛重：1.0kg\n衣长：常规款\n领型：半高领\n袖长：长袖\n袖型：常规\n主要材质：羊毛\n版型：宽松型\n款式：套头\n上市时间：2018秋',25,1),
('d6cb6a74b12f405a8538d5ee2f27ef15','童装女童套装男童秋冬装加绒加厚保暖罗纹卫衣外套裤子打底衫休闲儿童运动服中大童小孩衣服校服 红色 160(建议身高146-155cm)',138,'/upload/6/2/f/8/6/e/2/d/0df9a37e79450694a96494d348ed2bc0.jpg','商品毛重：1.0kg\n货号：男女童罗纹卫衣三件套\n衣门襟：拉链\n适用年龄：1-3岁，6-12个月，3-6岁，6-9岁，9-12岁，12岁以上\n适用季节：冬季\n上市时间：2018秋季\n适用性别：通用\n安全等级：B',25,1),
('d8596cd4b4c6440ca241093260c4e1b9','毛衣女2018秋冬季新款女装韩版宽松加绒加厚中长款长袖女士针织衫女上衣打底衫女外套头连衣裙针织 米白 M',118,'/upload/8/6/7/a/6/2/4/8/8f0666dfd8868ba40ca0d6cd912f54aa.jpg','商品毛重：300.00g\n货号：M1316\n组合规格：单件\n风格：韩版\n厚度：适中\n领型：圆领\n颜色：多色\n袖长：长袖\n袖型：常规\n适用年龄：18-24周岁\n衣长：中长款\n图案：纯色\n版型：修身型\n款式：套头\n上市时间：2018秋',12,1),
('d87615c87e0c4d1b8565a565d7e1275b','M连衣裙女韩版无袖V领荷叶边裙摆 秋冬新款 M73 藏青 L',699,'/upload/d/6/f/7/0/2/a/c/19525e7f673a3253976422dbe1241cd9.jpg','商品毛重：500.00g\n货号：M73OD1525\n风格：韩版\n领型：V领\n颜色：蓝色系\n适用年龄：25-29周岁\n图案：创意趣味\n尺码：S，M，L，XL\n组合规格：单件\n裙型：A字裙\n主要材质：棉\n流行元素：贴布，刺绣\n袖长：无袖\n袖型：常规\n裙长：中裙\n分类：背心裙\n适用人群：少女\n上市时间：2017秋',24,1),
('d926a66a82d6445698d6e59c3e021870','W.DoubleuDot达点2018夏季新品韩版女时尚帅气纯色风衣WW7WR487 83酒红色 S',1490,'/upload/c/d/5/3/4/d/3/b/1ba528641b54ec6061853783841b0c9a.jpg','商品毛重：100.00g\n尺码：S，M\n图案：纯色\n里料材质：其它\n风格：韩版\n上市时间：2018冬',29,1),
('d92fe4b1cced4106b963706f8dcdfdfb','MIKIBANA 米可芭娜 连衣裙女韩版无袖V领荷叶边裙摆 秋冬新款 M73 藏青 L',699,'/upload/b/d/a/0/e/f/0/9/19525e7f673a3253976422dbe1241cd9.jpg','商品毛重：500.00g\n货号：M73OD1525\n风格：韩版\n领型：V领\n颜色：蓝色系\n适用年龄：25-29周岁\n图案：创意趣味\n尺码：S，M，L，XL\n组合规格：单件\n裙型：A字裙\n主要材质：棉\n流行元素：贴布，刺绣\n袖长：无袖\n袖型：常规\n裙长：中裙\n分类：背心裙\n适用人群：少女\n上市时间：2017秋',24,1),
('da5b9e9c992f4275857c68b8d6972b45','2018新款秋冬黑色复古背带裙子女连衣裙配毛衣打底A字裙 黑色 XL',269,'/upload/e/8/0/8/0/6/b/7/5f34b54f83c04631a3796663d0b1ffa3.jpg','商品毛重：200.00g\n货号：Z86254\n风格：街拍，优雅，休闲，简约，韩版，百搭，通勤\n厚度：适中\n颜色：黑色系\n适用年龄：25-29周岁\n图案：纯色\n尺码：XS，S，M，L，XL\n组合规格：单件\n裙型：背带裙\n主要材质：聚酯纤维\n廓形：H型\n流行元素：口袋，纽扣\n袖长：无袖\n版型：修身型\n裙长：中长裙\n分类：背带裙\n适用人群：学生，少女，轻熟女，成熟，亲子\n上市时间：2018冬',28,1),
('da742a8a17bb49ba846188a263ec5a9a','徐璐明星同款 MIKIBANA米可芭娜针织衫女套头宽松小鹿短款毛衣秋冬新款 M74 玫红 L',499,'/upload/5/1/9/b/8/1/b/9/d9a2fc253344069b1cc504fcf1ac2080.jpg','商品毛重：500.00g\n货号：M74TP6099\n组合规格：单件\n版型：蝙蝠型\n厚度：适中\n领型：圆领\n流行元素：贴布\n颜色：灰色系，红色系\n袖长：长袖\n袖型：灯笼袖\n适用年龄：25-29周岁\n衣长：常规款\n主要材质：其它\n款式：套头\n上市时间：2017冬',24,1),
('da7765af1c52408f836ddfe70ebb42cc','腾女装连衣裙 SQI betu TE新款小香风复古裙子设计感显瘦针织连衣裙 黑色 S',258,'/upload/f/0/d/b/d/f/b/6/6b84f0a10c333c864281562d4d548877.jpg','商品毛重：100.00g\n货号：LUYING--HR9607#\n组合规格：单件\n风格：复古，小香风，公主风\n流行元素：撞色\n图案：纯色\n颜色：黑色系，粉色系\n裙型：伞裙\n衣门襟：无扣\n适用年龄：25-29周岁\n袖型：常规\n裙长：中裙\n分类：长袖连衣裙\n适用人群：少女，成熟\n上市时间：2018冬',22,1),
('da9f551354be4b458c38531d5b876438','童装女童套装男童秋冬装加绒加厚保暖罗纹卫衣外套裤子打底衫休闲儿童运动服中大童小孩衣服校服 红色 160(建议身高146-155cm)',138,'/upload/8/3/e/d/e/b/2/1/0df9a37e79450694a96494d348ed2bc0.jpg','商品毛重：1.0kg\n货号：男女童罗纹卫衣三件套\n衣门襟：拉链\n适用年龄：1-3岁，6-12个月，3-6岁，6-9岁，9-12岁，12岁以上\n适用季节：冬季\n上市时间：2018秋季\n适用性别：通用\n安全等级：B',7,1),
('dbb64fafcb09403ab8870f85837d7947','童装女童套装男童秋冬装加绒加厚保暖罗纹卫衣外套裤子打底衫休闲儿童运动服中大童小孩衣服校服 红色 160(建议身高146-155cm)',138,'/upload/e/b/a/8/9/f/7/6/0df9a37e79450694a96494d348ed2bc0.jpg','商品毛重：1.0kg\n货号：男女童罗纹卫衣三件套\n衣门襟：拉链\n适用年龄：1-3岁，6-12个月，3-6岁，6-9岁，9-12岁，12岁以上\n适用季节：冬季\n上市时间：2018秋季\n适用性别：通用\n安全等级：B',13,1),
('dc06f9b3de234a09a6b5c7cd39d31ac4','童装女童套装男童秋冬装加绒加厚保暖罗纹卫衣外套裤子打底衫休闲儿童运动服中大童小孩衣服校服 红色 160(建议身高146-155cm)',138,'/upload/8/3/e/e/d/5/d/f/0df9a37e79450694a96494d348ed2bc0.jpg','商品毛重：1.0kg\n货号：男女童罗纹卫衣三件套\n衣门襟：拉链\n适用年龄：1-3岁，6-12个月，3-6岁，6-9岁，9-12岁，12岁以上\n适用季节：冬季\n上市时间：2018秋季\n适用性别：通用\n安全等级：B',7,1),
('dc0a67d2d86d4c3b90c1d58ddf1d8342','W.DoubleuDot达点2018夏季新品韩版女时尚帅气纯色风衣WW7WR487 83酒红色 S',1490,'/upload/3/1/2/3/2/a/8/f/1ba528641b54ec6061853783841b0c9a.jpg','商品毛重：100.00g\n尺码：S，M\n图案：纯色\n里料材质：其它\n风格：韩版\n上市时间：2018冬',29,1),
('dc36201d07dd44ee8b638a558967b6bf','季候风2018冬季新款时尚通勤圆领中长款条纹针织长袖连衣裙女6844OA146 花兰MU2 M/160',548,'/upload/e/3/a/0/b/b/7/8/c469a72e34a9228385c6f73a1b3f2d2f.jpg','商品毛重：430.00g\n腰型：宽松腰\n风格：休闲，运动\n厚度：适中\n领型：圆领\n流行元素：条纹\n版型：直筒型\n裙型：包臀裙\n袖长：长袖\n袖型：常规\n适用年龄：25-29周岁\n主要材质：棉\n裙长：短裙\n分类：长袖连衣裙\n适用人群：少女\n上市时间：2018冬',31,1),
('dc37a3d6865a450e91aaecf9579b8fa7','xg雪歌女装2018冬装新款韩版宽松中长款针织衫长袖慵懒风毛衣连衣裙子 卡其 34/155/S',854,'/upload/b/0/a/2/6/e/b/a/0b2065d80fe865a141266ab882d44573.jpg','商品毛重：1.0kg\n腰型：中腰\n主要材质：锦纶\n流行元素：纽扣\n袖长：长袖\n袖型：常规\n适用年龄：30-34周岁\n图案：纯色\n适用人群：轻熟女\n裙长：中',20,1),
('dc51d5821d0346a9a630729b6a5ab48b','季候风2018冬季新款时尚通勤圆领中长款条纹针织长袖连衣裙女6844OA146 花兰MU2 M/160',548,'/upload/5/4/e/6/4/2/1/b/c469a72e34a9228385c6f73a1b3f2d2f.jpg','商品毛重：430.00g\n腰型：宽松腰\n风格：休闲，运动\n厚度：适中\n领型：圆领\n流行元素：条纹\n版型：直筒型\n裙型：包臀裙\n袖长：长袖\n袖型：常规\n适用年龄：25-29周岁\n主要材质：棉\n裙长：短裙\n分类：长袖连衣裙\n适用人群：少女\n上市时间：2018冬',31,1),
('dc603bf0f44f48d9a5389b07616e578a','童装女童套装男童秋冬装加绒加厚保暖罗纹卫衣外套裤子打底衫休闲儿童运动服中大童小孩衣服校服 红色 160(建议身高146-155cm)',138,'/upload/0/f/0/6/8/e/a/d/0df9a37e79450694a96494d348ed2bc0.jpg','商品毛重：1.0kg\n货号：男女童罗纹卫衣三件套\n衣门襟：拉链\n适用年龄：1-3岁，6-12个月，3-6岁，6-9岁，9-12岁，12岁以上\n适用季节：冬季\n上市时间：2018秋季\n适用性别：通用\n安全等级：B',17,1),
('dcd0ef847b9046b794993c396a6c8096','针织衫女2018秋冬季新款女装韩版时尚学生宽松加绒加厚保暖短款长袖毛衣女士上衣打底衫女外套头 白色 均码',99,'/upload/3/2/8/7/c/c/d/7/f4751568d5323fe04c482bad734563ac.jpg','商品毛重：300.00g\n货号：RHW208\n厚度：适中\n领型：圆领\n颜色：多色\n适用年龄：18-24周岁\n图案：几何图案\n尺码：均码\n组合规格：单件\n衣长：常规款\n主要材质：粘胶纤维\n流行元素：刺绣，绣花\n袖长：长袖\n袖型：常规\n衣门襟：无扣\n版型：直筒型\n款式：套头\n上市时间：2018冬',14,1),
('dd25e0b37d8e423ca51984565a5442d2','2018加绒加厚时尚气质显瘦打底裤 黑色 XL',68,'/upload/a/1/2/5/3/a/6/5/69be0cf4a536ec8d7e09eaeeac2858d3.jpg','商品毛重：500.00g\n裤长：长',31,1),
('dd4eb2ba41664a53addbb502e4c52560','W.DoubleuDot达点2018夏季新品韩版女时尚帅气纯色风衣WW7WR487 83酒红色 S',1490,'/upload/d/7/4/4/0/a/f/c/1ba528641b54ec6061853783841b0c9a.jpg','商品毛重：100.00g\n尺码：S，M\n图案：纯色\n里料材质：其它\n风格：韩版\n上市时间：2018冬',29,1),
('dd742bd7d0f94155ad5b97bc8d03802b','xg雪歌女装2018新款秋冬韩版简约通勤显瘦长袖衬衫宽松复古港味上衣 酒红 36/160/M',359,'/upload/3/1/7/9/5/5/c/6/a81f60425c17440754e6f7ade4c5ada7.jpg','商品毛重：1.0kg\n袖长：长袖\n适用年龄：30-34周岁\n领型：立领\n图案：纯',20,1),
('dd9df88566ab4f7bada6f2a1a8005940','betu百图黑色微喇叭裤女长裤韩版高腰小脚裤休闲打底裤2018新款 喇叭裤 M',169,'/upload/8/0/8/1/d/9/d/9/eefc4d219d36875fdc47793f79f2f7bc.jpg','商品毛重：1.0kg\n腰型：高腰\n厚度：适中\n流行元素：立体裁剪\n适用年龄：25-29周岁\n裤长：长裤\n裤型：喇叭裤\n弹力：微弹\n上市时间：2018秋',22,1),
('de14067705f6423ba8557f2eda523c09','2018秋冬情侣装新款韩版撞色套头针织衫男女学生百搭宽松毛衣上衣 白色(不分男女)质量堪比良布 拉夏贝尔 欧时力 3XL',188,'/upload/3/7/c/e/6/a/3/9/ea1a06b2d6dfdcd66de17098febcb29f.jpg','商品毛重：300.00g\n尺码：S，M，L，XL\n领型：圆领\n流行元素：条纹，拼接\n袖长：长袖\n袖型：常规\n风格：通勤\n毛线粗细：常规毛线\n款式：套头\n上市时间：2018秋',8,1),
('defd70e1091a40e3b3eb8b56182d408a','MOCO个性木耳边装饰高领长袖针织衫MA173TOP204 moco 祖母绿色 L',419,'/upload/f/0/c/c/a/0/8/7/28f17cd384dc1269d9ada8c7e753cae9.jpg','商品毛重：300.00g\n组合规格：单件\n厚度：适中\n领型：高领\n袖长：长袖\n适用年龄：25-29周岁\n版型：修身型\n主要材质：其它\n衣长：常规款\n款式：套头\n上市时间：2017秋',9,1),
('defe0b1ff8c74d2cb3938b3acf46c095','秋冬款加绒儿童脖套加厚超柔男女童围巾小孩围脖 深蓝史努比',39,'/upload/9/c/0/0/9/4/7/7/0a26416e754185c0291d22653592f061.jpg','商品毛重：1.0kg\n材质：其它\n成分含量：30%及以下\n宽度：0-30cm（含）\n适用季节：秋冬款\n长度：49cm以下\n适用人群：儿童\n上市时间：2018秋',19,1),
('df2d229e92d846e084c8414761c71e12','亲子睡衣 软绵绵儿童睡衣加厚保暖史努比亲子圆领毛绒珊瑚绒家居服套装 儿童史努比SNP新款 女士均码',338,'/upload/0/7/7/8/7/8/7/a/d6ee6473cc687d2d3bf47f5a5a40ced5.jpg','商品毛重：300.00g\n货号：578247467720\n面料：棉布\n适用性别：男童\n适用年龄：0-1岁\n安全等级：其它\n适用季节：冬季\n功能：抗静电\n分类：家居服套装\n上市时间：2018冬',19,1),
('df40ea4c45dd4db39e2dac4f8b26391a','AIVEI欣贺艾薇2018秋新款修身蝴蝶结雪纺拼接女连衣裙K0560016 黑色 S',789,'/upload/a/3/d/9/f/f/4/f/596acb5f14a69b7f53faf089046ecb13.jpg','商品毛重：100.00g\n尺码：S\n主要材质：涤纶\n领型：娃娃领\n流行元素：拼接\n颜色：黑色系\n袖长：长袖\n衣门襟：拉链\n适用年龄：25-29周岁\n图案：纯色\n裙长：短裙\n袖型：喇叭袖\n裙型：A字裙\n腰型：高',15,1),
('e023785ed32a4f228010d5311dfe3d28','2018秋冬情侣装新款韩版撞色套头针织衫男女学生百搭宽松毛衣上衣 白色(不分男女)质量堪比良布 拉夏贝尔 欧时力 3XL',188,'/upload/4/2/a/f/d/b/7/f/ea1a06b2d6dfdcd66de17098febcb29f.jpg','商品毛重：300.00g\n尺码：S，M，L，XL\n领型：圆领\n流行元素：条纹，拼接\n袖长：长袖\n袖型：常规\n风格：通勤\n毛线粗细：常规毛线\n款式：套头\n上市时间：2018秋',8,1),
('e0760add05754d82b5eaa10c5604c4a5','毛衣女2018秋冬季新款女装韩版宽松加绒加厚中长款长袖女士针织衫女上衣打底衫女外套头连衣裙针织 米白 M',118,'/upload/6/f/b/d/c/9/e/f/8f0666dfd8868ba40ca0d6cd912f54aa.jpg','商品毛重：300.00g\n货号：M1316\n组合规格：单件\n风格：韩版\n厚度：适中\n领型：圆领\n颜色：多色\n袖长：长袖\n袖型：常规\n适用年龄：18-24周岁\n衣长：中长款\n图案：纯色\n版型：修身型\n款式：套头\n上市时间：2018秋',12,1),
('e08cc2bf01584d2c970e92ba04ce66be','童装女童套装男童秋冬装加绒加厚保暖罗纹卫衣外套裤子打底衫休闲儿童运动服中大童小孩衣服校服 红色 160(建议身高146-155cm)',138,'/upload/b/d/5/c/9/7/d/f/0df9a37e79450694a96494d348ed2bc0.jpg','商品毛重：1.0kg\n货号：男女童罗纹卫衣三件套\n衣门襟：拉链\n适用年龄：1-3岁，6-12个月，3-6岁，6-9岁，9-12岁，12岁以上\n适用季节：冬季\n上市时间：2018秋季\n适用性别：通用\n安全等级：B',28,1),
('e0c8853dbd1c44128515347c5e696dc6','MO&Co.V后领V型镂空微喇叭中袖撞色袖口针织连衣裙MA1633DRS05 moco W08黑色 M',539,'/upload/d/2/4/d/5/a/f/6/4308d1f2f3310b991b9dc9072fa61e60.jpg','商品毛重：300.00g\n尺码：S\n风格：欧美\n版型：直筒型\n领型：圆领\n图案：纯色\n腰型：中腰\n颜色：黑色系\n袖长：五分袖\n袖型：喇叭袖\n适用年龄：25-29周岁\n裙型：A字裙\n裙长：短裙\n分类：长袖连衣裙\n适用人群：少女\n上市时间：2016秋',9,1),
('e0dce5172cf34ec1acf90caf528c5e5c','2018冬新款韩版直筒西装领呢子大衣中长款呢大衣ENCIMEI1022C3586 粉 S',328,'/upload/7/b/e/b/9/9/9/b/936de4954c43000c00b068012cfb9e7c.jpg','商品毛重：1.2kg\n货号：ENCIMEI1022C3586\n厚度：适中\n领型：西装领\n颜色：粉色系\n里料图案：纯色\n图案：纯色\n里料材质：涤纶\n尺码：S，M，L，XL\n版型：直筒型\n主要材质：其它\n袖长：长袖\n衣门襟：单排扣\n衣领材质：兔毛领\n袖型：常规\n衣长：中长款\n适用年龄：25-29周岁\n上市时间：2018冬',27,1),
('e0e2aa737ba6452da78b1897424b18e5','2018冬新款韩版直筒西装领呢子大衣中长款呢大衣ENCIMEI1022C3586 粉 S',328,'/upload/c/3/7/5/f/3/c/6/936de4954c43000c00b068012cfb9e7c.jpg','商品毛重：1.2kg\n货号：ENCIMEI1022C3586\n厚度：适中\n领型：西装领\n颜色：粉色系\n里料图案：纯色\n图案：纯色\n里料材质：涤纶\n尺码：S，M，L，XL\n版型：直筒型\n主要材质：其它\n袖长：长袖\n衣门襟：单排扣\n衣领材质：兔毛领\n袖型：常规\n衣长：中长款\n适用年龄：25-29周岁\n上市时间：2018冬',27,1),
('e1518245d4574d82a1fd3203929a9a2d','童装女童套装男童秋冬装加绒加厚保暖罗纹卫衣外套裤子打底衫休闲儿童运动服中大童小孩衣服校服 红色 160(建议身高146-155cm)',138,'/upload/d/4/3/1/8/9/9/1/0df9a37e79450694a96494d348ed2bc0.jpg','商品毛重：1.0kg\n货号：男女童罗纹卫衣三件套\n衣门襟：拉链\n适用年龄：1-3岁，6-12个月，3-6岁，6-9岁，9-12岁，12岁以上\n适用季节：冬季\n上市时间：2018秋季\n适用性别：通用\n安全等级：B',17,1),
('e19de28f7e0d40be85953aa4fd6546f7','MOCO个性木耳边装饰高领长袖针织衫MA173TOP204 moco 祖母绿色 L',419,'/upload/1/6/2/d/8/0/0/9/28f17cd384dc1269d9ada8c7e753cae9.jpg','商品毛重：300.00g\n组合规格：单件\n厚度：适中\n领型：高领\n袖长：长袖\n适用年龄：25-29周岁\n版型：修身型\n主要材质：其它\n衣长：常规款\n款式：套头\n上市时间：2017秋',9,1),
('e2402111080645b1b46b15685b0bd374','xzoo针织连衣裙2018长袖秋季套装女新品韩版女装毛衣两件套套装裙子女 灰色套装 L',188,'/upload/e/f/d/6/c/7/5/c/9fe5463ebdf98949531adb5f64637d8c.jpg','商品毛重：500.00g\n腰型：高腰\n厚度：适中\n领型：V领\n适用年龄：25-29周岁\n图案：纯色\n尺码：S，M，L，XL\n组合规格：两件套\n裙型：A字裙\n主要材质：聚酯纤维\n廓形：A型\n流行元素：拼色\n袖长：长袖\n袖型：灯笼袖\n衣门襟：系扣\n版型：A字型\n裙长：长裙\n分类：套装裙\n适用人群：轻熟女\n上市时间：2018秋',13,1),
('e24b1b9e85de4ddd97e5cc57c41f72dd','AIVEI欣贺艾薇2018秋新款修身蝴蝶结雪纺拼接女连衣裙K0560016 黑色 S',789,'/upload/5/e/1/6/1/8/7/b/596acb5f14a69b7f53faf089046ecb13.jpg','商品毛重：100.00g\n尺码：S\n主要材质：涤纶\n领型：娃娃领\n流行元素：拼接\n颜色：黑色系\n袖长：长袖\n衣门襟：拉链\n适用年龄：25-29周岁\n图案：纯色\n裙长：短裙\n袖型：喇叭袖\n裙型：A字裙\n腰型：高',15,1),
('e2bd3a82bca54e5388766923993ba7f2','针织毛衣女2018秋冬新品加绒加厚半高领宽松套头针织内搭韩版长袖保暖短款长袖毛衣女士高领打底 卡其色加绒 均码',118,'/upload/0/d/e/d/3/5/9/9/03a2680178dff6e1a7c462e5506545e6.jpg','商品毛重：300.00g\n货号：LXFS1240\n厚度：加厚\n领型：半高圆领\n颜色：多色\n适用年龄：25-29周岁\n图案：纯色\n尺码：其它\n组合规格：单件\n衣长：常规款\n主要材质：粘胶纤维\n流行元素：拼接，立体装饰，3D\n袖长：长袖\n袖型：常规\n衣门襟：无扣\n版型：修身型\n款式：套头\n上市时间：2018冬',10,1),
('e2dfe1ce8eb3400b8a47875ef6155c73','MOCO个性木耳边装饰高领长袖针织衫MA173TOP204 moco 祖母绿色 L',419,'/upload/a/4/d/c/e/6/b/0/28f17cd384dc1269d9ada8c7e753cae9.jpg','商品毛重：300.00g\n组合规格：单件\n厚度：适中\n领型：高领\n袖长：长袖\n适用年龄：25-29周岁\n版型：修身型\n主要材质：其它\n衣长：常规款\n款式：套头\n上市时间：2017秋',9,1),
('e301774e361c438f83d106f75890c44f','betu百图黑色微喇叭裤女长裤韩版高腰小脚裤休闲打底裤2018新款 喇叭裤 M',169,'/upload/1/9/e/0/a/2/4/f/eefc4d219d36875fdc47793f79f2f7bc.jpg','商品毛重：1.0kg\n腰型：高腰\n厚度：适中\n流行元素：立体裁剪\n适用年龄：25-29周岁\n裤长：长裤\n裤型：喇叭裤\n弹力：微弹\n上市时间：2018秋',22,1),
('e344f1655feb42a8be39ad2711d1685f','季候风2018冬季新款时尚通勤圆领中长款条纹针织长袖连衣裙女6844OA146 花兰MU2 M/160',548,'/upload/3/7/f/a/a/5/8/f/c469a72e34a9228385c6f73a1b3f2d2f.jpg','商品毛重：430.00g\n腰型：宽松腰\n风格：休闲，运动\n厚度：适中\n领型：圆领\n流行元素：条纹\n版型：直筒型\n裙型：包臀裙\n袖长：长袖\n袖型：常规\n适用年龄：25-29周岁\n主要材质：棉\n裙长：短裙\n分类：长袖连衣裙\n适用人群：少女\n上市时间：2018冬',31,1),
('e34d47961a264c22967fdf53590a50f1','MOCO个性木耳边装饰高领长袖针织衫MA173TOP204 moco 祖母绿色 L',419,'/upload/5/e/b/7/e/6/b/c/28f17cd384dc1269d9ada8c7e753cae9.jpg','商品毛重：300.00g\n组合规格：单件\n厚度：适中\n领型：高领\n袖长：长袖\n适用年龄：25-29周岁\n版型：修身型\n主要材质：其它\n衣长：常规款\n款式：套头\n上市时间：2017秋',9,1),
('e42425f8afdb41588924bc81a74682eb','MOCO个性木耳边装饰高领长袖针织衫MA173TOP204 moco 祖母绿色 L',419,'/upload/6/3/f/4/a/f/b/7/28f17cd384dc1269d9ada8c7e753cae9.jpg','商品毛重：300.00g\n组合规格：单件\n厚度：适中\n领型：高领\n袖长：长袖\n适用年龄：25-29周岁\n版型：修身型\n主要材质：其它\n衣长：常规款\n款式：套头\n上市时间：2017秋',9,1),
('e4d7c5d1c44045c18f4e1b7a007afe9c','XG 雪歌新款女装中长款修身蕾丝打底衫装T桖衬衫秋装上衣 中灰 36/160/M',399,'/upload/0/8/3/6/8/0/2/d/1f31058a6c5e562160d47b3605cb6957.jpg','商品毛重：1.0kg\n货号：XD421986AD20\n版型：修身型\n主要材质：棉\n领型：圆领\n流行元素：蕾丝\n颜色：白色系\n袖长：长袖\n袖型：常规\n适用年龄：30-34周岁\n厚度：适中\n衣长：常规款\n上市时间：2017冬',20,1),
('e4e436ad07094eed8ed4066cb17627ac','新品卫衣2018新款女长袖韩版宽松连帽薄款运动超火夏秋季套头卫衣套装 黑色(史努比) S',298,'/upload/4/2/1/7/9/c/8/c/86326e0d5b247a888a380c949bb29db2.jpg','商品毛重：300.00g\n货号：574678347263\n组合规格：两件套\n版型：宽松型\n厚度：薄款\n领型：连帽\n袖型：常规\n衣长：常规款\n颜色：黑色系，灰色系，红色系，白色系，蓝色系，粉色系\n袖长：长袖\n衣门襟：拉链\n适用年龄：18-24周岁\n主要材质：棉\n图案：卡通动漫\n风格：韩版\n款式：套头\n上市时间：2018冬',19,1),
('e4f604787eff4bc5beb3fe578d518199','针织衫女2018秋冬季新款女装韩版时尚学生宽松加绒加厚保暖短款长袖毛衣女士上衣打底衫女外套头 白色 均码',99,'/upload/4/0/d/d/e/0/1/2/f4751568d5323fe04c482bad734563ac.jpg','商品毛重：300.00g\n货号：RHW208\n厚度：适中\n领型：圆领\n颜色：多色\n适用年龄：18-24周岁\n图案：几何图案\n尺码：均码\n组合规格：单件\n衣长：常规款\n主要材质：粘胶纤维\n流行元素：刺绣，绣花\n袖长：长袖\n袖型：常规\n衣门襟：无扣\n版型：直筒型\n款式：套头\n上市时间：2018冬',14,1),
('e52d0e9284ce4fe2a1bad1ddaa00fb8f','AIVEI欣贺艾薇2018秋新款修身蝴蝶结雪纺拼接女连衣裙K0560016 黑色 S',789,'/upload/b/5/9/4/e/8/8/8/596acb5f14a69b7f53faf089046ecb13.jpg','商品毛重：100.00g\n尺码：S\n主要材质：涤纶\n领型：娃娃领\n流行元素：拼接\n颜色：黑色系\n袖长：长袖\n衣门襟：拉链\n适用年龄：25-29周岁\n图案：纯色\n裙长：短裙\n袖型：喇叭袖\n裙型：A字裙\n腰型：高',15,1),
('e53d5d0151574efeb264ceec7a58d347','2018冬新款韩版直筒西装领呢子大衣中长款呢大衣ENCIMEI1022C3586 粉 S',328,'/upload/a/b/f/2/b/f/c/8/936de4954c43000c00b068012cfb9e7c.jpg','商品毛重：1.2kg\n货号：ENCIMEI1022C3586\n厚度：适中\n领型：西装领\n颜色：粉色系\n里料图案：纯色\n图案：纯色\n里料材质：涤纶\n尺码：S，M，L，XL\n版型：直筒型\n主要材质：其它\n袖长：长袖\n衣门襟：单排扣\n衣领材质：兔毛领\n袖型：常规\n衣长：中长款\n适用年龄：25-29周岁\n上市时间：2018冬',27,1),
('e56169e03c774ec6a24300a0279c1b99','季候风2018冬季新款时尚通勤圆领中长款条纹针织长袖连衣裙女6844OA146 花兰MU2 M/160',548,'/upload/6/9/0/9/c/e/b/e/c469a72e34a9228385c6f73a1b3f2d2f.jpg','商品毛重：430.00g\n腰型：宽松腰\n风格：休闲，运动\n厚度：适中\n领型：圆领\n流行元素：条纹\n版型：直筒型\n裙型：包臀裙\n袖长：长袖\n袖型：常规\n适用年龄：25-29周岁\n主要材质：棉\n裙长：短裙\n分类：长袖连衣裙\n适用人群：少女\n上市时间：2018冬',17,1),
('e5b3ab2c8dc049b4bc056b8d2a502caa','betu百图黑色微喇叭裤女长裤韩版高腰小脚裤休闲打底裤2018新款 喇叭裤 M',169,'/upload/e/4/b/6/4/a/f/8/eefc4d219d36875fdc47793f79f2f7bc.jpg','商品毛重：1.0kg\n腰型：高腰\n厚度：适中\n流行元素：立体裁剪\n适用年龄：25-29周岁\n裤长：长裤\n裤型：喇叭裤\n弹力：微弹\n上市时间：2018秋',22,1),
('e62a84d668f74bc6a232d9e0e087bf8d','茵曼秋装秋冬中腰净色打底九分小脚休闲裤女【18730$94191】 黑色 25',179,'/upload/6/b/3/2/b/9/9/b/3b3e1a6a34a868f1e0fbee917d162bd3.jpg','商品毛重：390.00g\n腰型：中腰\n裤长：九分裤\n裤型：直筒裤\n风格：简约，复古，文艺，百搭\n流行元素：口袋\n弹力：微弹\n上市时间：2017秋',26,1),
('e6a4b2d3c3494690b183a01b21cda488','蓝紫新 连衣裙新品2018冬装大码女装中长款金丝绒包臀裙长袖连衣裙蕾丝加绒加厚打底连衣裙 6786# 咖啡色 XL',139,'/upload/1/b/8/e/e/7/e/6/5b61e2430d0d00f524917b5c4a73a13c.jpg','商品毛重：100.00g\n货号：BH3-319-A-6786-50\n风格：优雅，中性风，韩版\n厚度：厚款\n领型：堆堆领\n颜色：黑色系，红色系\n适用年龄：25-29周岁\n尺码：S，M，L，XL，XXL\n组合规格：单件\n版型：修身型\n廓形：O型\n流行元素：蕾丝，镶钻，烫画\n袖长：长袖\n袖型：常规\n裙型：大摆裙\n裙长：中长裙\n分类：长袖连衣裙\n适用人群：胖mm，少女，轻熟女，成熟，亲子\n上市时间：2018冬',14,1),
('e707fc79032a4783a2c0c00a5e211907','新品卫衣2018新款女长袖韩版宽松连帽薄款运动超火夏秋季套头卫衣套装 黑色(史努比) S',298,'/upload/6/1/4/c/3/d/7/1/86326e0d5b247a888a380c949bb29db2.jpg','商品毛重：300.00g\n货号：574678347263\n组合规格：两件套\n版型：宽松型\n厚度：薄款\n领型：连帽\n袖型：常规\n衣长：常规款\n颜色：黑色系，灰色系，红色系，白色系，蓝色系，粉色系\n袖长：长袖\n衣门襟：拉链\n适用年龄：18-24周岁\n主要材质：棉\n图案：卡通动漫\n风格：韩版\n款式：套头\n上市时间：2018冬',19,1),
('e762742af15b45a9984e46c4a2f0b238','季候风2018冬季新款时尚通勤圆领中长款条纹针织长袖连衣裙女6844OA146 花兰MU2 M/160',548,'/upload/0/d/b/6/e/3/4/3/c469a72e34a9228385c6f73a1b3f2d2f.jpg','商品毛重：430.00g\n腰型：宽松腰\n风格：休闲，运动\n厚度：适中\n领型：圆领\n流行元素：条纹\n版型：直筒型\n裙型：包臀裙\n袖长：长袖\n袖型：常规\n适用年龄：25-29周岁\n主要材质：棉\n裙长：短裙\n分类：长袖连衣裙\n适用人群：少女\n上市时间：2018冬',31,1),
('e781a078e7ce4b5887cdd07f9cab7007','童装女童套装男童秋冬装加绒加厚保暖罗纹卫衣外套裤子打底衫休闲儿童运动服中大童小孩衣服校服 红色 160(建议身高146-155cm)',138,'/upload/f/f/2/a/2/e/9/1/0df9a37e79450694a96494d348ed2bc0.jpg','商品毛重：1.0kg\n货号：男女童罗纹卫衣三件套\n衣门襟：拉链\n适用年龄：1-3岁，6-12个月，3-6岁，6-9岁，9-12岁，12岁以上\n适用季节：冬季\n上市时间：2018秋季\n适用性别：通用\n安全等级：B',17,1),
('e7d348abff554d6e8220529ca529d263','2018秋冬情侣装新款韩版撞色套头针织衫男女学生百搭宽松毛衣上衣 白色(不分男女)质量堪比良布 拉夏贝尔 欧时力 3XL',188,'/upload/d/8/d/d/9/5/0/4/ea1a06b2d6dfdcd66de17098febcb29f.jpg','商品毛重：300.00g\n尺码：S，M，L，XL\n领型：圆领\n流行元素：条纹，拼接\n袖长：长袖\n袖型：常规\n风格：通勤\n毛线粗细：常规毛线\n款式：套头\n上市时间：2018秋',8,1),
('e7d6747f4565403aacb5081d4d6ad33a','W.DoubleuDot达点春秋款韩版女简约修身职场OL风通勤衬衫WW6SB134 21天蓝色 S',268.2,'/upload/8/b/b/e/8/2/8/7/a87c8a3f6cbb44dbaa998c7cb93efa53.jpg','商品毛重：100.00g\n尺码：S，M\n衣长：常规款\n领型：圆领\n适用年龄：18-24周岁\n袖长：长袖\n上市时间：2018秋',29,1),
('e7f84e6a9ab542a79696e9d917d31cc7','W.DoubleuDot达点2018夏季新品韩版女时尚帅气纯色风衣WW7WR487 83酒红色 S',1490,'/upload/3/4/4/6/e/8/c/b/1ba528641b54ec6061853783841b0c9a.jpg','商品毛重：100.00g\n尺码：S，M\n图案：纯色\n里料材质：其它\n风格：韩版\n上市时间：2018冬',29,1),
('e806f2b264fc49838bf930f13f3c87a9','特选欧货黑色百搭金丝绒上衣女时尚2018新款秋冬蕾丝长袖高领打底衫潮 黑色薄款 S质量堪比乐町 欧时力 拉夏贝尔',326,'/upload/f/c/7/f/7/0/9/7/d2f3c32a6b2f06f3b8471232c4081556.jpg','商品毛重：1.0kg\n尺码：S，M，L，XL\n主要材质：金丝绒\n领型：高领\n流行元素：蕾丝，拼接，纱网\n袖长：长袖\n图案：纯色\n版型：修身型\n风格：街头\n上市时间：2018秋',8,1),
('e835fdc7ef744d25963ae232decd5ebd','2018秋冬情侣装新款韩版撞色套头针织衫男女学生百搭宽松毛衣上衣 白色(不分男女)质量堪比良布 拉夏贝尔 欧时力 3XL',188,'/upload/2/2/e/9/6/e/d/b/ea1a06b2d6dfdcd66de17098febcb29f.jpg','商品毛重：300.00g\n尺码：S，M，L，XL\n领型：圆领\n流行元素：条纹，拼接\n袖长：长袖\n袖型：常规\n风格：通勤\n毛线粗细：常规毛线\n款式：套头\n上市时间：2018秋',8,1),
('e850ca3e283b4e3fb6dbf0368e1e0997','童装女童套装男童秋冬装加绒加厚保暖罗纹卫衣外套裤子打底衫休闲儿童运动服中大童小孩衣服校服 红色 160(建议身高146-155cm)',138,'/upload/1/5/0/f/7/0/a/f/0df9a37e79450694a96494d348ed2bc0.jpg','商品毛重：1.0kg\n货号：男女童罗纹卫衣三件套\n衣门襟：拉链\n适用年龄：1-3岁，6-12个月，3-6岁，6-9岁，9-12岁，12岁以上\n适用季节：冬季\n上市时间：2018秋季\n适用性别：通用\n安全等级：B',25,1),
('e924f936a6a9454597948f579f670bf7','童装女童套装男童秋冬装加绒加厚保暖罗纹卫衣外套裤子打底衫休闲儿童运动服中大童小孩衣服校服 红色 160(建议身高146-155cm)',138,'/upload/f/e/f/6/5/b/8/0/0df9a37e79450694a96494d348ed2bc0.jpg','商品毛重：1.0kg\n货号：男女童罗纹卫衣三件套\n衣门襟：拉链\n适用年龄：1-3岁，6-12个月，3-6岁，6-9岁，9-12岁，12岁以上\n适用季节：冬季\n上市时间：2018秋季\n适用性别：通用\n安全等级：B',7,1),
('e934eda730b8447a9b48215ee107c7b5','MOCO个性木耳边装饰高领长袖针织衫MA173TOP204 moco 祖母绿色 L',419,'/upload/4/5/c/b/9/8/b/e/28f17cd384dc1269d9ada8c7e753cae9.jpg','商品毛重：300.00g\n组合规格：单件\n厚度：适中\n领型：高领\n袖长：长袖\n适用年龄：25-29周岁\n版型：修身型\n主要材质：其它\n衣长：常规款\n款式：套头\n上市时间：2017秋',9,1),
('ea000ba860c64ee69b833a33ac41652b','betu百图黑色微喇叭裤女长裤韩版高腰小脚裤休闲打底裤2018新款 喇叭裤 M',169,'/upload/0/7/3/0/2/3/8/1/eefc4d219d36875fdc47793f79f2f7bc.jpg','商品毛重：1.0kg\n腰型：高腰\n厚度：适中\n流行元素：立体裁剪\n适用年龄：25-29周岁\n裤长：长裤\n裤型：喇叭裤\n弹力：微弹\n上市时间：2018秋',22,1),
('ea1ab0c0f2e54d47a12b3a172de995f4','童装女童套装男童秋冬装加绒加厚保暖罗纹卫衣外套裤子打底衫休闲儿童运动服中大童小孩衣服校服 红色 160(建议身高146-155cm)',138,'/upload/6/3/d/f/e/8/5/e/0df9a37e79450694a96494d348ed2bc0.jpg','商品毛重：1.0kg\n货号：男女童罗纹卫衣三件套\n衣门襟：拉链\n适用年龄：1-3岁，6-12个月，3-6岁，6-9岁，9-12岁，12岁以上\n适用季节：冬季\n上市时间：2018秋季\n适用性别：通用\n安全等级：B',7,1),
('ea6a9eab43ff48f99e0e339652fa3508','betu百图黑色微喇叭裤女长裤韩版高腰小脚裤休闲打底裤2018新款 喇叭裤 M',169,'/upload/3/2/b/5/a/2/1/d/eefc4d219d36875fdc47793f79f2f7bc.jpg','商品毛重：1.0kg\n腰型：高腰\n厚度：适中\n流行元素：立体裁剪\n适用年龄：25-29周岁\n裤长：长裤\n裤型：喇叭裤\n弹力：微弹\n上市时间：2018秋',22,1),
('eae882ce4f464b42bf920318c04da48b','童装女童套装男童秋冬装加绒加厚保暖罗纹卫衣外套裤子打底衫休闲儿童运动服中大童小孩衣服校服 红色 160(建议身高146-155cm)',138,'/upload/9/b/6/9/7/d/9/3/0df9a37e79450694a96494d348ed2bc0.jpg','商品毛重：1.0kg\n货号：男女童罗纹卫衣三件套\n衣门襟：拉链\n适用年龄：1-3岁，6-12个月，3-6岁，6-9岁，9-12岁，12岁以上\n适用季节：冬季\n上市时间：2018秋季\n适用性别：通用\n安全等级：B',28,1),
('eb4c090da1914e629245d169524524f2','茵曼2018新款净色小脚宽松九分休闲运动裤女【18813$34259】 牛仔蓝 25',169,'/upload/e/c/a/d/4/2/0/1/c151163cb555afb51c6d298fcef5d769.jpg','商品毛重：300.00g\n腰型：中腰\n裤长：九分裤\n主要材质：棉\n裤型：铅笔裤/小脚裤\n风格：运动，百搭\n弹力：微弹\n上市时间：2018春',26,1),
('ebb977e5d57143f29f0380e5d8acb479','2018加绒加厚时尚气质显瘦打底裤 黑色 XL',68,'/upload/d/a/e/6/2/a/8/6/69be0cf4a536ec8d7e09eaeeac2858d3.jpg','商品毛重：500.00g\n裤长：长',25,1),
('ec621dd2a18d44a5a98bb5969963dd27','连衣裙新品2018冬装大码女装中长款金丝绒包臀裙长袖连衣裙蕾丝加绒加厚打底连衣裙 6786# 咖啡色 XL',139,'/upload/2/b/5/c/6/6/b/e/5b61e2430d0d00f524917b5c4a73a13c.jpg','商品毛重：100.00g\n货号：BH3-319-A-6786-50\n风格：优雅，中性风，韩版\n厚度：厚款\n领型：堆堆领\n颜色：黑色系，红色系\n适用年龄：25-29周岁\n尺码：S，M，L，XL，XXL\n组合规格：单件\n版型：修身型\n廓形：O型\n流行元素：蕾丝，镶钻，烫画\n袖长：长袖\n袖型：常规\n裙型：大摆裙\n裙长：中长裙\n分类：长袖连衣裙\n适用人群：胖mm，少女，轻熟女，成熟，亲子\n上市时间：2018冬',11,1),
('ed654276b3f24457b0e7f6e87170fd6b','童装女童套装男童秋冬装加绒加厚保暖罗纹卫衣外套裤子打底衫休闲儿童运动服中大童小孩衣服校服 红色 160(建议身高146-155cm)',138,'/upload/f/9/c/9/4/d/2/b/0df9a37e79450694a96494d348ed2bc0.jpg','商品毛重：1.0kg\n货号：男女童罗纹卫衣三件套\n衣门襟：拉链\n适用年龄：1-3岁，6-12个月，3-6岁，6-9岁，9-12岁，12岁以上\n适用季节：冬季\n上市时间：2018秋季\n适用性别：通用\n安全等级：B',13,1),
('ed74c7d632f04838a876d7b6d603b4ac','陌随连衣裙2018秋冬新款女装秋季新款韩版秋装女时尚套装女士性感蕾丝长袖针织连衣裙两件套套装裙子 图片色 M',169,'/upload/f/d/6/d/a/7/8/3/3cb2fbd040bb248b6144d68ddce8b6bd.jpg','商品毛重：500.00g\n腰型：中腰\n厚度：适中\n领型：圆领\n颜色：多色\n适用年龄：30-34周岁\n图案：纯色，其它\n尺码：S，M，L，XL，XXL\n组合规格：两件套\n版型：修身型\n主要材质：聚酯纤维\n廓形：A型\n流行元素：拼接\n袖长：长袖\n衣门襟：无扣\n裙型：A字裙\n袖型：常规\n裙长：中长裙\n分类：套装裙\n适用人群：轻熟女\n上市时间：2018秋',10,1),
('ee2c93c314ac47c18de8c886bcb6324e','W.DoubleuDot达点2018春夏新品韩版女简约条纹款长袖衬衫WW7AB137 29蓝色条纹 S',413,'/upload/3/3/c/0/d/d/0/0/880d4c6825e6e481d5048f9a6ee3a3b7.jpg','商品毛重：100.00g\n尺码：S，M\n领型：其它\n流行元素：条纹\n袖长：长袖\n袖型：常规\n适用年龄：18-24周岁\n风格：百搭\n上市时间：2018春',29,1),
('ef5d13d90a81452cbb1f434f3ecc9f30','女士内裤女纯色棉质蕾丝性感小平角裤头女式中腰收腹三角内裤 浅灰+卡其+抹茶绿 M',59,'/upload/8/d/d/8/1/1/6/f/b1bcb99044d70614acdc8778ee5c45db.jpg','商品产地：中国大陆浙江省嘉兴市\n尺码：M，L\n花型：纯色\n颜色：多色\n组合形式：3条装\n款式细节：蕾丝边\n适用人群：青年\n腰型：中腰\n面料：棉质\n功能：收腹\n款式：三角裤\n上市时间：2018年夏',23,1),
('ef6e2c98b207424c9504f4ea07d45f3f','针织衫女2018秋冬季新款女装韩版时尚学生宽松加绒加厚保暖短款长袖毛衣女士上衣打底衫女外套头 白色 均码',99,'/upload/8/2/0/8/4/5/7/3/f4751568d5323fe04c482bad734563ac.jpg','商品毛重：300.00g\n货号：RHW208\n厚度：适中\n领型：圆领\n颜色：多色\n适用年龄：18-24周岁\n图案：几何图案\n尺码：均码\n组合规格：单件\n衣长：常规款\n主要材质：粘胶纤维\n流行元素：刺绣，绣花\n袖长：长袖\n袖型：常规\n衣门襟：无扣\n版型：直筒型\n款式：套头\n上市时间：2018冬',14,1),
('efe5eacde21c458d89b0d03a06b74916','童装女童套装男童秋冬装加绒加厚保暖罗纹卫衣外套裤子打底衫休闲儿童运动服中大童小孩衣服校服 红色 160(建议身高146-155cm)',138,'/upload/8/0/3/4/5/0/0/0/0df9a37e79450694a96494d348ed2bc0.jpg','商品毛重：1.0kg\n货号：男女童罗纹卫衣三件套\n衣门襟：拉链\n适用年龄：1-3岁，6-12个月，3-6岁，6-9岁，9-12岁，12岁以上\n适用季节：冬季\n上市时间：2018秋季\n适用性别：通用\n安全等级：B',25,1),
('f024e08794c541fea56e48dbc424e46a','AIVEI欣贺艾薇2018秋新款修身蝴蝶结雪纺拼接女连衣裙K0560016 黑色 S',789,'/upload/7/d/2/f/7/2/a/c/596acb5f14a69b7f53faf089046ecb13.jpg','商品毛重：100.00g\n尺码：S\n主要材质：涤纶\n领型：娃娃领\n流行元素：拼接\n颜色：黑色系\n袖长：长袖\n衣门襟：拉链\n适用年龄：25-29周岁\n图案：纯色\n裙长：短裙\n袖型：喇叭袖\n裙型：A字裙\n腰型：高',15,1),
('f11fbf130ee4412fa4f11aa7f5b281ad','针织毛衣女2018秋冬新品加绒加厚半高领宽松套头针织内搭韩版长袖保暖短款长袖毛衣女士高领打底 卡其色加绒 均码',118,'/upload/8/e/8/5/a/5/6/e/03a2680178dff6e1a7c462e5506545e6.jpg','商品毛重：300.00g\n货号：LXFS1240\n厚度：加厚\n领型：半高圆领\n颜色：多色\n适用年龄：25-29周岁\n图案：纯色\n尺码：其它\n组合规格：单件\n衣长：常规款\n主要材质：粘胶纤维\n流行元素：拼接，立体装饰，3D\n袖长：长袖\n袖型：常规\n衣门襟：无扣\n版型：修身型\n款式：套头\n上市时间：2018冬',10,1),
('f14717a95f98444ba53855a1f3a2180a','W.DoubleuDot达点2018夏季新品韩版女时尚帅气纯色风衣WW7WR487 83酒红色 S',1490,'/upload/7/6/2/d/c/1/4/3/1ba528641b54ec6061853783841b0c9a.jpg','商品毛重：100.00g\n尺码：S，M\n图案：纯色\n里料材质：其它\n风格：韩版\n上市时间：2018冬',29,1),
('f33bdafe0e5a4134a28342227da25cde','童装女童套装男童秋冬装加绒加厚保暖罗纹卫衣外套裤子打底衫休闲儿童运动服中大童小孩衣服校服 红色 160(建议身高146-155cm)',138,'/upload/e/6/e/0/1/e/6/d/0df9a37e79450694a96494d348ed2bc0.jpg','商品毛重：1.0kg\n货号：男女童罗纹卫衣三件套\n衣门襟：拉链\n适用年龄：1-3岁，6-12个月，3-6岁，6-9岁，9-12岁，12岁以上\n适用季节：冬季\n上市时间：2018秋季\n适用性别：通用\n安全等级：B',13,1),
('f38d4c0df73547aeb65dff5459a67298','2018秋冬情侣装新款韩版撞色套头针织衫男女学生百搭宽松毛衣上衣 白色(不分男女)质量堪比良布 拉夏贝尔 欧时力 3XL',188,'/upload/3/8/e/f/3/4/1/6/ea1a06b2d6dfdcd66de17098febcb29f.jpg','商品毛重：300.00g\n尺码：S，M，L，XL\n领型：圆领\n流行元素：条纹，拼接\n袖长：长袖\n袖型：常规\n风格：通勤\n毛线粗细：常规毛线\n款式：套头\n上市时间：2018秋',8,1),
('f3b9ef856f5c41ecb2f11c0a5fd44ab7','betu百图黑色微喇叭裤女长裤韩版高腰小脚裤休闲打底裤2018新款 喇叭裤 M',169,'/upload/f/c/6/b/e/d/4/d/eefc4d219d36875fdc47793f79f2f7bc.jpg','商品毛重：1.0kg\n腰型：高腰\n厚度：适中\n流行元素：立体裁剪\n适用年龄：25-29周岁\n裤长：长裤\n裤型：喇叭裤\n弹力：微弹\n上市时间：2018秋',22,1),
('f3cd6814435642fa8860f85926dee08a','PRICH女装2018新款大气外套方领纯色时尚女士端庄风衣PRJT84901C 米色 160/84A',660,'/upload/6/f/f/4/5/9/b/1/9a3f4b5c84b171db1fc64a7d8f149d0f.jpg','商品毛重：1.0kg\n领型：方领\n图案：纯色\n上市时间：2018秋',30,1),
('f3fcb82e1a0b4a9181103c3b6799b31d','童装女童套装男童秋冬装加绒加厚保暖罗纹卫衣外套裤子打底衫休闲儿童运动服中大童小孩衣服校服 红色 160(建议身高146-155cm)',138,'/upload/3/a/0/a/c/1/e/4/0df9a37e79450694a96494d348ed2bc0.jpg','商品毛重：1.0kg\n货号：男女童罗纹卫衣三件套\n衣门襟：拉链\n适用年龄：1-3岁，6-12个月，3-6岁，6-9岁，9-12岁，12岁以上\n适用季节：冬季\n上市时间：2018秋季\n适用性别：通用\n安全等级：B',17,1),
('f41da1a9fa154d77b0f56c6bee741bdc','童装女童套装男童秋冬装加绒加厚保暖罗纹卫衣外套裤子打底衫休闲儿童运动服中大童小孩衣服校服 红色 160(建议身高146-155cm)',138,'/upload/9/2/2/b/f/0/c/c/0df9a37e79450694a96494d348ed2bc0.jpg','商品毛重：1.0kg\n货号：男女童罗纹卫衣三件套\n衣门襟：拉链\n适用年龄：1-3岁，6-12个月，3-6岁，6-9岁，9-12岁，12岁以上\n适用季节：冬季\n上市时间：2018秋季\n适用性别：通用\n安全等级：B',7,1),
('f51da68310de4f6cb7d58f6dfee66617','M连衣裙女韩版无袖V领荷叶边裙摆 秋冬新款 M73 藏青 L',699,'/upload/2/f/9/e/2/f/f/5/19525e7f673a3253976422dbe1241cd9.jpg','商品毛重：500.00g\n货号：M73OD1525\n风格：韩版\n领型：V领\n颜色：蓝色系\n适用年龄：25-29周岁\n图案：创意趣味\n尺码：S，M，L，XL\n组合规格：单件\n裙型：A字裙\n主要材质：棉\n流行元素：贴布，刺绣\n袖长：无袖\n袖型：常规\n裙长：中裙\n分类：背心裙\n适用人群：少女\n上市时间：2017秋',24,1),
('f5bd31b43cb04a7c968c785d7b0359a6','童装女童套装男童秋冬装加绒加厚保暖罗纹卫衣外套裤子打底衫休闲儿童运动服中大童小孩衣服校服 红色 160(建议身高146-155cm)',138,'/upload/5/a/3/d/d/d/e/7/0df9a37e79450694a96494d348ed2bc0.jpg','商品毛重：1.0kg\n货号：男女童罗纹卫衣三件套\n衣门襟：拉链\n适用年龄：1-3岁，6-12个月，3-6岁，6-9岁，9-12岁，12岁以上\n适用季节：冬季\n上市时间：2018秋季\n适用性别：通用\n安全等级：B',25,1),
('f5e7496ba90c497685a6f32f62f84633','秋冬中长款大码优雅复古时尚女人味PRICH18秋冬款韩版修身显瘦连衣裙娃娃领长袖中裙W-PROW84 红色 160/84A',689,'/upload/e/8/c/b/2/7/e/5/27e8accca9f5cca8a345b7d048cd68c3.jpg','商品毛重：100.00g\n尺码：160，165，170\n领型：娃娃领\n颜色：红色系\n袖长：长袖\n裙长：中长裙\n腰型：中腰\n廓形：A型\n风格：通',30,1),
('f6d05d477a774af5a206b574a197e951','毛衣女2018秋冬季新款女装韩版宽松加绒加厚中长款长袖女士针织衫女上衣打底衫女外套头连衣裙针织 米白 M',118,'/upload/4/3/a/b/a/a/b/e/8f0666dfd8868ba40ca0d6cd912f54aa.jpg','商品毛重：300.00g\n货号：M1316\n组合规格：单件\n风格：韩版\n厚度：适中\n领型：圆领\n颜色：多色\n袖长：长袖\n袖型：常规\n适用年龄：18-24周岁\n衣长：中长款\n图案：纯色\n版型：修身型\n款式：套头\n上市时间：2018秋',12,1),
('f74f396d75a84239a487ecbc8325df06','连衣裙女韩版无袖V领荷叶边裙摆 秋冬新款 M73 藏青 L',699,'/upload/d/6/3/c/c/7/c/2/19525e7f673a3253976422dbe1241cd9.jpg','商品毛重：500.00g\n货号：M73OD1525\n风格：韩版\n领型：V领\n颜色：蓝色系\n适用年龄：25-29周岁\n图案：创意趣味\n尺码：S，M，L，XL\n组合规格：单件\n裙型：A字裙\n主要材质：棉\n流行元素：贴布，刺绣\n袖长：无袖\n袖型：常规\n裙长：中裙\n分类：背心裙\n适用人群：少女\n上市时间：2017秋',24,1),
('f7b2ae6f41c244c18734dd996926f0f8','童装女童套装男童秋冬装加绒加厚保暖罗纹卫衣外套裤子打底衫休闲儿童运动服中大童小孩衣服校服 红色 160(建议身高146-155cm)',138,'/upload/5/8/c/b/e/e/d/7/0df9a37e79450694a96494d348ed2bc0.jpg','商品毛重：1.0kg\n货号：男女童罗纹卫衣三件套\n衣门襟：拉链\n适用年龄：1-3岁，6-12个月，3-6岁，6-9岁，9-12岁，12岁以上\n适用季节：冬季\n上市时间：2018秋季\n适用性别：通用\n安全等级：B',7,1),
('f7f29f2e43424b11a183f9d2875af6d4','童装女童套装男童秋冬装加绒加厚保暖罗纹卫衣外套裤子打底衫休闲儿童运动服中大童小孩衣服校服 红色 160(建议身高146-155cm)',138,'/upload/1/1/d/1/2/6/4/7/0df9a37e79450694a96494d348ed2bc0.jpg','商品毛重：1.0kg\n货号：男女童罗纹卫衣三件套\n衣门襟：拉链\n适用年龄：1-3岁，6-12个月，3-6岁，6-9岁，9-12岁，12岁以上\n适用季节：冬季\n上市时间：2018秋季\n适用性别：通用\n安全等级：B',28,1),
('f8ca3ae512ee4985afa0f24bdd3619c8','betu百图黑色微喇叭裤女长裤韩版高腰小脚裤休闲打底裤2018新款 喇叭裤 M',169,'/upload/7/3/9/7/0/7/b/8/eefc4d219d36875fdc47793f79f2f7bc.jpg','商品毛重：1.0kg\n腰型：高腰\n厚度：适中\n流行元素：立体裁剪\n适用年龄：25-29周岁\n裤长：长裤\n裤型：喇叭裤\n弹力：微弹\n上市时间：2018秋',22,1),
('f8f86f12cb0b439194e15dd98963b3d3','betu百图黑色微喇叭裤女长裤韩版高腰小脚裤休闲打底裤2018新款 喇叭裤 M',169,'/upload/2/6/4/2/5/5/5/0/eefc4d219d36875fdc47793f79f2f7bc.jpg','商品毛重：1.0kg\n腰型：高腰\n厚度：适中\n流行元素：立体裁剪\n适用年龄：25-29周岁\n裤长：长裤\n裤型：喇叭裤\n弹力：微弹\n上市时间：2018秋',22,1),
('f92995ef7839443b9311503928dd2c2a','夏尔维纳韩版宽松秋季阿桑娜卡通少女春秋外套学院风日系宽松初中高中学生连帽套头卫衣 黑色 M',168,'/upload/5/1/a/f/6/0/d/4/c7017fcb21dd5db5d7f2071971e4a018.jpg','商品毛重：100.00g\n尺码：M\n主要材质：棉\n袖长：长袖\n袖型：常规\n适用年龄：18-24周岁\n图案：卡通动漫\n衣长：常规款\n款式：套头\n版型：直筒',23,1),
('f9c2f7ea844149f9a9f57c72d51914ca','季候风2018冬季新款时尚通勤圆领中长款条纹针织长袖连衣裙女6844OA146 花兰MU2 M/160',548,'/upload/e/e/b/b/1/a/0/2/c469a72e34a9228385c6f73a1b3f2d2f.jpg','商品毛重：430.00g\n腰型：宽松腰\n风格：休闲，运动\n厚度：适中\n领型：圆领\n流行元素：条纹\n版型：直筒型\n裙型：包臀裙\n袖长：长袖\n袖型：常规\n适用年龄：25-29周岁\n主要材质：棉\n裙长：短裙\n分类：长袖连衣裙\n适用人群：少女\n上市时间：2018冬',31,1),
('fa75d1768e94416c9403d366a17532ce','童装女童套装男童秋冬装加绒加厚保暖罗纹卫衣外套裤子打底衫休闲儿童运动服中大童小孩衣服校服 红色 160(建议身高146-155cm)',138,'/upload/8/4/5/4/c/1/2/7/0df9a37e79450694a96494d348ed2bc0.jpg','商品毛重：1.0kg\n货号：男女童罗纹卫衣三件套\n衣门襟：拉链\n适用年龄：1-3岁，6-12个月，3-6岁，6-9岁，9-12岁，12岁以上\n适用季节：冬季\n上市时间：2018秋季\n适用性别：通用\n安全等级：B',13,1),
('fabe53a470734d7ebe76dc7eb064bce5','连衣裙新品2018冬装大码女装中长款金丝绒包臀裙长袖连衣裙蕾丝加绒加厚打底连衣裙 6786# 咖啡色 XL',139,'/upload/5/9/7/5/d/e/3/6/5b61e2430d0d00f524917b5c4a73a13c.jpg','商品毛重：100.00g\n货号：BH3-319-A-6786-50\n风格：优雅，中性风，韩版\n厚度：厚款\n领型：堆堆领\n颜色：黑色系，红色系\n适用年龄：25-29周岁\n尺码：S，M，L，XL，XXL\n组合规格：单件\n版型：修身型\n廓形：O型\n流行元素：蕾丝，镶钻，烫画\n袖长：长袖\n袖型：常规\n裙型：大摆裙\n裙长：中长裙\n分类：长袖连衣裙\n适用人群：胖mm，少女，轻熟女，成熟，亲子\n上市时间：2018冬',11,1),
('fc4a85c9fe1a47bea10db5502969ca2b','艾薇2018秋季女装蝴蝶结v领拼接蕾丝喇叭长袖修身连衣裙K7500904 黑色 4',1719,'/upload/4/a/1/c/e/1/0/7/84d79bf5e99528b0ae9bfc802e3f73b8.jpg','商品毛重：1.0kg\n流行元素：蕾丝，拼接，蝴蝶',15,1),
('fc980b37a2ad4d6bb30dc9645569bede','纤衣良品2018秋装新款秋季女装打底毛衣裙过膝D10079 灰色 XL-在线付款免邮',178,'/upload/6/7/d/f/c/e/4/1/86e3a3803eee399b005e113e3cce12ab.jpg','商品毛重：500.00',12,1),
('fcc54d0373bb46ceb5ca48615864f695','季候风2018冬季新款时尚通勤圆领中长款条纹针织长袖连衣裙女6844OA146 花兰MU2 M/160',548,'/upload/4/8/d/4/8/d/d/7/c469a72e34a9228385c6f73a1b3f2d2f.jpg','商品毛重：430.00g\n腰型：宽松腰\n风格：休闲，运动\n厚度：适中\n领型：圆领\n流行元素：条纹\n版型：直筒型\n裙型：包臀裙\n袖长：长袖\n袖型：常规\n适用年龄：25-29周岁\n主要材质：棉\n裙长：短裙\n分类：长袖连衣裙\n适用人群：少女\n上市时间：2018冬',31,1),
('fe0c9059b2e44f1abb98e552ae00ae63','M连衣裙女韩版无袖V领荷叶边裙摆 秋冬新款 M73 藏青 L',699,'/upload/e/3/b/a/1/4/6/c/19525e7f673a3253976422dbe1241cd9.jpg','商品毛重：500.00g\n货号：M73OD1525\n风格：韩版\n领型：V领\n颜色：蓝色系\n适用年龄：25-29周岁\n图案：创意趣味\n尺码：S，M，L，XL\n组合规格：单件\n裙型：A字裙\n主要材质：棉\n流行元素：贴布，刺绣\n袖长：无袖\n袖型：常规\n裙长：中裙\n分类：背心裙\n适用人群：少女\n上市时间：2017秋',24,1),
('fe6831354c69487ca861f590e339f5e6','棉衣棉服女2018冬季新款大码宽松小个子连帽保暖羽绒棉服女加厚棉袄外套女装T-102-2015 铁锈红 M',159,'/upload/0/2/6/2/6/5/4/d/baeca3e0676b970af486017eedbe0e9b.jpg','商品毛重：1.0kg\n尺码：S，M，L，XL\n风格：通勤\n厚度：加厚\n领型：连帽\n流行元素：拉链，口袋\n衣长：短款\n袖型：常规\n袖长：长袖\n衣门襟：拉链\n适用年龄：25-29周岁\n主要材质：棉\n图案：纯色\n填充物：羽绒棉\n款式：常规\n上市时间：2018冬',7,1),
('fe91a768c1b14a90b969369bfce424d9','xzoo针织连衣裙2018长袖秋季套装女新品韩版女装毛衣两件套套装裙子女 灰色套装 L',188,'/upload/3/9/9/0/c/9/c/2/9fe5463ebdf98949531adb5f64637d8c.jpg','商品毛重：500.00g\n腰型：高腰\n厚度：适中\n领型：V领\n适用年龄：25-29周岁\n图案：纯色\n尺码：S，M，L，XL\n组合规格：两件套\n裙型：A字裙\n主要材质：聚酯纤维\n廓形：A型\n流行元素：拼色\n袖长：长袖\n袖型：灯笼袖\n衣门襟：系扣\n版型：A字型\n裙长：长裙\n分类：套装裙\n适用人群：轻熟女\n上市时间：2018秋',31,1),
('ff006bd5e95d40df9cf54a5fedd76b3d','W.DoubleuDot达点2018夏季新品韩版女时尚帅气纯色风衣WW7WR487 83酒红色 S',1490,'/upload/7/e/1/9/f/8/8/6/1ba528641b54ec6061853783841b0c9a.jpg','商品毛重：100.00g\n尺码：S，M\n图案：纯色\n里料材质：其它\n风格：韩版\n上市时间：2018冬',29,1),
('ff428280753f41059ba02bd52e6ba854','MOCO工装风后开衩翻领纯棉牛仔长袖连身裙MA173DRS401 摩安珂 牛仔蓝色 M',779,'/upload/b/9/4/5/f/f/8/5/582d4da7f688855d4c792ede4964866e.jpg','商品毛重：300.00g\n腰型：高腰\n版型：直筒型\n主要材质：棉\n领型：翻领\n图案：纯色\n袖长：长袖\n袖型：常规\n适用年龄：25-29周岁\n风格：欧美\n裙长：中裙\n分类：长袖连衣裙\n适用人群：轻熟女\n上市时间：2017秋',9,1),
('ff5b89a475bc4597aecf5643e55b065c','2018冬新款韩版直筒西装领呢子大衣中长款呢大衣ENCIMEI1022C3586 粉 S',328,'/upload/1/7/f/3/3/d/f/e/936de4954c43000c00b068012cfb9e7c.jpg','商品毛重：1.2kg\n货号：ENCIMEI1022C3586\n厚度：适中\n领型：西装领\n颜色：粉色系\n里料图案：纯色\n图案：纯色\n里料材质：涤纶\n尺码：S，M，L，XL\n版型：直筒型\n主要材质：其它\n袖长：长袖\n衣门襟：单排扣\n衣领材质：兔毛领\n袖型：常规\n衣长：中长款\n适用年龄：25-29周岁\n上市时间：2018冬',27,1),
('ff8ef18bd3f54271ad4d7ef358f0f8bc','新品卫衣2018新款女长袖韩版宽松连帽薄款运动超火夏秋季套头卫衣套装 黑色(史努比) S',298,'/upload/2/8/9/1/e/1/6/1/86326e0d5b247a888a380c949bb29db2.jpg','商品毛重：300.00g\n货号：574678347263\n组合规格：两件套\n版型：宽松型\n厚度：薄款\n领型：连帽\n袖型：常规\n衣长：常规款\n颜色：黑色系，灰色系，红色系，白色系，蓝色系，粉色系\n袖长：长袖\n衣门襟：拉链\n适用年龄：18-24周岁\n主要材质：棉\n图案：卡通动漫\n风格：韩版\n款式：套头\n上市时间：2018冬',19,1),
('ffc8f60ded2f41e392fc11c49b517b86','童装女童套装男童秋冬装加绒加厚保暖罗纹卫衣外套裤子打底衫休闲儿童运动服中大童小孩衣服校服 红色 160(建议身高146-155cm)',138,'/upload/9/2/2/0/3/f/0/3/0df9a37e79450694a96494d348ed2bc0.jpg','商品毛重：1.0kg\n货号：男女童罗纹卫衣三件套\n衣门襟：拉链\n适用年龄：1-3岁，6-12个月，3-6岁，6-9岁，9-12岁，12岁以上\n适用季节：冬季\n上市时间：2018秋季\n适用性别：通用\n安全等级：B',7,1),
('fff95e5bd6094ba8b7e475f987e7f489','连衣裙女韩版无袖V领荷叶边裙摆 秋冬新款 M73 藏青 L',699,'/upload/7/3/4/9/0/8/6/b/19525e7f673a3253976422dbe1241cd9.jpg','商品毛重：500.00g\n货号：M73OD1525\n风格：韩版\n领型：V领\n颜色：蓝色系\n适用年龄：25-29周岁\n图案：创意趣味\n尺码：S，M，L，XL\n组合规格：单件\n裙型：A字裙\n主要材质：棉\n流行元素：贴布，刺绣\n袖长：无袖\n袖型：常规\n裙长：中裙\n分类：背心裙\n适用人群：少女\n上市时间：2017秋',24,1);

/*Table structure for table `ls_product_brand` */

DROP TABLE IF EXISTS `ls_product_brand`;

CREATE TABLE `ls_product_brand` (
  `brand_id` bigint(20) NOT NULL AUTO_INCREMENT,
  `brand_name` varchar(100) COLLATE utf8_bin NOT NULL,
  `category_name` varchar(50) COLLATE utf8_bin DEFAULT NULL,
  PRIMARY KEY (`brand_id`)
) ENGINE=InnoDB AUTO_INCREMENT=61 DEFAULT CHARSET=utf8 COLLATE=utf8_bin;

/*Data for the table `ls_product_brand` */

insert  into `ls_product_brand`(`brand_id`,`brand_name`,`category_name`) values 
(1,'博柏利BURBERRY','奢侈女装'),
(2,'马克雅各布斯Marc Jacobs','奢侈女装'),
(3,'PORTS宝姿','奢侈女装'),
(4,'意大利PINKO','奢侈女装'),
(5,'JOAN&DAVID','奢侈女装'),
(6,'YSL圣罗兰','奢侈女装'),
(7,'Marisfrolg玛丝菲尔','成熟女装'),
(8,'KISTINA吉斯缇娜','成熟女装'),
(9,'NAERSI娜尔思','成熟女装'),
(10,'欧碧倩OBEG','成熟女装'),
(11,'AMASS阿玛施','成熟女装'),
(12,'丽莱LILLY','成熟女装'),
(13,'Ochirly欧时力','轻奢女装'),
(14,'MO&Co摩安珂','轻奢女装'),
(15,'DAZZLE地素','轻奢女装'),
(16,'ICICLE之禾','轻奢女装'),
(17,'COLOVE卡拉佛','轻奢女装'),
(18,'OZZO欧尼迩','轻奢女装'),
(19,'teenie weenie维尼熊','少淑女装'),
(20,'AIVEI艾薇','少淑女装'),
(21,'JESSY LINE杰西莱','少淑女装'),
(22,'7Modifier莫丽菲儿','少淑女装'),
(23,'tune tune','少淑女装'),
(24,'史努比SNOOPY','少淑女装'),
(25,'XG雪歌','淑女装'),
(26,'BAGPIPE风笛','淑女装'),
(27,'betu百图','淑女装'),
(28,'AZONA阿桑娜','淑女装'),
(29,'MIKIBANA米可芭娜','淑女装'),
(30,'EIFINIyifuli','淑女装'),
(31,'ROEM洛妍','日系女装'),
(32,'EnC','日系女装'),
(33,'SCAT','日系女装'),
(34,'W.DoubleuDOT达点','日系女装'),
(35,'Prich','日系女装'),
(36,'O\'2nd奥蔻','日系女装'),
(37,'JORYA卓雅','台湾女装'),
(38,'Pink Mary','台湾女装'),
(39,'Naturally JoJo','台湾女装'),
(40,'伊蕾名店','台湾女装'),
(41,'巧帛CHABER','台湾女装'),
(42,'BERNINI贝尔尼尼','台湾女装'),
(43,'PEACE BIRD太平鸟','时尚女装'),
(44,'杰西卡JESSICA','时尚女装'),
(45,'esons','时尚女装'),
(46,'umisky/优美世界','时尚女装'),
(47,'IHAPPY海贝','时尚女装'),
(48,'Sfenth诗凡诗','时尚女装'),
(49,'ONLY','休闲女装'),
(50,'VERO MODA','休闲女装'),
(51,'ETAM艾格','休闲女装'),
(52,'JECCI FIVE(杰西伍)','休闲女装'),
(53,'MOVEUP幻走','休闲女装'),
(54,'COS','休闲女装'),
(55,'IVYKKI','商务女装'),
(56,'LILY','商务女装'),
(57,'Theory','商务女装'),
(58,'EVA OUXIU伊华欧秀','商务女装'),
(59,'EVE.NY伊芙心悦','商务女装'),
(60,'LANDI蓝地','商务女装');

/*Table structure for table `ls_product_style` */

DROP TABLE IF EXISTS `ls_product_style`;

CREATE TABLE `ls_product_style` (
  `style_id` bigint(20) NOT NULL AUTO_INCREMENT,
  `style_size` varchar(100) COLLATE utf8_bin DEFAULT NULL,
  `style_num` int(11) DEFAULT NULL,
  `product_id` char(36) COLLATE utf8_bin DEFAULT NULL,
  PRIMARY KEY (`style_id`)
) ENGINE=InnoDB AUTO_INCREMENT=3181 DEFAULT CHARSET=utf8 COLLATE=utf8_bin;

/*Data for the table `ls_product_style` */

insert  into `ls_product_style`(`style_id`,`style_size`,`style_num`,`product_id`) values 
(1,'X',886,'00d22bcf08cc46cd99f892c0063b4c9b'),
(2,'S',400,'00d22bcf08cc46cd99f892c0063b4c9b'),
(3,'L',152,'00d22bcf08cc46cd99f892c0063b4c9b'),
(4,'XL',320,'00d22bcf08cc46cd99f892c0063b4c9b'),
(5,'XXL',757,'00d22bcf08cc46cd99f892c0063b4c9b'),
(6,'X',933,'01c59c9449cb41028f9eba6e3efdfae1'),
(7,'S',674,'01c59c9449cb41028f9eba6e3efdfae1'),
(8,'L',650,'01c59c9449cb41028f9eba6e3efdfae1'),
(9,'XL',658,'01c59c9449cb41028f9eba6e3efdfae1'),
(10,'XXL',259,'01c59c9449cb41028f9eba6e3efdfae1'),
(11,'X',265,'029feabd856545fba13f666e1d2e445e'),
(12,'S',355,'029feabd856545fba13f666e1d2e445e'),
(13,'L',488,'029feabd856545fba13f666e1d2e445e'),
(14,'XL',667,'029feabd856545fba13f666e1d2e445e'),
(15,'XXL',908,'029feabd856545fba13f666e1d2e445e'),
(16,'X',737,'02a3cba36d1945df8a72ab01b321c919'),
(17,'S',996,'02a3cba36d1945df8a72ab01b321c919'),
(18,'L',228,'02a3cba36d1945df8a72ab01b321c919'),
(19,'XL',478,'02a3cba36d1945df8a72ab01b321c919'),
(20,'XXL',142,'02a3cba36d1945df8a72ab01b321c919'),
(21,'X',709,'02caebe6fb74498285d55f3e97ce5c9f'),
(22,'S',713,'02caebe6fb74498285d55f3e97ce5c9f'),
(23,'L',200,'02caebe6fb74498285d55f3e97ce5c9f'),
(24,'XL',407,'02caebe6fb74498285d55f3e97ce5c9f'),
(25,'XXL',884,'02caebe6fb74498285d55f3e97ce5c9f'),
(26,'X',762,'033256e1cff644debdd41eecdaaa7384'),
(27,'S',386,'033256e1cff644debdd41eecdaaa7384'),
(28,'L',181,'033256e1cff644debdd41eecdaaa7384'),
(29,'XL',933,'033256e1cff644debdd41eecdaaa7384'),
(30,'XXL',218,'033256e1cff644debdd41eecdaaa7384'),
(31,'X',943,'03a78da141344f7dad4ef73b53d5d5ae'),
(32,'S',125,'03a78da141344f7dad4ef73b53d5d5ae'),
(33,'L',899,'03a78da141344f7dad4ef73b53d5d5ae'),
(34,'XL',674,'03a78da141344f7dad4ef73b53d5d5ae'),
(35,'XXL',662,'03a78da141344f7dad4ef73b53d5d5ae'),
(36,'X',263,'03d1b8bc80c34bb0946961d061e8b49c'),
(37,'S',344,'03d1b8bc80c34bb0946961d061e8b49c'),
(38,'L',747,'03d1b8bc80c34bb0946961d061e8b49c'),
(39,'XL',746,'03d1b8bc80c34bb0946961d061e8b49c'),
(40,'XXL',930,'03d1b8bc80c34bb0946961d061e8b49c'),
(41,'X',443,'045818baed0c4d008495980ce04ab064'),
(42,'S',267,'045818baed0c4d008495980ce04ab064'),
(43,'L',124,'045818baed0c4d008495980ce04ab064'),
(44,'XL',366,'045818baed0c4d008495980ce04ab064'),
(45,'XXL',521,'045818baed0c4d008495980ce04ab064'),
(46,'X',623,'04af6d180ee54e6e86178f9fc677c466'),
(47,'S',652,'04af6d180ee54e6e86178f9fc677c466'),
(48,'L',133,'04af6d180ee54e6e86178f9fc677c466'),
(49,'XL',674,'04af6d180ee54e6e86178f9fc677c466'),
(50,'XXL',599,'04af6d180ee54e6e86178f9fc677c466'),
(51,'X',549,'05b9d786484f4843a8ee10f7d5efbbb7'),
(52,'S',103,'05b9d786484f4843a8ee10f7d5efbbb7'),
(53,'L',986,'05b9d786484f4843a8ee10f7d5efbbb7'),
(54,'XL',590,'05b9d786484f4843a8ee10f7d5efbbb7'),
(55,'XXL',542,'05b9d786484f4843a8ee10f7d5efbbb7'),
(56,'X',953,'0680b487274f4a1ba2d482f14f121b5b'),
(57,'S',187,'0680b487274f4a1ba2d482f14f121b5b'),
(58,'L',824,'0680b487274f4a1ba2d482f14f121b5b'),
(59,'XL',678,'0680b487274f4a1ba2d482f14f121b5b'),
(60,'XXL',371,'0680b487274f4a1ba2d482f14f121b5b'),
(61,'X',961,'06bad63d11104ded8da3198fa0f16039'),
(62,'S',427,'06bad63d11104ded8da3198fa0f16039'),
(63,'L',586,'06bad63d11104ded8da3198fa0f16039'),
(64,'XL',721,'06bad63d11104ded8da3198fa0f16039'),
(65,'XXL',851,'06bad63d11104ded8da3198fa0f16039'),
(66,'X',790,'06f90a9485824571b28f002b37fbff9e'),
(67,'S',886,'06f90a9485824571b28f002b37fbff9e'),
(68,'L',583,'06f90a9485824571b28f002b37fbff9e'),
(69,'XL',207,'06f90a9485824571b28f002b37fbff9e'),
(70,'XXL',967,'06f90a9485824571b28f002b37fbff9e'),
(71,'X',813,'06fbca220644435ab89978a0d8614b06'),
(72,'S',376,'06fbca220644435ab89978a0d8614b06'),
(73,'L',985,'06fbca220644435ab89978a0d8614b06'),
(74,'XL',982,'06fbca220644435ab89978a0d8614b06'),
(75,'XXL',986,'06fbca220644435ab89978a0d8614b06'),
(76,'X',174,'07703ef8498846caab70b8cc6f2aec02'),
(77,'S',525,'07703ef8498846caab70b8cc6f2aec02'),
(78,'L',262,'07703ef8498846caab70b8cc6f2aec02'),
(79,'XL',640,'07703ef8498846caab70b8cc6f2aec02'),
(80,'XXL',369,'07703ef8498846caab70b8cc6f2aec02'),
(81,'X',830,'08835856c8c54586b85dd39039ebc690'),
(82,'S',261,'08835856c8c54586b85dd39039ebc690'),
(83,'L',308,'08835856c8c54586b85dd39039ebc690'),
(84,'XL',460,'08835856c8c54586b85dd39039ebc690'),
(85,'XXL',133,'08835856c8c54586b85dd39039ebc690'),
(86,'X',152,'08d555f783304b039a170f6b82a2905e'),
(87,'S',192,'08d555f783304b039a170f6b82a2905e'),
(88,'L',783,'08d555f783304b039a170f6b82a2905e'),
(89,'XL',712,'08d555f783304b039a170f6b82a2905e'),
(90,'XXL',996,'08d555f783304b039a170f6b82a2905e'),
(91,'X',239,'0a41939781e24e768e0cc061b0363ea4'),
(92,'S',201,'0a41939781e24e768e0cc061b0363ea4'),
(93,'L',583,'0a41939781e24e768e0cc061b0363ea4'),
(94,'XL',377,'0a41939781e24e768e0cc061b0363ea4'),
(95,'XXL',664,'0a41939781e24e768e0cc061b0363ea4'),
(96,'X',219,'0a4c2aa4c7f84ab19708584de6236b05'),
(97,'S',553,'0a4c2aa4c7f84ab19708584de6236b05'),
(98,'L',524,'0a4c2aa4c7f84ab19708584de6236b05'),
(99,'XL',951,'0a4c2aa4c7f84ab19708584de6236b05'),
(100,'XXL',817,'0a4c2aa4c7f84ab19708584de6236b05'),
(101,'X',599,'0acbbe0e8f9841e9bee15359e84c4d33'),
(102,'S',506,'0acbbe0e8f9841e9bee15359e84c4d33'),
(103,'L',362,'0acbbe0e8f9841e9bee15359e84c4d33'),
(104,'XL',552,'0acbbe0e8f9841e9bee15359e84c4d33'),
(105,'XXL',840,'0acbbe0e8f9841e9bee15359e84c4d33'),
(106,'X',159,'0b0d01dbea9d4690ac202e12e0493a9c'),
(107,'S',311,'0b0d01dbea9d4690ac202e12e0493a9c'),
(108,'L',748,'0b0d01dbea9d4690ac202e12e0493a9c'),
(109,'XL',141,'0b0d01dbea9d4690ac202e12e0493a9c'),
(110,'XXL',407,'0b0d01dbea9d4690ac202e12e0493a9c'),
(111,'X',416,'0c5e46897cd24ed7b037f51e41a4549e'),
(112,'S',287,'0c5e46897cd24ed7b037f51e41a4549e'),
(113,'L',619,'0c5e46897cd24ed7b037f51e41a4549e'),
(114,'XL',413,'0c5e46897cd24ed7b037f51e41a4549e'),
(115,'XXL',266,'0c5e46897cd24ed7b037f51e41a4549e'),
(116,'X',389,'0cd997bde96843f6b5227718530109cd'),
(117,'S',354,'0cd997bde96843f6b5227718530109cd'),
(118,'L',632,'0cd997bde96843f6b5227718530109cd'),
(119,'XL',573,'0cd997bde96843f6b5227718530109cd'),
(120,'XXL',657,'0cd997bde96843f6b5227718530109cd'),
(121,'X',644,'0d362bb5cece483dbcd23fb608c3f3c4'),
(122,'S',792,'0d362bb5cece483dbcd23fb608c3f3c4'),
(123,'L',330,'0d362bb5cece483dbcd23fb608c3f3c4'),
(124,'XL',288,'0d362bb5cece483dbcd23fb608c3f3c4'),
(125,'XXL',750,'0d362bb5cece483dbcd23fb608c3f3c4'),
(126,'X',595,'0d372086d7b24becadcda277403844dd'),
(127,'S',155,'0d372086d7b24becadcda277403844dd'),
(128,'L',763,'0d372086d7b24becadcda277403844dd'),
(129,'XL',683,'0d372086d7b24becadcda277403844dd'),
(130,'XXL',604,'0d372086d7b24becadcda277403844dd'),
(131,'X',309,'0d5418093d7f43fa9111869c544ed4c3'),
(132,'S',434,'0d5418093d7f43fa9111869c544ed4c3'),
(133,'L',922,'0d5418093d7f43fa9111869c544ed4c3'),
(134,'XL',740,'0d5418093d7f43fa9111869c544ed4c3'),
(135,'XXL',254,'0d5418093d7f43fa9111869c544ed4c3'),
(136,'X',842,'0e7143ce5d8548bd8ac45b6937347399'),
(137,'S',797,'0e7143ce5d8548bd8ac45b6937347399'),
(138,'L',555,'0e7143ce5d8548bd8ac45b6937347399'),
(139,'XL',894,'0e7143ce5d8548bd8ac45b6937347399'),
(140,'XXL',362,'0e7143ce5d8548bd8ac45b6937347399'),
(141,'X',518,'0eb24a32c4a94577aa87a588b984aad1'),
(142,'S',449,'0eb24a32c4a94577aa87a588b984aad1'),
(143,'L',563,'0eb24a32c4a94577aa87a588b984aad1'),
(144,'XL',359,'0eb24a32c4a94577aa87a588b984aad1'),
(145,'XXL',435,'0eb24a32c4a94577aa87a588b984aad1'),
(146,'X',706,'0ec8b0c364ab415f95ff6822a9538da5'),
(147,'S',239,'0ec8b0c364ab415f95ff6822a9538da5'),
(148,'L',860,'0ec8b0c364ab415f95ff6822a9538da5'),
(149,'XL',644,'0ec8b0c364ab415f95ff6822a9538da5'),
(150,'XXL',474,'0ec8b0c364ab415f95ff6822a9538da5'),
(151,'X',367,'0ed975329a674e4b9baefb20868aa022'),
(152,'S',131,'0ed975329a674e4b9baefb20868aa022'),
(153,'L',301,'0ed975329a674e4b9baefb20868aa022'),
(154,'XL',603,'0ed975329a674e4b9baefb20868aa022'),
(155,'XXL',451,'0ed975329a674e4b9baefb20868aa022'),
(156,'X',731,'0f52bdeb03a945e38691207d57d7188d'),
(157,'S',957,'0f52bdeb03a945e38691207d57d7188d'),
(158,'L',407,'0f52bdeb03a945e38691207d57d7188d'),
(159,'XL',942,'0f52bdeb03a945e38691207d57d7188d'),
(160,'XXL',650,'0f52bdeb03a945e38691207d57d7188d'),
(161,'X',195,'0ffaedd8f34e44ac957ebdfbbe09a644'),
(162,'S',627,'0ffaedd8f34e44ac957ebdfbbe09a644'),
(163,'L',293,'0ffaedd8f34e44ac957ebdfbbe09a644'),
(164,'XL',281,'0ffaedd8f34e44ac957ebdfbbe09a644'),
(165,'XXL',789,'0ffaedd8f34e44ac957ebdfbbe09a644'),
(166,'X',646,'103050e397b24227911e21991df7cd63'),
(167,'S',554,'103050e397b24227911e21991df7cd63'),
(168,'L',101,'103050e397b24227911e21991df7cd63'),
(169,'XL',203,'103050e397b24227911e21991df7cd63'),
(170,'XXL',730,'103050e397b24227911e21991df7cd63'),
(171,'X',609,'106ac8267dfe4d28b83ccf787273ebbf'),
(172,'S',549,'106ac8267dfe4d28b83ccf787273ebbf'),
(173,'L',455,'106ac8267dfe4d28b83ccf787273ebbf'),
(174,'XL',922,'106ac8267dfe4d28b83ccf787273ebbf'),
(175,'XXL',917,'106ac8267dfe4d28b83ccf787273ebbf'),
(176,'X',349,'106c12af0634430680c6b99715c679dd'),
(177,'S',460,'106c12af0634430680c6b99715c679dd'),
(178,'L',263,'106c12af0634430680c6b99715c679dd'),
(179,'XL',249,'106c12af0634430680c6b99715c679dd'),
(180,'XXL',796,'106c12af0634430680c6b99715c679dd'),
(181,'X',472,'10d9af053b34420aa7d02478ec39b0fd'),
(182,'S',123,'10d9af053b34420aa7d02478ec39b0fd'),
(183,'L',958,'10d9af053b34420aa7d02478ec39b0fd'),
(184,'XL',782,'10d9af053b34420aa7d02478ec39b0fd'),
(185,'XXL',562,'10d9af053b34420aa7d02478ec39b0fd'),
(186,'X',996,'1102a4832377415f96cd54832134eba0'),
(187,'S',851,'1102a4832377415f96cd54832134eba0'),
(188,'L',917,'1102a4832377415f96cd54832134eba0'),
(189,'XL',997,'1102a4832377415f96cd54832134eba0'),
(190,'XXL',157,'1102a4832377415f96cd54832134eba0'),
(191,'X',234,'11df3d5dbf184318a498f2f17342b97f'),
(192,'S',946,'11df3d5dbf184318a498f2f17342b97f'),
(193,'L',493,'11df3d5dbf184318a498f2f17342b97f'),
(194,'XL',430,'11df3d5dbf184318a498f2f17342b97f'),
(195,'XXL',173,'11df3d5dbf184318a498f2f17342b97f'),
(196,'X',669,'1241dba064f64da69bf5f8bf9aae81cb'),
(197,'S',326,'1241dba064f64da69bf5f8bf9aae81cb'),
(198,'L',587,'1241dba064f64da69bf5f8bf9aae81cb'),
(199,'XL',697,'1241dba064f64da69bf5f8bf9aae81cb'),
(200,'XXL',895,'1241dba064f64da69bf5f8bf9aae81cb'),
(201,'X',214,'12b9a06f780541e68ee0a9cdc20d430f'),
(202,'S',631,'12b9a06f780541e68ee0a9cdc20d430f'),
(203,'L',483,'12b9a06f780541e68ee0a9cdc20d430f'),
(204,'XL',237,'12b9a06f780541e68ee0a9cdc20d430f'),
(205,'XXL',165,'12b9a06f780541e68ee0a9cdc20d430f'),
(206,'X',178,'12c84080202c4a4aba09d7171dab71a8'),
(207,'S',837,'12c84080202c4a4aba09d7171dab71a8'),
(208,'L',307,'12c84080202c4a4aba09d7171dab71a8'),
(209,'XL',978,'12c84080202c4a4aba09d7171dab71a8'),
(210,'XXL',657,'12c84080202c4a4aba09d7171dab71a8'),
(211,'X',949,'130802554df348b5bfe20898c27feb65'),
(212,'S',698,'130802554df348b5bfe20898c27feb65'),
(213,'L',968,'130802554df348b5bfe20898c27feb65'),
(214,'XL',758,'130802554df348b5bfe20898c27feb65'),
(215,'XXL',877,'130802554df348b5bfe20898c27feb65'),
(216,'X',994,'13380f1e204c467783be66b6cc784a14'),
(217,'S',325,'13380f1e204c467783be66b6cc784a14'),
(218,'L',506,'13380f1e204c467783be66b6cc784a14'),
(219,'XL',675,'13380f1e204c467783be66b6cc784a14'),
(220,'XXL',686,'13380f1e204c467783be66b6cc784a14'),
(221,'X',200,'134e38afaba14409965efa1e7a1a607a'),
(222,'S',452,'134e38afaba14409965efa1e7a1a607a'),
(223,'L',189,'134e38afaba14409965efa1e7a1a607a'),
(224,'XL',264,'134e38afaba14409965efa1e7a1a607a'),
(225,'XXL',227,'134e38afaba14409965efa1e7a1a607a'),
(226,'X',675,'142ecc71b782440e8cad108ebe9aac68'),
(227,'S',184,'142ecc71b782440e8cad108ebe9aac68'),
(228,'L',795,'142ecc71b782440e8cad108ebe9aac68'),
(229,'XL',828,'142ecc71b782440e8cad108ebe9aac68'),
(230,'XXL',962,'142ecc71b782440e8cad108ebe9aac68'),
(231,'X',562,'14f21b163b3848b9ab0b4bb51eb46a05'),
(232,'S',889,'14f21b163b3848b9ab0b4bb51eb46a05'),
(233,'L',408,'14f21b163b3848b9ab0b4bb51eb46a05'),
(234,'XL',784,'14f21b163b3848b9ab0b4bb51eb46a05'),
(235,'XXL',227,'14f21b163b3848b9ab0b4bb51eb46a05'),
(236,'X',484,'1573ec36112f4d9cbf26635d9c1a2deb'),
(237,'S',563,'1573ec36112f4d9cbf26635d9c1a2deb'),
(238,'L',551,'1573ec36112f4d9cbf26635d9c1a2deb'),
(239,'XL',897,'1573ec36112f4d9cbf26635d9c1a2deb'),
(240,'XXL',126,'1573ec36112f4d9cbf26635d9c1a2deb'),
(241,'X',515,'1633f2f62b0d4c27a2777f858b137ff7'),
(242,'S',100,'1633f2f62b0d4c27a2777f858b137ff7'),
(243,'L',512,'1633f2f62b0d4c27a2777f858b137ff7'),
(244,'XL',221,'1633f2f62b0d4c27a2777f858b137ff7'),
(245,'XXL',918,'1633f2f62b0d4c27a2777f858b137ff7'),
(246,'X',506,'17433bcb3a204a5088ab2500d5d2258d'),
(247,'S',953,'17433bcb3a204a5088ab2500d5d2258d'),
(248,'L',460,'17433bcb3a204a5088ab2500d5d2258d'),
(249,'XL',920,'17433bcb3a204a5088ab2500d5d2258d'),
(250,'XXL',946,'17433bcb3a204a5088ab2500d5d2258d'),
(251,'X',750,'17c7c723a71842cdbf2aa1f89d84927e'),
(252,'S',114,'17c7c723a71842cdbf2aa1f89d84927e'),
(253,'L',968,'17c7c723a71842cdbf2aa1f89d84927e'),
(254,'XL',578,'17c7c723a71842cdbf2aa1f89d84927e'),
(255,'XXL',808,'17c7c723a71842cdbf2aa1f89d84927e'),
(256,'X',459,'1803f973b6af49c3bfa289c8ee2dacc7'),
(257,'S',137,'1803f973b6af49c3bfa289c8ee2dacc7'),
(258,'L',912,'1803f973b6af49c3bfa289c8ee2dacc7'),
(259,'XL',526,'1803f973b6af49c3bfa289c8ee2dacc7'),
(260,'XXL',752,'1803f973b6af49c3bfa289c8ee2dacc7'),
(261,'X',678,'1819d477ff5e4b1c9f1bcedf0ecd06d2'),
(262,'S',629,'1819d477ff5e4b1c9f1bcedf0ecd06d2'),
(263,'L',628,'1819d477ff5e4b1c9f1bcedf0ecd06d2'),
(264,'XL',955,'1819d477ff5e4b1c9f1bcedf0ecd06d2'),
(265,'XXL',225,'1819d477ff5e4b1c9f1bcedf0ecd06d2'),
(266,'X',553,'1823ed99565e4477965395fbffea7548'),
(267,'S',475,'1823ed99565e4477965395fbffea7548'),
(268,'L',496,'1823ed99565e4477965395fbffea7548'),
(269,'XL',616,'1823ed99565e4477965395fbffea7548'),
(270,'XXL',556,'1823ed99565e4477965395fbffea7548'),
(271,'X',809,'187cfcdc30f547d5a37a7e3f34c1554a'),
(272,'S',214,'187cfcdc30f547d5a37a7e3f34c1554a'),
(273,'L',721,'187cfcdc30f547d5a37a7e3f34c1554a'),
(274,'XL',741,'187cfcdc30f547d5a37a7e3f34c1554a'),
(275,'XXL',769,'187cfcdc30f547d5a37a7e3f34c1554a'),
(276,'X',790,'18d0292ba20d47b9b0b3916d038fe71c'),
(277,'S',999,'18d0292ba20d47b9b0b3916d038fe71c'),
(278,'L',713,'18d0292ba20d47b9b0b3916d038fe71c'),
(279,'XL',220,'18d0292ba20d47b9b0b3916d038fe71c'),
(280,'XXL',419,'18d0292ba20d47b9b0b3916d038fe71c'),
(281,'X',709,'1958cf65bd1144e994036ac693b2f2ad'),
(282,'S',233,'1958cf65bd1144e994036ac693b2f2ad'),
(283,'L',542,'1958cf65bd1144e994036ac693b2f2ad'),
(284,'XL',710,'1958cf65bd1144e994036ac693b2f2ad'),
(285,'XXL',729,'1958cf65bd1144e994036ac693b2f2ad'),
(286,'X',758,'19e9f5c5fc5b42718baa1846ac75b71f'),
(287,'S',671,'19e9f5c5fc5b42718baa1846ac75b71f'),
(288,'L',513,'19e9f5c5fc5b42718baa1846ac75b71f'),
(289,'XL',526,'19e9f5c5fc5b42718baa1846ac75b71f'),
(290,'XXL',409,'19e9f5c5fc5b42718baa1846ac75b71f'),
(291,'X',320,'1a316578e744410e815c79c6929474f6'),
(292,'S',467,'1a316578e744410e815c79c6929474f6'),
(293,'L',928,'1a316578e744410e815c79c6929474f6'),
(294,'XL',872,'1a316578e744410e815c79c6929474f6'),
(295,'XXL',306,'1a316578e744410e815c79c6929474f6'),
(296,'X',262,'1aa604b39c914928bf5cc3eafb8130a3'),
(297,'S',761,'1aa604b39c914928bf5cc3eafb8130a3'),
(298,'L',140,'1aa604b39c914928bf5cc3eafb8130a3'),
(299,'XL',121,'1aa604b39c914928bf5cc3eafb8130a3'),
(300,'XXL',734,'1aa604b39c914928bf5cc3eafb8130a3'),
(301,'X',575,'1ab9bccb23f7484cbbd709da5aec238d'),
(302,'S',344,'1ab9bccb23f7484cbbd709da5aec238d'),
(303,'L',889,'1ab9bccb23f7484cbbd709da5aec238d'),
(304,'XL',967,'1ab9bccb23f7484cbbd709da5aec238d'),
(305,'XXL',871,'1ab9bccb23f7484cbbd709da5aec238d'),
(306,'X',835,'1b31406ff8424412b7ced8f42f1f3e5c'),
(307,'S',833,'1b31406ff8424412b7ced8f42f1f3e5c'),
(308,'L',999,'1b31406ff8424412b7ced8f42f1f3e5c'),
(309,'XL',736,'1b31406ff8424412b7ced8f42f1f3e5c'),
(310,'XXL',510,'1b31406ff8424412b7ced8f42f1f3e5c'),
(311,'X',877,'1b747b381195420c9f0f4db618fb24e4'),
(312,'S',862,'1b747b381195420c9f0f4db618fb24e4'),
(313,'L',875,'1b747b381195420c9f0f4db618fb24e4'),
(314,'XL',322,'1b747b381195420c9f0f4db618fb24e4'),
(315,'XXL',907,'1b747b381195420c9f0f4db618fb24e4'),
(316,'X',859,'1bb4bc8f91484dcf91d1d49ee37b13d0'),
(317,'S',312,'1bb4bc8f91484dcf91d1d49ee37b13d0'),
(318,'L',160,'1bb4bc8f91484dcf91d1d49ee37b13d0'),
(319,'XL',856,'1bb4bc8f91484dcf91d1d49ee37b13d0'),
(320,'XXL',880,'1bb4bc8f91484dcf91d1d49ee37b13d0'),
(321,'X',490,'1c3205ba1b624287b1e576add7edbd00'),
(322,'S',448,'1c3205ba1b624287b1e576add7edbd00'),
(323,'L',446,'1c3205ba1b624287b1e576add7edbd00'),
(324,'XL',437,'1c3205ba1b624287b1e576add7edbd00'),
(325,'XXL',322,'1c3205ba1b624287b1e576add7edbd00'),
(326,'X',613,'1c64fc5cf7c44507937ee1c19cdfd965'),
(327,'S',360,'1c64fc5cf7c44507937ee1c19cdfd965'),
(328,'L',462,'1c64fc5cf7c44507937ee1c19cdfd965'),
(329,'XL',925,'1c64fc5cf7c44507937ee1c19cdfd965'),
(330,'XXL',280,'1c64fc5cf7c44507937ee1c19cdfd965'),
(331,'X',139,'1c87fac9855c479e971f914fe0a77e67'),
(332,'S',662,'1c87fac9855c479e971f914fe0a77e67'),
(333,'L',853,'1c87fac9855c479e971f914fe0a77e67'),
(334,'XL',548,'1c87fac9855c479e971f914fe0a77e67'),
(335,'XXL',357,'1c87fac9855c479e971f914fe0a77e67'),
(336,'X',616,'1c9516b326df4b5398ad935486f9adcf'),
(337,'S',607,'1c9516b326df4b5398ad935486f9adcf'),
(338,'L',230,'1c9516b326df4b5398ad935486f9adcf'),
(339,'XL',719,'1c9516b326df4b5398ad935486f9adcf'),
(340,'XXL',279,'1c9516b326df4b5398ad935486f9adcf'),
(341,'X',519,'1cd7a122f02241368ebaab6232568c25'),
(342,'S',863,'1cd7a122f02241368ebaab6232568c25'),
(343,'L',311,'1cd7a122f02241368ebaab6232568c25'),
(344,'XL',840,'1cd7a122f02241368ebaab6232568c25'),
(345,'XXL',928,'1cd7a122f02241368ebaab6232568c25'),
(346,'X',668,'1d1c2fedf58a4588bddb8eb315b479d5'),
(347,'S',545,'1d1c2fedf58a4588bddb8eb315b479d5'),
(348,'L',129,'1d1c2fedf58a4588bddb8eb315b479d5'),
(349,'XL',142,'1d1c2fedf58a4588bddb8eb315b479d5'),
(350,'XXL',633,'1d1c2fedf58a4588bddb8eb315b479d5'),
(351,'X',169,'1db4e42f5cea4b7593036827c31a4f06'),
(352,'S',883,'1db4e42f5cea4b7593036827c31a4f06'),
(353,'L',237,'1db4e42f5cea4b7593036827c31a4f06'),
(354,'XL',796,'1db4e42f5cea4b7593036827c31a4f06'),
(355,'XXL',557,'1db4e42f5cea4b7593036827c31a4f06'),
(356,'X',833,'1dd7999e9bf7436dbe0dd4672524e84e'),
(357,'S',449,'1dd7999e9bf7436dbe0dd4672524e84e'),
(358,'L',757,'1dd7999e9bf7436dbe0dd4672524e84e'),
(359,'XL',592,'1dd7999e9bf7436dbe0dd4672524e84e'),
(360,'XXL',600,'1dd7999e9bf7436dbe0dd4672524e84e'),
(361,'X',760,'1eb10d37cd6d4dafac97640321eecb3a'),
(362,'S',353,'1eb10d37cd6d4dafac97640321eecb3a'),
(363,'L',840,'1eb10d37cd6d4dafac97640321eecb3a'),
(364,'XL',532,'1eb10d37cd6d4dafac97640321eecb3a'),
(365,'XXL',701,'1eb10d37cd6d4dafac97640321eecb3a'),
(366,'X',474,'1f4b811bb54940049782505ea332da02'),
(367,'S',206,'1f4b811bb54940049782505ea332da02'),
(368,'L',164,'1f4b811bb54940049782505ea332da02'),
(369,'XL',752,'1f4b811bb54940049782505ea332da02'),
(370,'XXL',577,'1f4b811bb54940049782505ea332da02'),
(371,'X',554,'1f837ebc28a3457f85a88a3f621d8b9d'),
(372,'S',502,'1f837ebc28a3457f85a88a3f621d8b9d'),
(373,'L',104,'1f837ebc28a3457f85a88a3f621d8b9d'),
(374,'XL',133,'1f837ebc28a3457f85a88a3f621d8b9d'),
(375,'XXL',217,'1f837ebc28a3457f85a88a3f621d8b9d'),
(376,'X',681,'20662dfa57ed475fa2b0e44c5bc80a58'),
(377,'S',964,'20662dfa57ed475fa2b0e44c5bc80a58'),
(378,'L',686,'20662dfa57ed475fa2b0e44c5bc80a58'),
(379,'XL',312,'20662dfa57ed475fa2b0e44c5bc80a58'),
(380,'XXL',816,'20662dfa57ed475fa2b0e44c5bc80a58'),
(381,'X',886,'208c1d8e9f834df9bf07a79eea64b5b5'),
(382,'S',249,'208c1d8e9f834df9bf07a79eea64b5b5'),
(383,'L',849,'208c1d8e9f834df9bf07a79eea64b5b5'),
(384,'XL',886,'208c1d8e9f834df9bf07a79eea64b5b5'),
(385,'XXL',986,'208c1d8e9f834df9bf07a79eea64b5b5'),
(386,'X',905,'208eaeb7fce543f583ae263a6bce4b77'),
(387,'S',693,'208eaeb7fce543f583ae263a6bce4b77'),
(388,'L',220,'208eaeb7fce543f583ae263a6bce4b77'),
(389,'XL',339,'208eaeb7fce543f583ae263a6bce4b77'),
(390,'XXL',373,'208eaeb7fce543f583ae263a6bce4b77'),
(391,'X',485,'209d165a512e44a5b67026e839206c58'),
(392,'S',890,'209d165a512e44a5b67026e839206c58'),
(393,'L',735,'209d165a512e44a5b67026e839206c58'),
(394,'XL',110,'209d165a512e44a5b67026e839206c58'),
(395,'XXL',149,'209d165a512e44a5b67026e839206c58'),
(396,'X',150,'2134bda449b24fdb9ef8c65098bf4a2f'),
(397,'S',447,'2134bda449b24fdb9ef8c65098bf4a2f'),
(398,'L',300,'2134bda449b24fdb9ef8c65098bf4a2f'),
(399,'XL',982,'2134bda449b24fdb9ef8c65098bf4a2f'),
(400,'XXL',446,'2134bda449b24fdb9ef8c65098bf4a2f'),
(401,'X',556,'22026506a74445c3a4532f899b28483f'),
(402,'S',302,'22026506a74445c3a4532f899b28483f'),
(403,'L',675,'22026506a74445c3a4532f899b28483f'),
(404,'XL',801,'22026506a74445c3a4532f899b28483f'),
(405,'XXL',644,'22026506a74445c3a4532f899b28483f'),
(406,'X',798,'227f874bddc143f8985e8e1e0d828bd8'),
(407,'S',987,'227f874bddc143f8985e8e1e0d828bd8'),
(408,'L',713,'227f874bddc143f8985e8e1e0d828bd8'),
(409,'XL',970,'227f874bddc143f8985e8e1e0d828bd8'),
(410,'XXL',124,'227f874bddc143f8985e8e1e0d828bd8'),
(411,'X',265,'23bb80b4070447c0a178a3626bb0e69d'),
(412,'S',941,'23bb80b4070447c0a178a3626bb0e69d'),
(413,'L',643,'23bb80b4070447c0a178a3626bb0e69d'),
(414,'XL',246,'23bb80b4070447c0a178a3626bb0e69d'),
(415,'XXL',676,'23bb80b4070447c0a178a3626bb0e69d'),
(416,'X',576,'23d313fe09a0439b8cbcf50939b400b4'),
(417,'S',414,'23d313fe09a0439b8cbcf50939b400b4'),
(418,'L',431,'23d313fe09a0439b8cbcf50939b400b4'),
(419,'XL',304,'23d313fe09a0439b8cbcf50939b400b4'),
(420,'XXL',644,'23d313fe09a0439b8cbcf50939b400b4'),
(421,'X',564,'2424c62b62b24990a0aed5f9677e3f1c'),
(422,'S',719,'2424c62b62b24990a0aed5f9677e3f1c'),
(423,'L',179,'2424c62b62b24990a0aed5f9677e3f1c'),
(424,'XL',907,'2424c62b62b24990a0aed5f9677e3f1c'),
(425,'XXL',606,'2424c62b62b24990a0aed5f9677e3f1c'),
(426,'X',105,'243fb030c25d414092d773a127206941'),
(427,'S',833,'243fb030c25d414092d773a127206941'),
(428,'L',981,'243fb030c25d414092d773a127206941'),
(429,'XL',316,'243fb030c25d414092d773a127206941'),
(430,'XXL',664,'243fb030c25d414092d773a127206941'),
(431,'X',303,'24ca225adf9340558863d63afb914d4b'),
(432,'S',901,'24ca225adf9340558863d63afb914d4b'),
(433,'L',332,'24ca225adf9340558863d63afb914d4b'),
(434,'XL',516,'24ca225adf9340558863d63afb914d4b'),
(435,'XXL',645,'24ca225adf9340558863d63afb914d4b'),
(436,'X',913,'2552e0663f7b4cd8a47543ceb7103285'),
(437,'S',802,'2552e0663f7b4cd8a47543ceb7103285'),
(438,'L',501,'2552e0663f7b4cd8a47543ceb7103285'),
(439,'XL',566,'2552e0663f7b4cd8a47543ceb7103285'),
(440,'XXL',673,'2552e0663f7b4cd8a47543ceb7103285'),
(441,'X',820,'255398f75ea047768c82af3e3ce96e3b'),
(442,'S',576,'255398f75ea047768c82af3e3ce96e3b'),
(443,'L',609,'255398f75ea047768c82af3e3ce96e3b'),
(444,'XL',462,'255398f75ea047768c82af3e3ce96e3b'),
(445,'XXL',853,'255398f75ea047768c82af3e3ce96e3b'),
(446,'X',494,'25a813405c09467fb425f4ad7c2ad4ac'),
(447,'S',112,'25a813405c09467fb425f4ad7c2ad4ac'),
(448,'L',967,'25a813405c09467fb425f4ad7c2ad4ac'),
(449,'XL',632,'25a813405c09467fb425f4ad7c2ad4ac'),
(450,'XXL',339,'25a813405c09467fb425f4ad7c2ad4ac'),
(451,'X',945,'264c03bb3c8b43db8cb7f351622d9cf4'),
(452,'S',970,'264c03bb3c8b43db8cb7f351622d9cf4'),
(453,'L',632,'264c03bb3c8b43db8cb7f351622d9cf4'),
(454,'XL',399,'264c03bb3c8b43db8cb7f351622d9cf4'),
(455,'XXL',672,'264c03bb3c8b43db8cb7f351622d9cf4'),
(456,'X',178,'281e1cb36838413390dbee12f38a0c94'),
(457,'S',676,'281e1cb36838413390dbee12f38a0c94'),
(458,'L',150,'281e1cb36838413390dbee12f38a0c94'),
(459,'XL',370,'281e1cb36838413390dbee12f38a0c94'),
(460,'XXL',194,'281e1cb36838413390dbee12f38a0c94'),
(461,'X',606,'2829f68d740d4f96befe38d98c2286d8'),
(462,'S',857,'2829f68d740d4f96befe38d98c2286d8'),
(463,'L',197,'2829f68d740d4f96befe38d98c2286d8'),
(464,'XL',201,'2829f68d740d4f96befe38d98c2286d8'),
(465,'XXL',374,'2829f68d740d4f96befe38d98c2286d8'),
(466,'X',845,'286cf466624b454c8fc20f950a4daccd'),
(467,'S',928,'286cf466624b454c8fc20f950a4daccd'),
(468,'L',698,'286cf466624b454c8fc20f950a4daccd'),
(469,'XL',437,'286cf466624b454c8fc20f950a4daccd'),
(470,'XXL',294,'286cf466624b454c8fc20f950a4daccd'),
(471,'X',278,'28cdee9e25694fcfb38d7adb718e1df4'),
(472,'S',279,'28cdee9e25694fcfb38d7adb718e1df4'),
(473,'L',341,'28cdee9e25694fcfb38d7adb718e1df4'),
(474,'XL',728,'28cdee9e25694fcfb38d7adb718e1df4'),
(475,'XXL',366,'28cdee9e25694fcfb38d7adb718e1df4'),
(476,'X',871,'2970522b3e504f9bbcfac91b32e94ffc'),
(477,'S',570,'2970522b3e504f9bbcfac91b32e94ffc'),
(478,'L',689,'2970522b3e504f9bbcfac91b32e94ffc'),
(479,'XL',166,'2970522b3e504f9bbcfac91b32e94ffc'),
(480,'XXL',348,'2970522b3e504f9bbcfac91b32e94ffc'),
(481,'X',405,'2aa44f203df2467daabfe25983d82531'),
(482,'S',987,'2aa44f203df2467daabfe25983d82531'),
(483,'L',379,'2aa44f203df2467daabfe25983d82531'),
(484,'XL',233,'2aa44f203df2467daabfe25983d82531'),
(485,'XXL',955,'2aa44f203df2467daabfe25983d82531'),
(486,'X',126,'2ae1ae0be3bc454e9e7ce60f9f726866'),
(487,'S',172,'2ae1ae0be3bc454e9e7ce60f9f726866'),
(488,'L',347,'2ae1ae0be3bc454e9e7ce60f9f726866'),
(489,'XL',695,'2ae1ae0be3bc454e9e7ce60f9f726866'),
(490,'XXL',881,'2ae1ae0be3bc454e9e7ce60f9f726866'),
(491,'X',323,'2b1940be1f484de0a473c5e2d192cc6e'),
(492,'S',197,'2b1940be1f484de0a473c5e2d192cc6e'),
(493,'L',381,'2b1940be1f484de0a473c5e2d192cc6e'),
(494,'XL',599,'2b1940be1f484de0a473c5e2d192cc6e'),
(495,'XXL',952,'2b1940be1f484de0a473c5e2d192cc6e'),
(496,'X',423,'2b2f0f31ccfe4f5e94e82ecb0bf2d7b2'),
(497,'S',995,'2b2f0f31ccfe4f5e94e82ecb0bf2d7b2'),
(498,'L',828,'2b2f0f31ccfe4f5e94e82ecb0bf2d7b2'),
(499,'XL',959,'2b2f0f31ccfe4f5e94e82ecb0bf2d7b2'),
(500,'XXL',515,'2b2f0f31ccfe4f5e94e82ecb0bf2d7b2'),
(501,'X',583,'2c0d6a16bf3b4ce98b0c51eec8489535'),
(502,'S',738,'2c0d6a16bf3b4ce98b0c51eec8489535'),
(503,'L',875,'2c0d6a16bf3b4ce98b0c51eec8489535'),
(504,'XL',472,'2c0d6a16bf3b4ce98b0c51eec8489535'),
(505,'XXL',256,'2c0d6a16bf3b4ce98b0c51eec8489535'),
(506,'X',581,'2ceeb7e423e2437da69320db84057b25'),
(507,'S',533,'2ceeb7e423e2437da69320db84057b25'),
(508,'L',197,'2ceeb7e423e2437da69320db84057b25'),
(509,'XL',547,'2ceeb7e423e2437da69320db84057b25'),
(510,'XXL',632,'2ceeb7e423e2437da69320db84057b25'),
(511,'X',259,'2d3b8dd6aa7c47c69c3c7cf03fde47d5'),
(512,'S',744,'2d3b8dd6aa7c47c69c3c7cf03fde47d5'),
(513,'L',853,'2d3b8dd6aa7c47c69c3c7cf03fde47d5'),
(514,'XL',351,'2d3b8dd6aa7c47c69c3c7cf03fde47d5'),
(515,'XXL',115,'2d3b8dd6aa7c47c69c3c7cf03fde47d5'),
(516,'X',292,'2d9801a40d924c91bed5af78e85c70d9'),
(517,'S',630,'2d9801a40d924c91bed5af78e85c70d9'),
(518,'L',996,'2d9801a40d924c91bed5af78e85c70d9'),
(519,'XL',172,'2d9801a40d924c91bed5af78e85c70d9'),
(520,'XXL',602,'2d9801a40d924c91bed5af78e85c70d9'),
(521,'X',335,'2df43792a3d64cd781714f75ee6535f7'),
(522,'S',929,'2df43792a3d64cd781714f75ee6535f7'),
(523,'L',877,'2df43792a3d64cd781714f75ee6535f7'),
(524,'XL',955,'2df43792a3d64cd781714f75ee6535f7'),
(525,'XXL',643,'2df43792a3d64cd781714f75ee6535f7'),
(526,'X',155,'2ecc4edd749443dda0e1d0a747ced016'),
(527,'S',869,'2ecc4edd749443dda0e1d0a747ced016'),
(528,'L',256,'2ecc4edd749443dda0e1d0a747ced016'),
(529,'XL',655,'2ecc4edd749443dda0e1d0a747ced016'),
(530,'XXL',345,'2ecc4edd749443dda0e1d0a747ced016'),
(531,'X',573,'2f7afaa778e14e9287bc3fa7b7ecb4a9'),
(532,'S',430,'2f7afaa778e14e9287bc3fa7b7ecb4a9'),
(533,'L',657,'2f7afaa778e14e9287bc3fa7b7ecb4a9'),
(534,'XL',972,'2f7afaa778e14e9287bc3fa7b7ecb4a9'),
(535,'XXL',525,'2f7afaa778e14e9287bc3fa7b7ecb4a9'),
(536,'X',837,'2fc9069ca4bd4169a7e89219b956df88'),
(537,'S',701,'2fc9069ca4bd4169a7e89219b956df88'),
(538,'L',749,'2fc9069ca4bd4169a7e89219b956df88'),
(539,'XL',249,'2fc9069ca4bd4169a7e89219b956df88'),
(540,'XXL',390,'2fc9069ca4bd4169a7e89219b956df88'),
(541,'X',119,'305992991eb64e968f4203daf927e7dc'),
(542,'S',708,'305992991eb64e968f4203daf927e7dc'),
(543,'L',885,'305992991eb64e968f4203daf927e7dc'),
(544,'XL',649,'305992991eb64e968f4203daf927e7dc'),
(545,'XXL',901,'305992991eb64e968f4203daf927e7dc'),
(546,'X',323,'3089fa38b49d4790a8ed71c54f9468f1'),
(547,'S',483,'3089fa38b49d4790a8ed71c54f9468f1'),
(548,'L',903,'3089fa38b49d4790a8ed71c54f9468f1'),
(549,'XL',217,'3089fa38b49d4790a8ed71c54f9468f1'),
(550,'XXL',481,'3089fa38b49d4790a8ed71c54f9468f1'),
(551,'X',210,'30da0efc25e349778dfde37aba541279'),
(552,'S',734,'30da0efc25e349778dfde37aba541279'),
(553,'L',719,'30da0efc25e349778dfde37aba541279'),
(554,'XL',200,'30da0efc25e349778dfde37aba541279'),
(555,'XXL',351,'30da0efc25e349778dfde37aba541279'),
(556,'X',865,'30df6cc357694885afe620f6c3cdc673'),
(557,'S',260,'30df6cc357694885afe620f6c3cdc673'),
(558,'L',931,'30df6cc357694885afe620f6c3cdc673'),
(559,'XL',581,'30df6cc357694885afe620f6c3cdc673'),
(560,'XXL',990,'30df6cc357694885afe620f6c3cdc673'),
(561,'X',813,'311b51582b4d4fc0a9906ce582658a3c'),
(562,'S',731,'311b51582b4d4fc0a9906ce582658a3c'),
(563,'L',465,'311b51582b4d4fc0a9906ce582658a3c'),
(564,'XL',522,'311b51582b4d4fc0a9906ce582658a3c'),
(565,'XXL',352,'311b51582b4d4fc0a9906ce582658a3c'),
(566,'X',902,'3129740cd0fc425e8cbc88a8efb1de26'),
(567,'S',461,'3129740cd0fc425e8cbc88a8efb1de26'),
(568,'L',697,'3129740cd0fc425e8cbc88a8efb1de26'),
(569,'XL',651,'3129740cd0fc425e8cbc88a8efb1de26'),
(570,'XXL',155,'3129740cd0fc425e8cbc88a8efb1de26'),
(571,'X',936,'32ed0ef62d5f4bb2a70336c35ba17536'),
(572,'S',514,'32ed0ef62d5f4bb2a70336c35ba17536'),
(573,'L',472,'32ed0ef62d5f4bb2a70336c35ba17536'),
(574,'XL',256,'32ed0ef62d5f4bb2a70336c35ba17536'),
(575,'XXL',900,'32ed0ef62d5f4bb2a70336c35ba17536'),
(576,'X',404,'330112a779a345f8ad157db65847a4d7'),
(577,'S',341,'330112a779a345f8ad157db65847a4d7'),
(578,'L',347,'330112a779a345f8ad157db65847a4d7'),
(579,'XL',804,'330112a779a345f8ad157db65847a4d7'),
(580,'XXL',560,'330112a779a345f8ad157db65847a4d7'),
(581,'X',464,'3311da6c19874775af4fc2e6534c9c78'),
(582,'S',790,'3311da6c19874775af4fc2e6534c9c78'),
(583,'L',668,'3311da6c19874775af4fc2e6534c9c78'),
(584,'XL',938,'3311da6c19874775af4fc2e6534c9c78'),
(585,'XXL',977,'3311da6c19874775af4fc2e6534c9c78'),
(586,'X',583,'331d613914cc4cde823f7680745022f1'),
(587,'S',449,'331d613914cc4cde823f7680745022f1'),
(588,'L',709,'331d613914cc4cde823f7680745022f1'),
(589,'XL',942,'331d613914cc4cde823f7680745022f1'),
(590,'XXL',379,'331d613914cc4cde823f7680745022f1'),
(591,'X',876,'339063c3537e4569aa187938c6f1ccbb'),
(592,'S',613,'339063c3537e4569aa187938c6f1ccbb'),
(593,'L',771,'339063c3537e4569aa187938c6f1ccbb'),
(594,'XL',251,'339063c3537e4569aa187938c6f1ccbb'),
(595,'XXL',548,'339063c3537e4569aa187938c6f1ccbb'),
(596,'X',598,'33ad7b24ad4f4765a5c65358dd19568b'),
(597,'S',989,'33ad7b24ad4f4765a5c65358dd19568b'),
(598,'L',192,'33ad7b24ad4f4765a5c65358dd19568b'),
(599,'XL',720,'33ad7b24ad4f4765a5c65358dd19568b'),
(600,'XXL',128,'33ad7b24ad4f4765a5c65358dd19568b'),
(601,'X',564,'34b7816e34ac40518485334f4b620122'),
(602,'S',538,'34b7816e34ac40518485334f4b620122'),
(603,'L',281,'34b7816e34ac40518485334f4b620122'),
(604,'XL',121,'34b7816e34ac40518485334f4b620122'),
(605,'XXL',532,'34b7816e34ac40518485334f4b620122'),
(606,'X',132,'3530e9ba0b3944f290f49b6b22df61a1'),
(607,'S',747,'3530e9ba0b3944f290f49b6b22df61a1'),
(608,'L',583,'3530e9ba0b3944f290f49b6b22df61a1'),
(609,'XL',361,'3530e9ba0b3944f290f49b6b22df61a1'),
(610,'XXL',555,'3530e9ba0b3944f290f49b6b22df61a1'),
(611,'X',842,'35676cb94bee48e7b683d7b6ff544417'),
(612,'S',680,'35676cb94bee48e7b683d7b6ff544417'),
(613,'L',203,'35676cb94bee48e7b683d7b6ff544417'),
(614,'XL',363,'35676cb94bee48e7b683d7b6ff544417'),
(615,'XXL',776,'35676cb94bee48e7b683d7b6ff544417'),
(616,'X',212,'359e47998db94b428daab8c9557f9ca4'),
(617,'S',700,'359e47998db94b428daab8c9557f9ca4'),
(618,'L',325,'359e47998db94b428daab8c9557f9ca4'),
(619,'XL',649,'359e47998db94b428daab8c9557f9ca4'),
(620,'XXL',300,'359e47998db94b428daab8c9557f9ca4'),
(621,'X',640,'36088facf83d45d2bb28622facdbe5d0'),
(622,'S',932,'36088facf83d45d2bb28622facdbe5d0'),
(623,'L',792,'36088facf83d45d2bb28622facdbe5d0'),
(624,'XL',426,'36088facf83d45d2bb28622facdbe5d0'),
(625,'XXL',283,'36088facf83d45d2bb28622facdbe5d0'),
(626,'X',797,'36ca194188e74f56b52496a23926ab68'),
(627,'S',553,'36ca194188e74f56b52496a23926ab68'),
(628,'L',341,'36ca194188e74f56b52496a23926ab68'),
(629,'XL',387,'36ca194188e74f56b52496a23926ab68'),
(630,'XXL',768,'36ca194188e74f56b52496a23926ab68'),
(631,'X',533,'36dbae1a136840708c82693bff67b26a'),
(632,'S',427,'36dbae1a136840708c82693bff67b26a'),
(633,'L',953,'36dbae1a136840708c82693bff67b26a'),
(634,'XL',629,'36dbae1a136840708c82693bff67b26a'),
(635,'XXL',329,'36dbae1a136840708c82693bff67b26a'),
(636,'X',476,'36df3ab97f0c4219a0b0ea5346a13561'),
(637,'S',165,'36df3ab97f0c4219a0b0ea5346a13561'),
(638,'L',415,'36df3ab97f0c4219a0b0ea5346a13561'),
(639,'XL',228,'36df3ab97f0c4219a0b0ea5346a13561'),
(640,'XXL',409,'36df3ab97f0c4219a0b0ea5346a13561'),
(641,'X',940,'37992f2e1507483aaba6ab12536d17bf'),
(642,'S',916,'37992f2e1507483aaba6ab12536d17bf'),
(643,'L',512,'37992f2e1507483aaba6ab12536d17bf'),
(644,'XL',569,'37992f2e1507483aaba6ab12536d17bf'),
(645,'XXL',307,'37992f2e1507483aaba6ab12536d17bf'),
(646,'X',496,'37e66fd5ca734ab587771404dba4721a'),
(647,'S',841,'37e66fd5ca734ab587771404dba4721a'),
(648,'L',465,'37e66fd5ca734ab587771404dba4721a'),
(649,'XL',176,'37e66fd5ca734ab587771404dba4721a'),
(650,'XXL',955,'37e66fd5ca734ab587771404dba4721a'),
(651,'X',300,'3896a6867c8f43e08fc944d6b8714386'),
(652,'S',704,'3896a6867c8f43e08fc944d6b8714386'),
(653,'L',560,'3896a6867c8f43e08fc944d6b8714386'),
(654,'XL',700,'3896a6867c8f43e08fc944d6b8714386'),
(655,'XXL',534,'3896a6867c8f43e08fc944d6b8714386'),
(656,'X',533,'38a6fe6fa3f84922a07a58fe079fc990'),
(657,'S',382,'38a6fe6fa3f84922a07a58fe079fc990'),
(658,'L',123,'38a6fe6fa3f84922a07a58fe079fc990'),
(659,'XL',353,'38a6fe6fa3f84922a07a58fe079fc990'),
(660,'XXL',393,'38a6fe6fa3f84922a07a58fe079fc990'),
(661,'X',932,'38ad4fbc38ac4a508e08e865e718dc01'),
(662,'S',527,'38ad4fbc38ac4a508e08e865e718dc01'),
(663,'L',249,'38ad4fbc38ac4a508e08e865e718dc01'),
(664,'XL',799,'38ad4fbc38ac4a508e08e865e718dc01'),
(665,'XXL',925,'38ad4fbc38ac4a508e08e865e718dc01'),
(666,'X',227,'38d3b4ba59cd4393aeff32a07262873e'),
(667,'S',989,'38d3b4ba59cd4393aeff32a07262873e'),
(668,'L',834,'38d3b4ba59cd4393aeff32a07262873e'),
(669,'XL',735,'38d3b4ba59cd4393aeff32a07262873e'),
(670,'XXL',133,'38d3b4ba59cd4393aeff32a07262873e'),
(671,'X',761,'38f0ec6a79974fc683d4763afe23118d'),
(672,'S',321,'38f0ec6a79974fc683d4763afe23118d'),
(673,'L',881,'38f0ec6a79974fc683d4763afe23118d'),
(674,'XL',961,'38f0ec6a79974fc683d4763afe23118d'),
(675,'XXL',842,'38f0ec6a79974fc683d4763afe23118d'),
(676,'X',452,'399b351855c14615a060a2f403de0dd7'),
(677,'S',992,'399b351855c14615a060a2f403de0dd7'),
(678,'L',131,'399b351855c14615a060a2f403de0dd7'),
(679,'XL',723,'399b351855c14615a060a2f403de0dd7'),
(680,'XXL',661,'399b351855c14615a060a2f403de0dd7'),
(681,'X',936,'3a4b3aba94034b98a092e74e783a19b2'),
(682,'S',268,'3a4b3aba94034b98a092e74e783a19b2'),
(683,'L',163,'3a4b3aba94034b98a092e74e783a19b2'),
(684,'XL',399,'3a4b3aba94034b98a092e74e783a19b2'),
(685,'XXL',129,'3a4b3aba94034b98a092e74e783a19b2'),
(686,'X',932,'3a879b9124674d50a59ee574baf9ac89'),
(687,'S',738,'3a879b9124674d50a59ee574baf9ac89'),
(688,'L',509,'3a879b9124674d50a59ee574baf9ac89'),
(689,'XL',372,'3a879b9124674d50a59ee574baf9ac89'),
(690,'XXL',295,'3a879b9124674d50a59ee574baf9ac89'),
(691,'X',391,'3a9b0bce02894039bab63416c0b224c4'),
(692,'S',542,'3a9b0bce02894039bab63416c0b224c4'),
(693,'L',150,'3a9b0bce02894039bab63416c0b224c4'),
(694,'XL',353,'3a9b0bce02894039bab63416c0b224c4'),
(695,'XXL',673,'3a9b0bce02894039bab63416c0b224c4'),
(696,'X',857,'3b322c768fe745aa8a2809b47e728a6d'),
(697,'S',120,'3b322c768fe745aa8a2809b47e728a6d'),
(698,'L',152,'3b322c768fe745aa8a2809b47e728a6d'),
(699,'XL',768,'3b322c768fe745aa8a2809b47e728a6d'),
(700,'XXL',551,'3b322c768fe745aa8a2809b47e728a6d'),
(701,'X',440,'3bfdb071c333478f95603f7a02d18d66'),
(702,'S',216,'3bfdb071c333478f95603f7a02d18d66'),
(703,'L',914,'3bfdb071c333478f95603f7a02d18d66'),
(704,'XL',451,'3bfdb071c333478f95603f7a02d18d66'),
(705,'XXL',237,'3bfdb071c333478f95603f7a02d18d66'),
(706,'X',785,'3c6ae3e862d445c28e1ef378ebfce15b'),
(707,'S',877,'3c6ae3e862d445c28e1ef378ebfce15b'),
(708,'L',408,'3c6ae3e862d445c28e1ef378ebfce15b'),
(709,'XL',928,'3c6ae3e862d445c28e1ef378ebfce15b'),
(710,'XXL',945,'3c6ae3e862d445c28e1ef378ebfce15b'),
(711,'X',165,'3ce968e3743f41c5aceadb74cc1bcd1c'),
(712,'S',948,'3ce968e3743f41c5aceadb74cc1bcd1c'),
(713,'L',910,'3ce968e3743f41c5aceadb74cc1bcd1c'),
(714,'XL',179,'3ce968e3743f41c5aceadb74cc1bcd1c'),
(715,'XXL',958,'3ce968e3743f41c5aceadb74cc1bcd1c'),
(716,'X',693,'3e9d21ff6cee40d6bd849379a17a2016'),
(717,'S',831,'3e9d21ff6cee40d6bd849379a17a2016'),
(718,'L',103,'3e9d21ff6cee40d6bd849379a17a2016'),
(719,'XL',904,'3e9d21ff6cee40d6bd849379a17a2016'),
(720,'XXL',297,'3e9d21ff6cee40d6bd849379a17a2016'),
(721,'X',489,'3efc71075c554614bc7fa27877c6afbd'),
(722,'S',534,'3efc71075c554614bc7fa27877c6afbd'),
(723,'L',792,'3efc71075c554614bc7fa27877c6afbd'),
(724,'XL',423,'3efc71075c554614bc7fa27877c6afbd'),
(725,'XXL',525,'3efc71075c554614bc7fa27877c6afbd'),
(726,'X',540,'3f8e368b50594ab98e40ec4f63a58c15'),
(727,'S',357,'3f8e368b50594ab98e40ec4f63a58c15'),
(728,'L',484,'3f8e368b50594ab98e40ec4f63a58c15'),
(729,'XL',505,'3f8e368b50594ab98e40ec4f63a58c15'),
(730,'XXL',100,'3f8e368b50594ab98e40ec4f63a58c15'),
(731,'X',787,'3fe934a3ef564b46b7955c45e35de329'),
(732,'S',206,'3fe934a3ef564b46b7955c45e35de329'),
(733,'L',169,'3fe934a3ef564b46b7955c45e35de329'),
(734,'XL',683,'3fe934a3ef564b46b7955c45e35de329'),
(735,'XXL',848,'3fe934a3ef564b46b7955c45e35de329'),
(736,'X',377,'408ac55fbd6b4bd285452da2c76a5462'),
(737,'S',945,'408ac55fbd6b4bd285452da2c76a5462'),
(738,'L',155,'408ac55fbd6b4bd285452da2c76a5462'),
(739,'XL',151,'408ac55fbd6b4bd285452da2c76a5462'),
(740,'XXL',559,'408ac55fbd6b4bd285452da2c76a5462'),
(741,'X',714,'408b3afea8544ee49e8e34fa18d4793c'),
(742,'S',288,'408b3afea8544ee49e8e34fa18d4793c'),
(743,'L',825,'408b3afea8544ee49e8e34fa18d4793c'),
(744,'XL',663,'408b3afea8544ee49e8e34fa18d4793c'),
(745,'XXL',395,'408b3afea8544ee49e8e34fa18d4793c'),
(746,'X',632,'40cdd57c78b34dea85eaa65156079d31'),
(747,'S',800,'40cdd57c78b34dea85eaa65156079d31'),
(748,'L',711,'40cdd57c78b34dea85eaa65156079d31'),
(749,'XL',561,'40cdd57c78b34dea85eaa65156079d31'),
(750,'XXL',562,'40cdd57c78b34dea85eaa65156079d31'),
(751,'X',459,'414ec8c897b3483f891e3f95da73c1f9'),
(752,'S',704,'414ec8c897b3483f891e3f95da73c1f9'),
(753,'L',157,'414ec8c897b3483f891e3f95da73c1f9'),
(754,'XL',886,'414ec8c897b3483f891e3f95da73c1f9'),
(755,'XXL',365,'414ec8c897b3483f891e3f95da73c1f9'),
(756,'X',283,'4171220d0b314bf8b9194ea098b282c5'),
(757,'S',246,'4171220d0b314bf8b9194ea098b282c5'),
(758,'L',588,'4171220d0b314bf8b9194ea098b282c5'),
(759,'XL',885,'4171220d0b314bf8b9194ea098b282c5'),
(760,'XXL',370,'4171220d0b314bf8b9194ea098b282c5'),
(761,'X',918,'41c5fc0331ea4e0c80fd4d19da92f6af'),
(762,'S',454,'41c5fc0331ea4e0c80fd4d19da92f6af'),
(763,'L',862,'41c5fc0331ea4e0c80fd4d19da92f6af'),
(764,'XL',208,'41c5fc0331ea4e0c80fd4d19da92f6af'),
(765,'XXL',131,'41c5fc0331ea4e0c80fd4d19da92f6af'),
(766,'X',660,'41e15a957cc3437ea9f84ebe49528c5d'),
(767,'S',794,'41e15a957cc3437ea9f84ebe49528c5d'),
(768,'L',269,'41e15a957cc3437ea9f84ebe49528c5d'),
(769,'XL',114,'41e15a957cc3437ea9f84ebe49528c5d'),
(770,'XXL',309,'41e15a957cc3437ea9f84ebe49528c5d'),
(771,'X',681,'4215bf39d83a4844bcd5c8d573c7026e'),
(772,'S',120,'4215bf39d83a4844bcd5c8d573c7026e'),
(773,'L',190,'4215bf39d83a4844bcd5c8d573c7026e'),
(774,'XL',883,'4215bf39d83a4844bcd5c8d573c7026e'),
(775,'XXL',405,'4215bf39d83a4844bcd5c8d573c7026e'),
(776,'X',574,'429abdf5dfdd4482a0c8924bde7c977a'),
(777,'S',785,'429abdf5dfdd4482a0c8924bde7c977a'),
(778,'L',963,'429abdf5dfdd4482a0c8924bde7c977a'),
(779,'XL',432,'429abdf5dfdd4482a0c8924bde7c977a'),
(780,'XXL',383,'429abdf5dfdd4482a0c8924bde7c977a'),
(781,'X',459,'42a0544595ba4e04a49178145a173f08'),
(782,'S',283,'42a0544595ba4e04a49178145a173f08'),
(783,'L',475,'42a0544595ba4e04a49178145a173f08'),
(784,'XL',607,'42a0544595ba4e04a49178145a173f08'),
(785,'XXL',235,'42a0544595ba4e04a49178145a173f08'),
(786,'X',402,'42fde304c0ef4d1dada7a0127823c4a6'),
(787,'S',935,'42fde304c0ef4d1dada7a0127823c4a6'),
(788,'L',397,'42fde304c0ef4d1dada7a0127823c4a6'),
(789,'XL',680,'42fde304c0ef4d1dada7a0127823c4a6'),
(790,'XXL',475,'42fde304c0ef4d1dada7a0127823c4a6'),
(791,'X',697,'431c9535ffda47da9f54011d43c7a1b4'),
(792,'S',892,'431c9535ffda47da9f54011d43c7a1b4'),
(793,'L',918,'431c9535ffda47da9f54011d43c7a1b4'),
(794,'XL',315,'431c9535ffda47da9f54011d43c7a1b4'),
(795,'XXL',199,'431c9535ffda47da9f54011d43c7a1b4'),
(796,'X',397,'432d686f3245443eb50c09d69b4e13a8'),
(797,'S',437,'432d686f3245443eb50c09d69b4e13a8'),
(798,'L',827,'432d686f3245443eb50c09d69b4e13a8'),
(799,'XL',553,'432d686f3245443eb50c09d69b4e13a8'),
(800,'XXL',899,'432d686f3245443eb50c09d69b4e13a8'),
(801,'X',765,'43dfaffcded549b4954d481225704ab1'),
(802,'S',750,'43dfaffcded549b4954d481225704ab1'),
(803,'L',186,'43dfaffcded549b4954d481225704ab1'),
(804,'XL',792,'43dfaffcded549b4954d481225704ab1'),
(805,'XXL',430,'43dfaffcded549b4954d481225704ab1'),
(806,'X',415,'4445da5707b94c3b96db693caf6cfe30'),
(807,'S',653,'4445da5707b94c3b96db693caf6cfe30'),
(808,'L',832,'4445da5707b94c3b96db693caf6cfe30'),
(809,'XL',457,'4445da5707b94c3b96db693caf6cfe30'),
(810,'XXL',558,'4445da5707b94c3b96db693caf6cfe30'),
(811,'X',381,'447e1f795e59493d92b59582e450fb2c'),
(812,'S',889,'447e1f795e59493d92b59582e450fb2c'),
(813,'L',274,'447e1f795e59493d92b59582e450fb2c'),
(814,'XL',137,'447e1f795e59493d92b59582e450fb2c'),
(815,'XXL',316,'447e1f795e59493d92b59582e450fb2c'),
(816,'X',785,'4487ddcdbc1b4aa68ae4602556f104ff'),
(817,'S',505,'4487ddcdbc1b4aa68ae4602556f104ff'),
(818,'L',392,'4487ddcdbc1b4aa68ae4602556f104ff'),
(819,'XL',112,'4487ddcdbc1b4aa68ae4602556f104ff'),
(820,'XXL',424,'4487ddcdbc1b4aa68ae4602556f104ff'),
(821,'X',384,'44d96a534dad40419e571edbfeb81fd0'),
(822,'S',978,'44d96a534dad40419e571edbfeb81fd0'),
(823,'L',897,'44d96a534dad40419e571edbfeb81fd0'),
(824,'XL',809,'44d96a534dad40419e571edbfeb81fd0'),
(825,'XXL',801,'44d96a534dad40419e571edbfeb81fd0'),
(826,'X',243,'45207822a32d4b5ba8e381d15a249889'),
(827,'S',836,'45207822a32d4b5ba8e381d15a249889'),
(828,'L',492,'45207822a32d4b5ba8e381d15a249889'),
(829,'XL',514,'45207822a32d4b5ba8e381d15a249889'),
(830,'XXL',444,'45207822a32d4b5ba8e381d15a249889'),
(831,'X',163,'453bf1a03a1149869453adb646e2420d'),
(832,'S',618,'453bf1a03a1149869453adb646e2420d'),
(833,'L',211,'453bf1a03a1149869453adb646e2420d'),
(834,'XL',661,'453bf1a03a1149869453adb646e2420d'),
(835,'XXL',470,'453bf1a03a1149869453adb646e2420d'),
(836,'X',765,'4561541f50df40b5896cb1614ed42d96'),
(837,'S',416,'4561541f50df40b5896cb1614ed42d96'),
(838,'L',164,'4561541f50df40b5896cb1614ed42d96'),
(839,'XL',223,'4561541f50df40b5896cb1614ed42d96'),
(840,'XXL',729,'4561541f50df40b5896cb1614ed42d96'),
(841,'X',441,'45b252a81ac148c6aa5ce7f7352e949d'),
(842,'S',675,'45b252a81ac148c6aa5ce7f7352e949d'),
(843,'L',794,'45b252a81ac148c6aa5ce7f7352e949d'),
(844,'XL',682,'45b252a81ac148c6aa5ce7f7352e949d'),
(845,'XXL',165,'45b252a81ac148c6aa5ce7f7352e949d'),
(846,'X',656,'4618f694e1384c729bc8c6aacf38bf19'),
(847,'S',583,'4618f694e1384c729bc8c6aacf38bf19'),
(848,'L',825,'4618f694e1384c729bc8c6aacf38bf19'),
(849,'XL',173,'4618f694e1384c729bc8c6aacf38bf19'),
(850,'XXL',946,'4618f694e1384c729bc8c6aacf38bf19'),
(851,'X',676,'462692f72c3143838fee95d66968c70f'),
(852,'S',212,'462692f72c3143838fee95d66968c70f'),
(853,'L',165,'462692f72c3143838fee95d66968c70f'),
(854,'XL',913,'462692f72c3143838fee95d66968c70f'),
(855,'XXL',803,'462692f72c3143838fee95d66968c70f'),
(856,'X',109,'46486011dd104c3b8a31d9167ab6196b'),
(857,'S',293,'46486011dd104c3b8a31d9167ab6196b'),
(858,'L',530,'46486011dd104c3b8a31d9167ab6196b'),
(859,'XL',961,'46486011dd104c3b8a31d9167ab6196b'),
(860,'XXL',133,'46486011dd104c3b8a31d9167ab6196b'),
(861,'X',606,'46bdd046f252410f9ffe07897f802e78'),
(862,'S',240,'46bdd046f252410f9ffe07897f802e78'),
(863,'L',652,'46bdd046f252410f9ffe07897f802e78'),
(864,'XL',519,'46bdd046f252410f9ffe07897f802e78'),
(865,'XXL',913,'46bdd046f252410f9ffe07897f802e78'),
(866,'X',697,'47120891c9af46b09c0c0aebac32563c'),
(867,'S',626,'47120891c9af46b09c0c0aebac32563c'),
(868,'L',789,'47120891c9af46b09c0c0aebac32563c'),
(869,'XL',906,'47120891c9af46b09c0c0aebac32563c'),
(870,'XXL',262,'47120891c9af46b09c0c0aebac32563c'),
(871,'X',578,'478828e9368f4b66b05cf91e2e3ab2bb'),
(872,'S',441,'478828e9368f4b66b05cf91e2e3ab2bb'),
(873,'L',732,'478828e9368f4b66b05cf91e2e3ab2bb'),
(874,'XL',157,'478828e9368f4b66b05cf91e2e3ab2bb'),
(875,'XXL',859,'478828e9368f4b66b05cf91e2e3ab2bb'),
(876,'X',204,'47e8ca7f878c401aabee388ee35937ba'),
(877,'S',327,'47e8ca7f878c401aabee388ee35937ba'),
(878,'L',557,'47e8ca7f878c401aabee388ee35937ba'),
(879,'XL',393,'47e8ca7f878c401aabee388ee35937ba'),
(880,'XXL',122,'47e8ca7f878c401aabee388ee35937ba'),
(881,'X',284,'47f70f527ae6439bb5adbc2fbce8baad'),
(882,'S',417,'47f70f527ae6439bb5adbc2fbce8baad'),
(883,'L',326,'47f70f527ae6439bb5adbc2fbce8baad'),
(884,'XL',593,'47f70f527ae6439bb5adbc2fbce8baad'),
(885,'XXL',135,'47f70f527ae6439bb5adbc2fbce8baad'),
(886,'X',403,'482cacc9325045f1b8bb3e0796330bda'),
(887,'S',685,'482cacc9325045f1b8bb3e0796330bda'),
(888,'L',465,'482cacc9325045f1b8bb3e0796330bda'),
(889,'XL',704,'482cacc9325045f1b8bb3e0796330bda'),
(890,'XXL',591,'482cacc9325045f1b8bb3e0796330bda'),
(891,'X',816,'4834463c69694869874a9b3f536a49e4'),
(892,'S',216,'4834463c69694869874a9b3f536a49e4'),
(893,'L',424,'4834463c69694869874a9b3f536a49e4'),
(894,'XL',291,'4834463c69694869874a9b3f536a49e4'),
(895,'XXL',503,'4834463c69694869874a9b3f536a49e4'),
(896,'X',198,'491cd316f0704d3c9ab0110335b37be6'),
(897,'S',265,'491cd316f0704d3c9ab0110335b37be6'),
(898,'L',983,'491cd316f0704d3c9ab0110335b37be6'),
(899,'XL',108,'491cd316f0704d3c9ab0110335b37be6'),
(900,'XXL',681,'491cd316f0704d3c9ab0110335b37be6'),
(901,'X',890,'49ebaa4036ab41c891d2caac35b509d4'),
(902,'S',246,'49ebaa4036ab41c891d2caac35b509d4'),
(903,'L',950,'49ebaa4036ab41c891d2caac35b509d4'),
(904,'XL',234,'49ebaa4036ab41c891d2caac35b509d4'),
(905,'XXL',395,'49ebaa4036ab41c891d2caac35b509d4'),
(906,'X',819,'4a266571c236491db61f8ea62cbde13f'),
(907,'S',511,'4a266571c236491db61f8ea62cbde13f'),
(908,'L',361,'4a266571c236491db61f8ea62cbde13f'),
(909,'XL',695,'4a266571c236491db61f8ea62cbde13f'),
(910,'XXL',341,'4a266571c236491db61f8ea62cbde13f'),
(911,'X',383,'4a54bb8525f94517b3305fb160dcd6b1'),
(912,'S',990,'4a54bb8525f94517b3305fb160dcd6b1'),
(913,'L',462,'4a54bb8525f94517b3305fb160dcd6b1'),
(914,'XL',642,'4a54bb8525f94517b3305fb160dcd6b1'),
(915,'XXL',505,'4a54bb8525f94517b3305fb160dcd6b1'),
(916,'X',388,'4a76ea054c2b4316b87bbbec602dbd00'),
(917,'S',215,'4a76ea054c2b4316b87bbbec602dbd00'),
(918,'L',211,'4a76ea054c2b4316b87bbbec602dbd00'),
(919,'XL',420,'4a76ea054c2b4316b87bbbec602dbd00'),
(920,'XXL',201,'4a76ea054c2b4316b87bbbec602dbd00'),
(921,'X',649,'4ab26d6ae82545e79cd9292a5229018d'),
(922,'S',277,'4ab26d6ae82545e79cd9292a5229018d'),
(923,'L',655,'4ab26d6ae82545e79cd9292a5229018d'),
(924,'XL',453,'4ab26d6ae82545e79cd9292a5229018d'),
(925,'XXL',390,'4ab26d6ae82545e79cd9292a5229018d'),
(926,'X',736,'4b00e3e483d74b7f890a502dbccde608'),
(927,'S',705,'4b00e3e483d74b7f890a502dbccde608'),
(928,'L',524,'4b00e3e483d74b7f890a502dbccde608'),
(929,'XL',804,'4b00e3e483d74b7f890a502dbccde608'),
(930,'XXL',780,'4b00e3e483d74b7f890a502dbccde608'),
(931,'X',774,'4b117d05f6bd4c3cbae511ff32730ae2'),
(932,'S',322,'4b117d05f6bd4c3cbae511ff32730ae2'),
(933,'L',580,'4b117d05f6bd4c3cbae511ff32730ae2'),
(934,'XL',686,'4b117d05f6bd4c3cbae511ff32730ae2'),
(935,'XXL',366,'4b117d05f6bd4c3cbae511ff32730ae2'),
(936,'X',599,'4b339fee1ed2478d9748b5703d4a5850'),
(937,'S',120,'4b339fee1ed2478d9748b5703d4a5850'),
(938,'L',636,'4b339fee1ed2478d9748b5703d4a5850'),
(939,'XL',445,'4b339fee1ed2478d9748b5703d4a5850'),
(940,'XXL',984,'4b339fee1ed2478d9748b5703d4a5850'),
(941,'X',396,'4b734ea8884e4f35a6d97f3173186634'),
(942,'S',278,'4b734ea8884e4f35a6d97f3173186634'),
(943,'L',159,'4b734ea8884e4f35a6d97f3173186634'),
(944,'XL',857,'4b734ea8884e4f35a6d97f3173186634'),
(945,'XXL',813,'4b734ea8884e4f35a6d97f3173186634'),
(946,'X',164,'4be4c8d6a4e84534b836bf51a982175f'),
(947,'S',948,'4be4c8d6a4e84534b836bf51a982175f'),
(948,'L',122,'4be4c8d6a4e84534b836bf51a982175f'),
(949,'XL',517,'4be4c8d6a4e84534b836bf51a982175f'),
(950,'XXL',418,'4be4c8d6a4e84534b836bf51a982175f'),
(951,'X',908,'4c6a6b79cff44297af7d2ef48e4c6806'),
(952,'S',481,'4c6a6b79cff44297af7d2ef48e4c6806'),
(953,'L',262,'4c6a6b79cff44297af7d2ef48e4c6806'),
(954,'XL',711,'4c6a6b79cff44297af7d2ef48e4c6806'),
(955,'XXL',513,'4c6a6b79cff44297af7d2ef48e4c6806'),
(956,'X',600,'4c7867dc36494b01852153ff5d792f3a'),
(957,'S',639,'4c7867dc36494b01852153ff5d792f3a'),
(958,'L',918,'4c7867dc36494b01852153ff5d792f3a'),
(959,'XL',485,'4c7867dc36494b01852153ff5d792f3a'),
(960,'XXL',830,'4c7867dc36494b01852153ff5d792f3a'),
(961,'X',887,'4cde22028a954bc39c06c3fb2c34a399'),
(962,'S',143,'4cde22028a954bc39c06c3fb2c34a399'),
(963,'L',946,'4cde22028a954bc39c06c3fb2c34a399'),
(964,'XL',411,'4cde22028a954bc39c06c3fb2c34a399'),
(965,'XXL',919,'4cde22028a954bc39c06c3fb2c34a399'),
(966,'X',463,'4d07d35d284f44558d7440d8a6f57899'),
(967,'S',614,'4d07d35d284f44558d7440d8a6f57899'),
(968,'L',231,'4d07d35d284f44558d7440d8a6f57899'),
(969,'XL',353,'4d07d35d284f44558d7440d8a6f57899'),
(970,'XXL',499,'4d07d35d284f44558d7440d8a6f57899'),
(971,'X',445,'4d64cc3c9a5e4ae7b741c805d37bda50'),
(972,'S',964,'4d64cc3c9a5e4ae7b741c805d37bda50'),
(973,'L',397,'4d64cc3c9a5e4ae7b741c805d37bda50'),
(974,'XL',738,'4d64cc3c9a5e4ae7b741c805d37bda50'),
(975,'XXL',615,'4d64cc3c9a5e4ae7b741c805d37bda50'),
(976,'X',303,'4db1c14e03c44db89d4cbcc9cc3cc4bb'),
(977,'S',251,'4db1c14e03c44db89d4cbcc9cc3cc4bb'),
(978,'L',174,'4db1c14e03c44db89d4cbcc9cc3cc4bb'),
(979,'XL',964,'4db1c14e03c44db89d4cbcc9cc3cc4bb'),
(980,'XXL',352,'4db1c14e03c44db89d4cbcc9cc3cc4bb'),
(981,'X',156,'4deba7cc5179431f81ad666a751d30ab'),
(982,'S',885,'4deba7cc5179431f81ad666a751d30ab'),
(983,'L',130,'4deba7cc5179431f81ad666a751d30ab'),
(984,'XL',548,'4deba7cc5179431f81ad666a751d30ab'),
(985,'XXL',915,'4deba7cc5179431f81ad666a751d30ab'),
(986,'X',340,'4e0f7fc49c6341fa88cbda1c112e8fb3'),
(987,'S',190,'4e0f7fc49c6341fa88cbda1c112e8fb3'),
(988,'L',562,'4e0f7fc49c6341fa88cbda1c112e8fb3'),
(989,'XL',198,'4e0f7fc49c6341fa88cbda1c112e8fb3'),
(990,'XXL',173,'4e0f7fc49c6341fa88cbda1c112e8fb3'),
(991,'X',376,'4fb3a42e769d408781aeafa82097a1d6'),
(992,'S',668,'4fb3a42e769d408781aeafa82097a1d6'),
(993,'L',667,'4fb3a42e769d408781aeafa82097a1d6'),
(994,'XL',496,'4fb3a42e769d408781aeafa82097a1d6'),
(995,'XXL',283,'4fb3a42e769d408781aeafa82097a1d6'),
(996,'X',744,'4ff9f26bfe884f258246bd61d94679c4'),
(997,'S',369,'4ff9f26bfe884f258246bd61d94679c4'),
(998,'L',353,'4ff9f26bfe884f258246bd61d94679c4'),
(999,'XL',494,'4ff9f26bfe884f258246bd61d94679c4'),
(1000,'XXL',520,'4ff9f26bfe884f258246bd61d94679c4'),
(1001,'X',657,'5019f77a2b044b02b324eaba8e9323f0'),
(1002,'S',163,'5019f77a2b044b02b324eaba8e9323f0'),
(1003,'L',631,'5019f77a2b044b02b324eaba8e9323f0'),
(1004,'XL',811,'5019f77a2b044b02b324eaba8e9323f0'),
(1005,'XXL',187,'5019f77a2b044b02b324eaba8e9323f0'),
(1006,'X',354,'515ac0b4d90c441eb9b706dc22f84f67'),
(1007,'S',550,'515ac0b4d90c441eb9b706dc22f84f67'),
(1008,'L',759,'515ac0b4d90c441eb9b706dc22f84f67'),
(1009,'XL',407,'515ac0b4d90c441eb9b706dc22f84f67'),
(1010,'XXL',138,'515ac0b4d90c441eb9b706dc22f84f67'),
(1011,'X',448,'523b3d45e5234df78eadeec37b8697e2'),
(1012,'S',487,'523b3d45e5234df78eadeec37b8697e2'),
(1013,'L',139,'523b3d45e5234df78eadeec37b8697e2'),
(1014,'XL',941,'523b3d45e5234df78eadeec37b8697e2'),
(1015,'XXL',522,'523b3d45e5234df78eadeec37b8697e2'),
(1016,'X',479,'531b7740b0804c3bb81f71817f07df60'),
(1017,'S',885,'531b7740b0804c3bb81f71817f07df60'),
(1018,'L',645,'531b7740b0804c3bb81f71817f07df60'),
(1019,'XL',914,'531b7740b0804c3bb81f71817f07df60'),
(1020,'XXL',875,'531b7740b0804c3bb81f71817f07df60'),
(1021,'X',888,'5388a56c1fe74f5ca7e61b36d0ed21df'),
(1022,'S',679,'5388a56c1fe74f5ca7e61b36d0ed21df'),
(1023,'L',372,'5388a56c1fe74f5ca7e61b36d0ed21df'),
(1024,'XL',718,'5388a56c1fe74f5ca7e61b36d0ed21df'),
(1025,'XXL',420,'5388a56c1fe74f5ca7e61b36d0ed21df'),
(1026,'X',480,'53be80ba50fc41d986d3f0f4af63b41d'),
(1027,'S',880,'53be80ba50fc41d986d3f0f4af63b41d'),
(1028,'L',968,'53be80ba50fc41d986d3f0f4af63b41d'),
(1029,'XL',323,'53be80ba50fc41d986d3f0f4af63b41d'),
(1030,'XXL',703,'53be80ba50fc41d986d3f0f4af63b41d'),
(1031,'X',254,'541c359ab7fe431bb499cbef1a65438c'),
(1032,'S',462,'541c359ab7fe431bb499cbef1a65438c'),
(1033,'L',787,'541c359ab7fe431bb499cbef1a65438c'),
(1034,'XL',614,'541c359ab7fe431bb499cbef1a65438c'),
(1035,'XXL',816,'541c359ab7fe431bb499cbef1a65438c'),
(1036,'X',627,'5458dce8d35f4380b5d458da0d7c0863'),
(1037,'S',811,'5458dce8d35f4380b5d458da0d7c0863'),
(1038,'L',971,'5458dce8d35f4380b5d458da0d7c0863'),
(1039,'XL',711,'5458dce8d35f4380b5d458da0d7c0863'),
(1040,'XXL',279,'5458dce8d35f4380b5d458da0d7c0863'),
(1041,'X',310,'54a7072f8fd94982809c7f7d8433796c'),
(1042,'S',595,'54a7072f8fd94982809c7f7d8433796c'),
(1043,'L',127,'54a7072f8fd94982809c7f7d8433796c'),
(1044,'XL',478,'54a7072f8fd94982809c7f7d8433796c'),
(1045,'XXL',168,'54a7072f8fd94982809c7f7d8433796c'),
(1046,'X',508,'54e85697064c40a09b8ae66d29c5b1fa'),
(1047,'S',282,'54e85697064c40a09b8ae66d29c5b1fa'),
(1048,'L',879,'54e85697064c40a09b8ae66d29c5b1fa'),
(1049,'XL',251,'54e85697064c40a09b8ae66d29c5b1fa'),
(1050,'XXL',314,'54e85697064c40a09b8ae66d29c5b1fa'),
(1051,'X',781,'550f7322de21467dad01663ae86bd2c3'),
(1052,'S',381,'550f7322de21467dad01663ae86bd2c3'),
(1053,'L',181,'550f7322de21467dad01663ae86bd2c3'),
(1054,'XL',825,'550f7322de21467dad01663ae86bd2c3'),
(1055,'XXL',555,'550f7322de21467dad01663ae86bd2c3'),
(1056,'X',983,'562e9348ec324ab7be92cf4c2659247e'),
(1057,'S',786,'562e9348ec324ab7be92cf4c2659247e'),
(1058,'L',166,'562e9348ec324ab7be92cf4c2659247e'),
(1059,'XL',198,'562e9348ec324ab7be92cf4c2659247e'),
(1060,'XXL',620,'562e9348ec324ab7be92cf4c2659247e'),
(1061,'X',278,'567f4090b77b4a56b3ffd4b42ac8f5a5'),
(1062,'S',926,'567f4090b77b4a56b3ffd4b42ac8f5a5'),
(1063,'L',581,'567f4090b77b4a56b3ffd4b42ac8f5a5'),
(1064,'XL',610,'567f4090b77b4a56b3ffd4b42ac8f5a5'),
(1065,'XXL',633,'567f4090b77b4a56b3ffd4b42ac8f5a5'),
(1066,'X',181,'56b159ecb60d47829c9ca843fb338a2f'),
(1067,'S',173,'56b159ecb60d47829c9ca843fb338a2f'),
(1068,'L',681,'56b159ecb60d47829c9ca843fb338a2f'),
(1069,'XL',842,'56b159ecb60d47829c9ca843fb338a2f'),
(1070,'XXL',315,'56b159ecb60d47829c9ca843fb338a2f'),
(1071,'X',885,'56de9f7a3d4f466ca73fda98d536676f'),
(1072,'S',909,'56de9f7a3d4f466ca73fda98d536676f'),
(1073,'L',862,'56de9f7a3d4f466ca73fda98d536676f'),
(1074,'XL',712,'56de9f7a3d4f466ca73fda98d536676f'),
(1075,'XXL',353,'56de9f7a3d4f466ca73fda98d536676f'),
(1076,'X',715,'5771fb2296504cd9be25444aba77d455'),
(1077,'S',349,'5771fb2296504cd9be25444aba77d455'),
(1078,'L',290,'5771fb2296504cd9be25444aba77d455'),
(1079,'XL',741,'5771fb2296504cd9be25444aba77d455'),
(1080,'XXL',805,'5771fb2296504cd9be25444aba77d455'),
(1081,'X',445,'582539dcef4b455cb19b0e0e47d5fd4c'),
(1082,'S',383,'582539dcef4b455cb19b0e0e47d5fd4c'),
(1083,'L',793,'582539dcef4b455cb19b0e0e47d5fd4c'),
(1084,'XL',197,'582539dcef4b455cb19b0e0e47d5fd4c'),
(1085,'XXL',176,'582539dcef4b455cb19b0e0e47d5fd4c'),
(1086,'X',826,'58a4afa31e7d4bd9ab24e507f12981fa'),
(1087,'S',447,'58a4afa31e7d4bd9ab24e507f12981fa'),
(1088,'L',868,'58a4afa31e7d4bd9ab24e507f12981fa'),
(1089,'XL',772,'58a4afa31e7d4bd9ab24e507f12981fa'),
(1090,'XXL',437,'58a4afa31e7d4bd9ab24e507f12981fa'),
(1091,'X',778,'58a9195fbf9d49d5b2bb291e3207d54b'),
(1092,'S',685,'58a9195fbf9d49d5b2bb291e3207d54b'),
(1093,'L',104,'58a9195fbf9d49d5b2bb291e3207d54b'),
(1094,'XL',372,'58a9195fbf9d49d5b2bb291e3207d54b'),
(1095,'XXL',471,'58a9195fbf9d49d5b2bb291e3207d54b'),
(1096,'X',125,'58beb060c672499db8b26ab385a0631b'),
(1097,'S',553,'58beb060c672499db8b26ab385a0631b'),
(1098,'L',286,'58beb060c672499db8b26ab385a0631b'),
(1099,'XL',659,'58beb060c672499db8b26ab385a0631b'),
(1100,'XXL',359,'58beb060c672499db8b26ab385a0631b'),
(1101,'X',835,'5949bde320f54b619e572f6a855105b6'),
(1102,'S',859,'5949bde320f54b619e572f6a855105b6'),
(1103,'L',224,'5949bde320f54b619e572f6a855105b6'),
(1104,'XL',641,'5949bde320f54b619e572f6a855105b6'),
(1105,'XXL',584,'5949bde320f54b619e572f6a855105b6'),
(1106,'X',698,'5ac2d0a48d1248258e73ae1c9afb2741'),
(1107,'S',863,'5ac2d0a48d1248258e73ae1c9afb2741'),
(1108,'L',358,'5ac2d0a48d1248258e73ae1c9afb2741'),
(1109,'XL',948,'5ac2d0a48d1248258e73ae1c9afb2741'),
(1110,'XXL',169,'5ac2d0a48d1248258e73ae1c9afb2741'),
(1111,'X',939,'5ae0336f690f4276aa531502cc0bcae2'),
(1112,'S',404,'5ae0336f690f4276aa531502cc0bcae2'),
(1113,'L',619,'5ae0336f690f4276aa531502cc0bcae2'),
(1114,'XL',432,'5ae0336f690f4276aa531502cc0bcae2'),
(1115,'XXL',753,'5ae0336f690f4276aa531502cc0bcae2'),
(1116,'X',303,'5ae8e88c80bf4f63af8d8dfa073e55ce'),
(1117,'S',699,'5ae8e88c80bf4f63af8d8dfa073e55ce'),
(1118,'L',659,'5ae8e88c80bf4f63af8d8dfa073e55ce'),
(1119,'XL',833,'5ae8e88c80bf4f63af8d8dfa073e55ce'),
(1120,'XXL',455,'5ae8e88c80bf4f63af8d8dfa073e55ce'),
(1121,'X',529,'5b529a17b3e8414d997915e1b5245697'),
(1122,'S',665,'5b529a17b3e8414d997915e1b5245697'),
(1123,'L',525,'5b529a17b3e8414d997915e1b5245697'),
(1124,'XL',738,'5b529a17b3e8414d997915e1b5245697'),
(1125,'XXL',218,'5b529a17b3e8414d997915e1b5245697'),
(1126,'X',694,'5b8be7d03d6c4332a6fdb56fa5af2ad7'),
(1127,'S',117,'5b8be7d03d6c4332a6fdb56fa5af2ad7'),
(1128,'L',939,'5b8be7d03d6c4332a6fdb56fa5af2ad7'),
(1129,'XL',459,'5b8be7d03d6c4332a6fdb56fa5af2ad7'),
(1130,'XXL',764,'5b8be7d03d6c4332a6fdb56fa5af2ad7'),
(1131,'X',235,'5c703b2c3aa24029857143e06a681915'),
(1132,'S',856,'5c703b2c3aa24029857143e06a681915'),
(1133,'L',331,'5c703b2c3aa24029857143e06a681915'),
(1134,'XL',349,'5c703b2c3aa24029857143e06a681915'),
(1135,'XXL',795,'5c703b2c3aa24029857143e06a681915'),
(1136,'X',337,'5d1baa55fe9547f2bd7d0ec73bb8efe9'),
(1137,'S',459,'5d1baa55fe9547f2bd7d0ec73bb8efe9'),
(1138,'L',697,'5d1baa55fe9547f2bd7d0ec73bb8efe9'),
(1139,'XL',357,'5d1baa55fe9547f2bd7d0ec73bb8efe9'),
(1140,'XXL',745,'5d1baa55fe9547f2bd7d0ec73bb8efe9'),
(1141,'X',357,'5d348d2c3f164f74a54d5e88c8e3c27f'),
(1142,'S',683,'5d348d2c3f164f74a54d5e88c8e3c27f'),
(1143,'L',651,'5d348d2c3f164f74a54d5e88c8e3c27f'),
(1144,'XL',958,'5d348d2c3f164f74a54d5e88c8e3c27f'),
(1145,'XXL',227,'5d348d2c3f164f74a54d5e88c8e3c27f'),
(1146,'X',997,'5d34f763fd984aecb1a3bf2a6b675353'),
(1147,'S',841,'5d34f763fd984aecb1a3bf2a6b675353'),
(1148,'L',167,'5d34f763fd984aecb1a3bf2a6b675353'),
(1149,'XL',830,'5d34f763fd984aecb1a3bf2a6b675353'),
(1150,'XXL',726,'5d34f763fd984aecb1a3bf2a6b675353'),
(1151,'X',176,'5d3e2641f0ef4a5dbd70ffa204bc7de7'),
(1152,'S',419,'5d3e2641f0ef4a5dbd70ffa204bc7de7'),
(1153,'L',603,'5d3e2641f0ef4a5dbd70ffa204bc7de7'),
(1154,'XL',370,'5d3e2641f0ef4a5dbd70ffa204bc7de7'),
(1155,'XXL',320,'5d3e2641f0ef4a5dbd70ffa204bc7de7'),
(1156,'X',416,'5d443ce0772f4dda98e09d23cda67509'),
(1157,'S',274,'5d443ce0772f4dda98e09d23cda67509'),
(1158,'L',280,'5d443ce0772f4dda98e09d23cda67509'),
(1159,'XL',648,'5d443ce0772f4dda98e09d23cda67509'),
(1160,'XXL',456,'5d443ce0772f4dda98e09d23cda67509'),
(1161,'X',496,'5d713001868e4673b80e3c60c7de249a'),
(1162,'S',979,'5d713001868e4673b80e3c60c7de249a'),
(1163,'L',437,'5d713001868e4673b80e3c60c7de249a'),
(1164,'XL',829,'5d713001868e4673b80e3c60c7de249a'),
(1165,'XXL',435,'5d713001868e4673b80e3c60c7de249a'),
(1166,'X',696,'5dbd3205234340e191aeab2408867344'),
(1167,'S',400,'5dbd3205234340e191aeab2408867344'),
(1168,'L',808,'5dbd3205234340e191aeab2408867344'),
(1169,'XL',390,'5dbd3205234340e191aeab2408867344'),
(1170,'XXL',119,'5dbd3205234340e191aeab2408867344'),
(1171,'X',528,'5e7057aa3dea438495ed9e05f4dd6360'),
(1172,'S',817,'5e7057aa3dea438495ed9e05f4dd6360'),
(1173,'L',936,'5e7057aa3dea438495ed9e05f4dd6360'),
(1174,'XL',154,'5e7057aa3dea438495ed9e05f4dd6360'),
(1175,'XXL',736,'5e7057aa3dea438495ed9e05f4dd6360'),
(1176,'X',684,'5f6689b62be6468082da76ca231ac9f8'),
(1177,'S',599,'5f6689b62be6468082da76ca231ac9f8'),
(1178,'L',619,'5f6689b62be6468082da76ca231ac9f8'),
(1179,'XL',920,'5f6689b62be6468082da76ca231ac9f8'),
(1180,'XXL',512,'5f6689b62be6468082da76ca231ac9f8'),
(1181,'X',879,'5fceacd0626e490e9a9b4bb9cad24ace'),
(1182,'S',261,'5fceacd0626e490e9a9b4bb9cad24ace'),
(1183,'L',778,'5fceacd0626e490e9a9b4bb9cad24ace'),
(1184,'XL',303,'5fceacd0626e490e9a9b4bb9cad24ace'),
(1185,'XXL',435,'5fceacd0626e490e9a9b4bb9cad24ace'),
(1186,'X',719,'5fd2619385a9483d9ccc99b569c8f78b'),
(1187,'S',214,'5fd2619385a9483d9ccc99b569c8f78b'),
(1188,'L',667,'5fd2619385a9483d9ccc99b569c8f78b'),
(1189,'XL',448,'5fd2619385a9483d9ccc99b569c8f78b'),
(1190,'XXL',198,'5fd2619385a9483d9ccc99b569c8f78b'),
(1191,'X',134,'60675d843a21478e8f892261ad2b536a'),
(1192,'S',736,'60675d843a21478e8f892261ad2b536a'),
(1193,'L',292,'60675d843a21478e8f892261ad2b536a'),
(1194,'XL',448,'60675d843a21478e8f892261ad2b536a'),
(1195,'XXL',691,'60675d843a21478e8f892261ad2b536a'),
(1196,'X',657,'60841b6d79cf4be9928c553d0e082d75'),
(1197,'S',229,'60841b6d79cf4be9928c553d0e082d75'),
(1198,'L',185,'60841b6d79cf4be9928c553d0e082d75'),
(1199,'XL',145,'60841b6d79cf4be9928c553d0e082d75'),
(1200,'XXL',911,'60841b6d79cf4be9928c553d0e082d75'),
(1201,'X',108,'619c43d4e23d4b8cb6a590011ce00ec8'),
(1202,'S',335,'619c43d4e23d4b8cb6a590011ce00ec8'),
(1203,'L',714,'619c43d4e23d4b8cb6a590011ce00ec8'),
(1204,'XL',677,'619c43d4e23d4b8cb6a590011ce00ec8'),
(1205,'XXL',493,'619c43d4e23d4b8cb6a590011ce00ec8'),
(1206,'X',139,'61d78cd647544337ab57cb08ef6ad2df'),
(1207,'S',538,'61d78cd647544337ab57cb08ef6ad2df'),
(1208,'L',754,'61d78cd647544337ab57cb08ef6ad2df'),
(1209,'XL',187,'61d78cd647544337ab57cb08ef6ad2df'),
(1210,'XXL',505,'61d78cd647544337ab57cb08ef6ad2df'),
(1211,'X',681,'620492f4afe64bfc9e25f1e7f5798af5'),
(1212,'S',439,'620492f4afe64bfc9e25f1e7f5798af5'),
(1213,'L',831,'620492f4afe64bfc9e25f1e7f5798af5'),
(1214,'XL',564,'620492f4afe64bfc9e25f1e7f5798af5'),
(1215,'XXL',495,'620492f4afe64bfc9e25f1e7f5798af5'),
(1216,'X',170,'6322d15c4757402e85d2f47fadd682e2'),
(1217,'S',657,'6322d15c4757402e85d2f47fadd682e2'),
(1218,'L',791,'6322d15c4757402e85d2f47fadd682e2'),
(1219,'XL',565,'6322d15c4757402e85d2f47fadd682e2'),
(1220,'XXL',451,'6322d15c4757402e85d2f47fadd682e2'),
(1221,'X',660,'6385114eb1f643d08b13ac9c5170c53b'),
(1222,'S',630,'6385114eb1f643d08b13ac9c5170c53b'),
(1223,'L',772,'6385114eb1f643d08b13ac9c5170c53b'),
(1224,'XL',699,'6385114eb1f643d08b13ac9c5170c53b'),
(1225,'XXL',133,'6385114eb1f643d08b13ac9c5170c53b'),
(1226,'X',792,'63956685b77b402d82291adb4eb90da4'),
(1227,'S',410,'63956685b77b402d82291adb4eb90da4'),
(1228,'L',260,'63956685b77b402d82291adb4eb90da4'),
(1229,'XL',225,'63956685b77b402d82291adb4eb90da4'),
(1230,'XXL',132,'63956685b77b402d82291adb4eb90da4'),
(1231,'X',234,'64ac4844132e490491173a322e86cfc1'),
(1232,'S',833,'64ac4844132e490491173a322e86cfc1'),
(1233,'L',857,'64ac4844132e490491173a322e86cfc1'),
(1234,'XL',616,'64ac4844132e490491173a322e86cfc1'),
(1235,'XXL',679,'64ac4844132e490491173a322e86cfc1'),
(1236,'X',906,'64c029a8fd2049719a4e623547300ffd'),
(1237,'S',861,'64c029a8fd2049719a4e623547300ffd'),
(1238,'L',307,'64c029a8fd2049719a4e623547300ffd'),
(1239,'XL',465,'64c029a8fd2049719a4e623547300ffd'),
(1240,'XXL',504,'64c029a8fd2049719a4e623547300ffd'),
(1241,'X',714,'6520c99ef5b945ba86633e50663f72b8'),
(1242,'S',361,'6520c99ef5b945ba86633e50663f72b8'),
(1243,'L',173,'6520c99ef5b945ba86633e50663f72b8'),
(1244,'XL',960,'6520c99ef5b945ba86633e50663f72b8'),
(1245,'XXL',108,'6520c99ef5b945ba86633e50663f72b8'),
(1246,'X',398,'6530d0aae6b84910a8c38b89b39a091f'),
(1247,'S',863,'6530d0aae6b84910a8c38b89b39a091f'),
(1248,'L',166,'6530d0aae6b84910a8c38b89b39a091f'),
(1249,'XL',264,'6530d0aae6b84910a8c38b89b39a091f'),
(1250,'XXL',490,'6530d0aae6b84910a8c38b89b39a091f'),
(1251,'X',380,'65d68f7afff5474bbbf4217b284a63e1'),
(1252,'S',438,'65d68f7afff5474bbbf4217b284a63e1'),
(1253,'L',267,'65d68f7afff5474bbbf4217b284a63e1'),
(1254,'XL',565,'65d68f7afff5474bbbf4217b284a63e1'),
(1255,'XXL',502,'65d68f7afff5474bbbf4217b284a63e1'),
(1256,'X',407,'666830051ffa49cc802955013ba4347a'),
(1257,'S',851,'666830051ffa49cc802955013ba4347a'),
(1258,'L',263,'666830051ffa49cc802955013ba4347a'),
(1259,'XL',106,'666830051ffa49cc802955013ba4347a'),
(1260,'XXL',675,'666830051ffa49cc802955013ba4347a'),
(1261,'X',726,'66ad2ef23ed84c57bdde9a0614f1bc15'),
(1262,'S',437,'66ad2ef23ed84c57bdde9a0614f1bc15'),
(1263,'L',887,'66ad2ef23ed84c57bdde9a0614f1bc15'),
(1264,'XL',886,'66ad2ef23ed84c57bdde9a0614f1bc15'),
(1265,'XXL',164,'66ad2ef23ed84c57bdde9a0614f1bc15'),
(1266,'X',235,'67395a73fd914edba690088a30d5ae7e'),
(1267,'S',219,'67395a73fd914edba690088a30d5ae7e'),
(1268,'L',475,'67395a73fd914edba690088a30d5ae7e'),
(1269,'XL',790,'67395a73fd914edba690088a30d5ae7e'),
(1270,'XXL',409,'67395a73fd914edba690088a30d5ae7e'),
(1271,'X',886,'6783866b6cbd4185b721fe4d4294d461'),
(1272,'S',224,'6783866b6cbd4185b721fe4d4294d461'),
(1273,'L',230,'6783866b6cbd4185b721fe4d4294d461'),
(1274,'XL',384,'6783866b6cbd4185b721fe4d4294d461'),
(1275,'XXL',488,'6783866b6cbd4185b721fe4d4294d461'),
(1276,'X',890,'68132a135f8b48f19a87b1e9fd7ef7e5'),
(1277,'S',543,'68132a135f8b48f19a87b1e9fd7ef7e5'),
(1278,'L',743,'68132a135f8b48f19a87b1e9fd7ef7e5'),
(1279,'XL',783,'68132a135f8b48f19a87b1e9fd7ef7e5'),
(1280,'XXL',248,'68132a135f8b48f19a87b1e9fd7ef7e5'),
(1281,'X',272,'684cc444527c410bbb4ac8bb45af4889'),
(1282,'S',253,'684cc444527c410bbb4ac8bb45af4889'),
(1283,'L',315,'684cc444527c410bbb4ac8bb45af4889'),
(1284,'XL',998,'684cc444527c410bbb4ac8bb45af4889'),
(1285,'XXL',989,'684cc444527c410bbb4ac8bb45af4889'),
(1286,'X',849,'696e1ae280644be39d1f2b850889ae5b'),
(1287,'S',416,'696e1ae280644be39d1f2b850889ae5b'),
(1288,'L',415,'696e1ae280644be39d1f2b850889ae5b'),
(1289,'XL',638,'696e1ae280644be39d1f2b850889ae5b'),
(1290,'XXL',491,'696e1ae280644be39d1f2b850889ae5b'),
(1291,'X',713,'697ef95b1b1c4738867c5689d7a8ba28'),
(1292,'S',780,'697ef95b1b1c4738867c5689d7a8ba28'),
(1293,'L',640,'697ef95b1b1c4738867c5689d7a8ba28'),
(1294,'XL',192,'697ef95b1b1c4738867c5689d7a8ba28'),
(1295,'XXL',160,'697ef95b1b1c4738867c5689d7a8ba28'),
(1296,'X',382,'6a33f3cfc5714978adc1222dcdf7fce7'),
(1297,'S',823,'6a33f3cfc5714978adc1222dcdf7fce7'),
(1298,'L',254,'6a33f3cfc5714978adc1222dcdf7fce7'),
(1299,'XL',901,'6a33f3cfc5714978adc1222dcdf7fce7'),
(1300,'XXL',159,'6a33f3cfc5714978adc1222dcdf7fce7'),
(1301,'X',726,'6a75a8dd3c5b475a9e924b950823434f'),
(1302,'S',954,'6a75a8dd3c5b475a9e924b950823434f'),
(1303,'L',535,'6a75a8dd3c5b475a9e924b950823434f'),
(1304,'XL',607,'6a75a8dd3c5b475a9e924b950823434f'),
(1305,'XXL',984,'6a75a8dd3c5b475a9e924b950823434f'),
(1306,'X',103,'6aa2b3d9345c4111ae78518e535df897'),
(1307,'S',996,'6aa2b3d9345c4111ae78518e535df897'),
(1308,'L',969,'6aa2b3d9345c4111ae78518e535df897'),
(1309,'XL',721,'6aa2b3d9345c4111ae78518e535df897'),
(1310,'XXL',808,'6aa2b3d9345c4111ae78518e535df897'),
(1311,'X',876,'6aef6877cc474bd096eea8ba16e92f2a'),
(1312,'S',139,'6aef6877cc474bd096eea8ba16e92f2a'),
(1313,'L',190,'6aef6877cc474bd096eea8ba16e92f2a'),
(1314,'XL',864,'6aef6877cc474bd096eea8ba16e92f2a'),
(1315,'XXL',904,'6aef6877cc474bd096eea8ba16e92f2a'),
(1316,'X',362,'6b36a5370ca14b0680b3056f0f981f37'),
(1317,'S',331,'6b36a5370ca14b0680b3056f0f981f37'),
(1318,'L',806,'6b36a5370ca14b0680b3056f0f981f37'),
(1319,'XL',648,'6b36a5370ca14b0680b3056f0f981f37'),
(1320,'XXL',782,'6b36a5370ca14b0680b3056f0f981f37'),
(1321,'X',707,'6b5a965a74ac4da2910ed2a21feb6236'),
(1322,'S',438,'6b5a965a74ac4da2910ed2a21feb6236'),
(1323,'L',674,'6b5a965a74ac4da2910ed2a21feb6236'),
(1324,'XL',543,'6b5a965a74ac4da2910ed2a21feb6236'),
(1325,'XXL',660,'6b5a965a74ac4da2910ed2a21feb6236'),
(1326,'X',455,'6b8595e9665549998b039177b0c7025d'),
(1327,'S',169,'6b8595e9665549998b039177b0c7025d'),
(1328,'L',538,'6b8595e9665549998b039177b0c7025d'),
(1329,'XL',361,'6b8595e9665549998b039177b0c7025d'),
(1330,'XXL',823,'6b8595e9665549998b039177b0c7025d'),
(1331,'X',506,'6c38011356e347e29f93cd18feb65f31'),
(1332,'S',547,'6c38011356e347e29f93cd18feb65f31'),
(1333,'L',916,'6c38011356e347e29f93cd18feb65f31'),
(1334,'XL',953,'6c38011356e347e29f93cd18feb65f31'),
(1335,'XXL',567,'6c38011356e347e29f93cd18feb65f31'),
(1336,'X',325,'6d1b2795276a4b2885ef678aef9b8b83'),
(1337,'S',363,'6d1b2795276a4b2885ef678aef9b8b83'),
(1338,'L',624,'6d1b2795276a4b2885ef678aef9b8b83'),
(1339,'XL',614,'6d1b2795276a4b2885ef678aef9b8b83'),
(1340,'XXL',194,'6d1b2795276a4b2885ef678aef9b8b83'),
(1341,'X',323,'6d3fdb674db845ddac78e982129ecc46'),
(1342,'S',982,'6d3fdb674db845ddac78e982129ecc46'),
(1343,'L',863,'6d3fdb674db845ddac78e982129ecc46'),
(1344,'XL',155,'6d3fdb674db845ddac78e982129ecc46'),
(1345,'XXL',374,'6d3fdb674db845ddac78e982129ecc46'),
(1346,'X',546,'6d72c09eb0984bd5a831c49680a4a72c'),
(1347,'S',901,'6d72c09eb0984bd5a831c49680a4a72c'),
(1348,'L',728,'6d72c09eb0984bd5a831c49680a4a72c'),
(1349,'XL',270,'6d72c09eb0984bd5a831c49680a4a72c'),
(1350,'XXL',155,'6d72c09eb0984bd5a831c49680a4a72c'),
(1351,'X',803,'6de5f7e4a9ec4346862bd6e98ba8019b'),
(1352,'S',855,'6de5f7e4a9ec4346862bd6e98ba8019b'),
(1353,'L',835,'6de5f7e4a9ec4346862bd6e98ba8019b'),
(1354,'XL',711,'6de5f7e4a9ec4346862bd6e98ba8019b'),
(1355,'XXL',343,'6de5f7e4a9ec4346862bd6e98ba8019b'),
(1356,'X',329,'6e18268714aa4ef3a7f10efa75c8998d'),
(1357,'S',492,'6e18268714aa4ef3a7f10efa75c8998d'),
(1358,'L',394,'6e18268714aa4ef3a7f10efa75c8998d'),
(1359,'XL',157,'6e18268714aa4ef3a7f10efa75c8998d'),
(1360,'XXL',593,'6e18268714aa4ef3a7f10efa75c8998d'),
(1361,'X',925,'6efd7de2dc6e47099facbe711f5f34ad'),
(1362,'S',689,'6efd7de2dc6e47099facbe711f5f34ad'),
(1363,'L',664,'6efd7de2dc6e47099facbe711f5f34ad'),
(1364,'XL',461,'6efd7de2dc6e47099facbe711f5f34ad'),
(1365,'XXL',775,'6efd7de2dc6e47099facbe711f5f34ad'),
(1366,'X',804,'6f274b7cb3df4ee1bc733a8cc2c0c6a4'),
(1367,'S',425,'6f274b7cb3df4ee1bc733a8cc2c0c6a4'),
(1368,'L',483,'6f274b7cb3df4ee1bc733a8cc2c0c6a4'),
(1369,'XL',357,'6f274b7cb3df4ee1bc733a8cc2c0c6a4'),
(1370,'XXL',625,'6f274b7cb3df4ee1bc733a8cc2c0c6a4'),
(1371,'X',622,'6f3ab496e71d4732b55585df278ddb69'),
(1372,'S',133,'6f3ab496e71d4732b55585df278ddb69'),
(1373,'L',365,'6f3ab496e71d4732b55585df278ddb69'),
(1374,'XL',221,'6f3ab496e71d4732b55585df278ddb69'),
(1375,'XXL',775,'6f3ab496e71d4732b55585df278ddb69'),
(1376,'X',234,'6fcc299564994384a4e8d5d2b82603fb'),
(1377,'S',812,'6fcc299564994384a4e8d5d2b82603fb'),
(1378,'L',777,'6fcc299564994384a4e8d5d2b82603fb'),
(1379,'XL',375,'6fcc299564994384a4e8d5d2b82603fb'),
(1380,'XXL',779,'6fcc299564994384a4e8d5d2b82603fb'),
(1381,'X',905,'6fd3c34597fd4c27b5c83872f96141cd'),
(1382,'S',493,'6fd3c34597fd4c27b5c83872f96141cd'),
(1383,'L',678,'6fd3c34597fd4c27b5c83872f96141cd'),
(1384,'XL',155,'6fd3c34597fd4c27b5c83872f96141cd'),
(1385,'XXL',322,'6fd3c34597fd4c27b5c83872f96141cd'),
(1386,'X',746,'712a77fff3804d898975649d4b6f3a68'),
(1387,'S',247,'712a77fff3804d898975649d4b6f3a68'),
(1388,'L',675,'712a77fff3804d898975649d4b6f3a68'),
(1389,'XL',236,'712a77fff3804d898975649d4b6f3a68'),
(1390,'XXL',856,'712a77fff3804d898975649d4b6f3a68'),
(1391,'X',936,'71dc1e9e99e94859beed92b301735f02'),
(1392,'S',354,'71dc1e9e99e94859beed92b301735f02'),
(1393,'L',398,'71dc1e9e99e94859beed92b301735f02'),
(1394,'XL',662,'71dc1e9e99e94859beed92b301735f02'),
(1395,'XXL',281,'71dc1e9e99e94859beed92b301735f02'),
(1396,'X',985,'72836fbcc59d4abca30c2f500fe3331a'),
(1397,'S',485,'72836fbcc59d4abca30c2f500fe3331a'),
(1398,'L',439,'72836fbcc59d4abca30c2f500fe3331a'),
(1399,'XL',995,'72836fbcc59d4abca30c2f500fe3331a'),
(1400,'XXL',972,'72836fbcc59d4abca30c2f500fe3331a'),
(1401,'X',679,'72fa963027dc489aa6e0b265901f6ec4'),
(1402,'S',277,'72fa963027dc489aa6e0b265901f6ec4'),
(1403,'L',330,'72fa963027dc489aa6e0b265901f6ec4'),
(1404,'XL',170,'72fa963027dc489aa6e0b265901f6ec4'),
(1405,'XXL',740,'72fa963027dc489aa6e0b265901f6ec4'),
(1406,'X',290,'731b67ef6d2d4018aca60b5bc589024e'),
(1407,'S',229,'731b67ef6d2d4018aca60b5bc589024e'),
(1408,'L',734,'731b67ef6d2d4018aca60b5bc589024e'),
(1409,'XL',560,'731b67ef6d2d4018aca60b5bc589024e'),
(1410,'XXL',516,'731b67ef6d2d4018aca60b5bc589024e'),
(1411,'X',980,'744afe6f5f544e9baa2a488b0ea5e6aa'),
(1412,'S',737,'744afe6f5f544e9baa2a488b0ea5e6aa'),
(1413,'L',423,'744afe6f5f544e9baa2a488b0ea5e6aa'),
(1414,'XL',688,'744afe6f5f544e9baa2a488b0ea5e6aa'),
(1415,'XXL',472,'744afe6f5f544e9baa2a488b0ea5e6aa'),
(1416,'X',198,'7471e50a72534923a9f8aea6ae29e121'),
(1417,'S',399,'7471e50a72534923a9f8aea6ae29e121'),
(1418,'L',536,'7471e50a72534923a9f8aea6ae29e121'),
(1419,'XL',592,'7471e50a72534923a9f8aea6ae29e121'),
(1420,'XXL',379,'7471e50a72534923a9f8aea6ae29e121'),
(1421,'X',370,'74906e4b7bfd402f9e72c1d022d1731d'),
(1422,'S',285,'74906e4b7bfd402f9e72c1d022d1731d'),
(1423,'L',844,'74906e4b7bfd402f9e72c1d022d1731d'),
(1424,'XL',762,'74906e4b7bfd402f9e72c1d022d1731d'),
(1425,'XXL',707,'74906e4b7bfd402f9e72c1d022d1731d'),
(1426,'X',572,'7491456419e64df9b8a1276ebdb568d8'),
(1427,'S',399,'7491456419e64df9b8a1276ebdb568d8'),
(1428,'L',733,'7491456419e64df9b8a1276ebdb568d8'),
(1429,'XL',278,'7491456419e64df9b8a1276ebdb568d8'),
(1430,'XXL',957,'7491456419e64df9b8a1276ebdb568d8'),
(1431,'X',808,'74992084d8294ca5911faa8b7272998c'),
(1432,'S',709,'74992084d8294ca5911faa8b7272998c'),
(1433,'L',389,'74992084d8294ca5911faa8b7272998c'),
(1434,'XL',960,'74992084d8294ca5911faa8b7272998c'),
(1435,'XXL',212,'74992084d8294ca5911faa8b7272998c'),
(1436,'X',186,'75007dbc9a93403f90cc63ad778a66fa'),
(1437,'S',228,'75007dbc9a93403f90cc63ad778a66fa'),
(1438,'L',999,'75007dbc9a93403f90cc63ad778a66fa'),
(1439,'XL',963,'75007dbc9a93403f90cc63ad778a66fa'),
(1440,'XXL',858,'75007dbc9a93403f90cc63ad778a66fa'),
(1441,'X',476,'753190c23a3148c8bad13f40743c1874'),
(1442,'S',610,'753190c23a3148c8bad13f40743c1874'),
(1443,'L',930,'753190c23a3148c8bad13f40743c1874'),
(1444,'XL',385,'753190c23a3148c8bad13f40743c1874'),
(1445,'XXL',918,'753190c23a3148c8bad13f40743c1874'),
(1446,'X',854,'75532a8ecf2749079924a1d2873085b1'),
(1447,'S',811,'75532a8ecf2749079924a1d2873085b1'),
(1448,'L',448,'75532a8ecf2749079924a1d2873085b1'),
(1449,'XL',478,'75532a8ecf2749079924a1d2873085b1'),
(1450,'XXL',347,'75532a8ecf2749079924a1d2873085b1'),
(1451,'X',581,'759001be625441689e5734eb7353b741'),
(1452,'S',358,'759001be625441689e5734eb7353b741'),
(1453,'L',281,'759001be625441689e5734eb7353b741'),
(1454,'XL',989,'759001be625441689e5734eb7353b741'),
(1455,'XXL',349,'759001be625441689e5734eb7353b741'),
(1456,'X',501,'75b158f2cccd4be7857b62fd2e04e7b1'),
(1457,'S',435,'75b158f2cccd4be7857b62fd2e04e7b1'),
(1458,'L',308,'75b158f2cccd4be7857b62fd2e04e7b1'),
(1459,'XL',290,'75b158f2cccd4be7857b62fd2e04e7b1'),
(1460,'XXL',839,'75b158f2cccd4be7857b62fd2e04e7b1'),
(1461,'X',385,'76202ae3f5a94d5490c8e5a5fcac636e'),
(1462,'S',899,'76202ae3f5a94d5490c8e5a5fcac636e'),
(1463,'L',982,'76202ae3f5a94d5490c8e5a5fcac636e'),
(1464,'XL',640,'76202ae3f5a94d5490c8e5a5fcac636e'),
(1465,'XXL',144,'76202ae3f5a94d5490c8e5a5fcac636e'),
(1466,'X',549,'76322ef7c9ce4713a761d928eeb3a909'),
(1467,'S',147,'76322ef7c9ce4713a761d928eeb3a909'),
(1468,'L',994,'76322ef7c9ce4713a761d928eeb3a909'),
(1469,'XL',851,'76322ef7c9ce4713a761d928eeb3a909'),
(1470,'XXL',585,'76322ef7c9ce4713a761d928eeb3a909'),
(1471,'X',788,'7675687906c041dfa071db88b127cde0'),
(1472,'S',450,'7675687906c041dfa071db88b127cde0'),
(1473,'L',895,'7675687906c041dfa071db88b127cde0'),
(1474,'XL',280,'7675687906c041dfa071db88b127cde0'),
(1475,'XXL',107,'7675687906c041dfa071db88b127cde0'),
(1476,'X',878,'77165ecff0474d2b93115a228274d5d8'),
(1477,'S',872,'77165ecff0474d2b93115a228274d5d8'),
(1478,'L',704,'77165ecff0474d2b93115a228274d5d8'),
(1479,'XL',523,'77165ecff0474d2b93115a228274d5d8'),
(1480,'XXL',907,'77165ecff0474d2b93115a228274d5d8'),
(1481,'X',901,'781fe7ced597457b8d72fe66acf21c93'),
(1482,'S',425,'781fe7ced597457b8d72fe66acf21c93'),
(1483,'L',416,'781fe7ced597457b8d72fe66acf21c93'),
(1484,'XL',428,'781fe7ced597457b8d72fe66acf21c93'),
(1485,'XXL',603,'781fe7ced597457b8d72fe66acf21c93'),
(1486,'X',820,'798be56aa3314669bd56239f21bcf0ab'),
(1487,'S',940,'798be56aa3314669bd56239f21bcf0ab'),
(1488,'L',635,'798be56aa3314669bd56239f21bcf0ab'),
(1489,'XL',914,'798be56aa3314669bd56239f21bcf0ab'),
(1490,'XXL',142,'798be56aa3314669bd56239f21bcf0ab'),
(1491,'X',605,'79d855d48b7c4b1184def6eb2fe60468'),
(1492,'S',670,'79d855d48b7c4b1184def6eb2fe60468'),
(1493,'L',909,'79d855d48b7c4b1184def6eb2fe60468'),
(1494,'XL',925,'79d855d48b7c4b1184def6eb2fe60468'),
(1495,'XXL',288,'79d855d48b7c4b1184def6eb2fe60468'),
(1496,'X',878,'7a2fd75546a6418eb9d05878039b30f9'),
(1497,'S',838,'7a2fd75546a6418eb9d05878039b30f9'),
(1498,'L',106,'7a2fd75546a6418eb9d05878039b30f9'),
(1499,'XL',395,'7a2fd75546a6418eb9d05878039b30f9'),
(1500,'XXL',632,'7a2fd75546a6418eb9d05878039b30f9'),
(1501,'X',392,'7a688a89db0244f18a67f1aa5784f6ef'),
(1502,'S',344,'7a688a89db0244f18a67f1aa5784f6ef'),
(1503,'L',338,'7a688a89db0244f18a67f1aa5784f6ef'),
(1504,'XL',773,'7a688a89db0244f18a67f1aa5784f6ef'),
(1505,'XXL',756,'7a688a89db0244f18a67f1aa5784f6ef'),
(1506,'X',799,'7a97d35c329f4cfaac59a576e3f186e8'),
(1507,'S',910,'7a97d35c329f4cfaac59a576e3f186e8'),
(1508,'L',177,'7a97d35c329f4cfaac59a576e3f186e8'),
(1509,'XL',206,'7a97d35c329f4cfaac59a576e3f186e8'),
(1510,'XXL',315,'7a97d35c329f4cfaac59a576e3f186e8'),
(1511,'X',711,'7ac27724e40e4d18b97175964c853346'),
(1512,'S',769,'7ac27724e40e4d18b97175964c853346'),
(1513,'L',473,'7ac27724e40e4d18b97175964c853346'),
(1514,'XL',996,'7ac27724e40e4d18b97175964c853346'),
(1515,'XXL',623,'7ac27724e40e4d18b97175964c853346'),
(1516,'X',416,'7adc4fb287144c0392466b2760ab3d34'),
(1517,'S',276,'7adc4fb287144c0392466b2760ab3d34'),
(1518,'L',658,'7adc4fb287144c0392466b2760ab3d34'),
(1519,'XL',749,'7adc4fb287144c0392466b2760ab3d34'),
(1520,'XXL',380,'7adc4fb287144c0392466b2760ab3d34'),
(1521,'X',781,'7ae3c1e9beaa4508a2abe770aa7610ec'),
(1522,'S',445,'7ae3c1e9beaa4508a2abe770aa7610ec'),
(1523,'L',832,'7ae3c1e9beaa4508a2abe770aa7610ec'),
(1524,'XL',792,'7ae3c1e9beaa4508a2abe770aa7610ec'),
(1525,'XXL',147,'7ae3c1e9beaa4508a2abe770aa7610ec'),
(1526,'X',702,'7c22dfbc817f4a15b0633a378e89d25f'),
(1527,'S',759,'7c22dfbc817f4a15b0633a378e89d25f'),
(1528,'L',318,'7c22dfbc817f4a15b0633a378e89d25f'),
(1529,'XL',669,'7c22dfbc817f4a15b0633a378e89d25f'),
(1530,'XXL',381,'7c22dfbc817f4a15b0633a378e89d25f'),
(1531,'X',281,'7c5fde09c95544d9938f4c74ab068ac0'),
(1532,'S',649,'7c5fde09c95544d9938f4c74ab068ac0'),
(1533,'L',258,'7c5fde09c95544d9938f4c74ab068ac0'),
(1534,'XL',587,'7c5fde09c95544d9938f4c74ab068ac0'),
(1535,'XXL',565,'7c5fde09c95544d9938f4c74ab068ac0'),
(1536,'X',674,'7c9108506f8e4e73acb1330a97e7bcc7'),
(1537,'S',693,'7c9108506f8e4e73acb1330a97e7bcc7'),
(1538,'L',453,'7c9108506f8e4e73acb1330a97e7bcc7'),
(1539,'XL',203,'7c9108506f8e4e73acb1330a97e7bcc7'),
(1540,'XXL',223,'7c9108506f8e4e73acb1330a97e7bcc7'),
(1541,'X',580,'7ca4a4e2af1240e8ad6aaf5f538a44f8'),
(1542,'S',949,'7ca4a4e2af1240e8ad6aaf5f538a44f8'),
(1543,'L',391,'7ca4a4e2af1240e8ad6aaf5f538a44f8'),
(1544,'XL',742,'7ca4a4e2af1240e8ad6aaf5f538a44f8'),
(1545,'XXL',570,'7ca4a4e2af1240e8ad6aaf5f538a44f8'),
(1546,'X',515,'7cdf886f323547f6b52a22c60d7c96a2'),
(1547,'S',198,'7cdf886f323547f6b52a22c60d7c96a2'),
(1548,'L',615,'7cdf886f323547f6b52a22c60d7c96a2'),
(1549,'XL',663,'7cdf886f323547f6b52a22c60d7c96a2'),
(1550,'XXL',451,'7cdf886f323547f6b52a22c60d7c96a2'),
(1551,'X',752,'7d3d0a4f7cab4adcac30d138fcdb70d7'),
(1552,'S',965,'7d3d0a4f7cab4adcac30d138fcdb70d7'),
(1553,'L',99,'7d3d0a4f7cab4adcac30d138fcdb70d7'),
(1554,'XL',583,'7d3d0a4f7cab4adcac30d138fcdb70d7'),
(1555,'XXL',205,'7d3d0a4f7cab4adcac30d138fcdb70d7'),
(1556,'X',354,'7d407e53de8b45e6adbfee651b94531c'),
(1557,'S',520,'7d407e53de8b45e6adbfee651b94531c'),
(1558,'L',997,'7d407e53de8b45e6adbfee651b94531c'),
(1559,'XL',283,'7d407e53de8b45e6adbfee651b94531c'),
(1560,'XXL',309,'7d407e53de8b45e6adbfee651b94531c'),
(1561,'X',168,'7d6a8278ff274085874b614a6ca055d1'),
(1562,'S',871,'7d6a8278ff274085874b614a6ca055d1'),
(1563,'L',556,'7d6a8278ff274085874b614a6ca055d1'),
(1564,'XL',479,'7d6a8278ff274085874b614a6ca055d1'),
(1565,'XXL',745,'7d6a8278ff274085874b614a6ca055d1'),
(1566,'X',670,'7dccc3ef7a7c4c8c9b29eca8dcb79bab'),
(1567,'S',618,'7dccc3ef7a7c4c8c9b29eca8dcb79bab'),
(1568,'L',201,'7dccc3ef7a7c4c8c9b29eca8dcb79bab'),
(1569,'XL',908,'7dccc3ef7a7c4c8c9b29eca8dcb79bab'),
(1570,'XXL',287,'7dccc3ef7a7c4c8c9b29eca8dcb79bab'),
(1571,'X',257,'7dd8f30346994afc8e4fc8fb8f0e44e2'),
(1572,'S',603,'7dd8f30346994afc8e4fc8fb8f0e44e2'),
(1573,'L',915,'7dd8f30346994afc8e4fc8fb8f0e44e2'),
(1574,'XL',730,'7dd8f30346994afc8e4fc8fb8f0e44e2'),
(1575,'XXL',752,'7dd8f30346994afc8e4fc8fb8f0e44e2'),
(1576,'X',621,'7e2990fed835405493956e344f2b11ab'),
(1577,'S',190,'7e2990fed835405493956e344f2b11ab'),
(1578,'L',433,'7e2990fed835405493956e344f2b11ab'),
(1579,'XL',229,'7e2990fed835405493956e344f2b11ab'),
(1580,'XXL',500,'7e2990fed835405493956e344f2b11ab'),
(1581,'X',731,'7e4a7f94625c459389b5f0da40753f8f'),
(1582,'S',295,'7e4a7f94625c459389b5f0da40753f8f'),
(1583,'L',449,'7e4a7f94625c459389b5f0da40753f8f'),
(1584,'XL',811,'7e4a7f94625c459389b5f0da40753f8f'),
(1585,'XXL',224,'7e4a7f94625c459389b5f0da40753f8f'),
(1586,'X',529,'7fe530fd6d12457d8a0e13c22c8b37a1'),
(1587,'S',407,'7fe530fd6d12457d8a0e13c22c8b37a1'),
(1588,'L',772,'7fe530fd6d12457d8a0e13c22c8b37a1'),
(1589,'XL',215,'7fe530fd6d12457d8a0e13c22c8b37a1'),
(1590,'XXL',894,'7fe530fd6d12457d8a0e13c22c8b37a1'),
(1591,'X',673,'80785ba3e8f84b559079c75c47826795'),
(1592,'S',282,'80785ba3e8f84b559079c75c47826795'),
(1593,'L',679,'80785ba3e8f84b559079c75c47826795'),
(1594,'XL',609,'80785ba3e8f84b559079c75c47826795'),
(1595,'XXL',244,'80785ba3e8f84b559079c75c47826795'),
(1596,'X',909,'809ed8233bc54fde8b23c25b59a7208e'),
(1597,'S',655,'809ed8233bc54fde8b23c25b59a7208e'),
(1598,'L',849,'809ed8233bc54fde8b23c25b59a7208e'),
(1599,'XL',822,'809ed8233bc54fde8b23c25b59a7208e'),
(1600,'XXL',874,'809ed8233bc54fde8b23c25b59a7208e'),
(1601,'X',254,'80f247fb18b04091ac8577709178a23a'),
(1602,'S',410,'80f247fb18b04091ac8577709178a23a'),
(1603,'L',242,'80f247fb18b04091ac8577709178a23a'),
(1604,'XL',808,'80f247fb18b04091ac8577709178a23a'),
(1605,'XXL',582,'80f247fb18b04091ac8577709178a23a'),
(1606,'X',178,'8159ebb60a314b60a0de0f402d86946d'),
(1607,'S',638,'8159ebb60a314b60a0de0f402d86946d'),
(1608,'L',240,'8159ebb60a314b60a0de0f402d86946d'),
(1609,'XL',795,'8159ebb60a314b60a0de0f402d86946d'),
(1610,'XXL',185,'8159ebb60a314b60a0de0f402d86946d'),
(1611,'X',825,'81668a40bcc44c0bb5c14baa0fa6fcce'),
(1612,'S',836,'81668a40bcc44c0bb5c14baa0fa6fcce'),
(1613,'L',528,'81668a40bcc44c0bb5c14baa0fa6fcce'),
(1614,'XL',259,'81668a40bcc44c0bb5c14baa0fa6fcce'),
(1615,'XXL',349,'81668a40bcc44c0bb5c14baa0fa6fcce'),
(1616,'X',793,'817340a0ea48452499d7a246dae3ba09'),
(1617,'S',960,'817340a0ea48452499d7a246dae3ba09'),
(1618,'L',157,'817340a0ea48452499d7a246dae3ba09'),
(1619,'XL',404,'817340a0ea48452499d7a246dae3ba09'),
(1620,'XXL',448,'817340a0ea48452499d7a246dae3ba09'),
(1621,'X',260,'81b5bc76b25e40809e70a51ae2b14627'),
(1622,'S',626,'81b5bc76b25e40809e70a51ae2b14627'),
(1623,'L',271,'81b5bc76b25e40809e70a51ae2b14627'),
(1624,'XL',866,'81b5bc76b25e40809e70a51ae2b14627'),
(1625,'XXL',884,'81b5bc76b25e40809e70a51ae2b14627'),
(1626,'X',573,'82179ea17c2840c18b0ba6eafa3c2b4d'),
(1627,'S',336,'82179ea17c2840c18b0ba6eafa3c2b4d'),
(1628,'L',955,'82179ea17c2840c18b0ba6eafa3c2b4d'),
(1629,'XL',482,'82179ea17c2840c18b0ba6eafa3c2b4d'),
(1630,'XXL',503,'82179ea17c2840c18b0ba6eafa3c2b4d'),
(1631,'X',446,'82b2ce7558a84e099f5812ecd39a7f11'),
(1632,'S',664,'82b2ce7558a84e099f5812ecd39a7f11'),
(1633,'L',886,'82b2ce7558a84e099f5812ecd39a7f11'),
(1634,'XL',665,'82b2ce7558a84e099f5812ecd39a7f11'),
(1635,'XXL',486,'82b2ce7558a84e099f5812ecd39a7f11'),
(1636,'X',735,'82c835a4ba4b424a850814e9f734e770'),
(1637,'S',518,'82c835a4ba4b424a850814e9f734e770'),
(1638,'L',147,'82c835a4ba4b424a850814e9f734e770'),
(1639,'XL',795,'82c835a4ba4b424a850814e9f734e770'),
(1640,'XXL',728,'82c835a4ba4b424a850814e9f734e770'),
(1641,'X',576,'832c43c7c6c949e39c61532000a77f5d'),
(1642,'S',870,'832c43c7c6c949e39c61532000a77f5d'),
(1643,'L',906,'832c43c7c6c949e39c61532000a77f5d'),
(1644,'XL',846,'832c43c7c6c949e39c61532000a77f5d'),
(1645,'XXL',385,'832c43c7c6c949e39c61532000a77f5d'),
(1646,'X',276,'832e957b6d134a048828dc678c68f9d6'),
(1647,'S',643,'832e957b6d134a048828dc678c68f9d6'),
(1648,'L',700,'832e957b6d134a048828dc678c68f9d6'),
(1649,'XL',800,'832e957b6d134a048828dc678c68f9d6'),
(1650,'XXL',727,'832e957b6d134a048828dc678c68f9d6'),
(1651,'X',324,'836ce3f2305d450195f16839c5a24433'),
(1652,'S',380,'836ce3f2305d450195f16839c5a24433'),
(1653,'L',849,'836ce3f2305d450195f16839c5a24433'),
(1654,'XL',483,'836ce3f2305d450195f16839c5a24433'),
(1655,'XXL',938,'836ce3f2305d450195f16839c5a24433'),
(1656,'X',539,'83ee41fdbad442d48c30eb8b8524297e'),
(1657,'S',642,'83ee41fdbad442d48c30eb8b8524297e'),
(1658,'L',809,'83ee41fdbad442d48c30eb8b8524297e'),
(1659,'XL',805,'83ee41fdbad442d48c30eb8b8524297e'),
(1660,'XXL',103,'83ee41fdbad442d48c30eb8b8524297e'),
(1661,'X',141,'83fadf5443aa4bea8acd76bffa0e3e3f'),
(1662,'S',133,'83fadf5443aa4bea8acd76bffa0e3e3f'),
(1663,'L',860,'83fadf5443aa4bea8acd76bffa0e3e3f'),
(1664,'XL',494,'83fadf5443aa4bea8acd76bffa0e3e3f'),
(1665,'XXL',634,'83fadf5443aa4bea8acd76bffa0e3e3f'),
(1666,'X',134,'84734ba568f2440b8edf24d44ca2b26f'),
(1667,'S',209,'84734ba568f2440b8edf24d44ca2b26f'),
(1668,'L',418,'84734ba568f2440b8edf24d44ca2b26f'),
(1669,'XL',987,'84734ba568f2440b8edf24d44ca2b26f'),
(1670,'XXL',509,'84734ba568f2440b8edf24d44ca2b26f'),
(1671,'X',187,'84b667207a5a4609aa43f57402ae1f77'),
(1672,'S',813,'84b667207a5a4609aa43f57402ae1f77'),
(1673,'L',999,'84b667207a5a4609aa43f57402ae1f77'),
(1674,'XL',600,'84b667207a5a4609aa43f57402ae1f77'),
(1675,'XXL',287,'84b667207a5a4609aa43f57402ae1f77'),
(1676,'X',802,'85154484c00d4318a812b4e5c32e2f13'),
(1677,'S',198,'85154484c00d4318a812b4e5c32e2f13'),
(1678,'L',474,'85154484c00d4318a812b4e5c32e2f13'),
(1679,'XL',685,'85154484c00d4318a812b4e5c32e2f13'),
(1680,'XXL',267,'85154484c00d4318a812b4e5c32e2f13'),
(1681,'X',763,'855cadb1de3b4c0991c7d9b6f624c3ab'),
(1682,'S',266,'855cadb1de3b4c0991c7d9b6f624c3ab'),
(1683,'L',129,'855cadb1de3b4c0991c7d9b6f624c3ab'),
(1684,'XL',720,'855cadb1de3b4c0991c7d9b6f624c3ab'),
(1685,'XXL',239,'855cadb1de3b4c0991c7d9b6f624c3ab'),
(1686,'X',437,'85fc10ade5f949c4a3e0504a286e5cda'),
(1687,'S',487,'85fc10ade5f949c4a3e0504a286e5cda'),
(1688,'L',708,'85fc10ade5f949c4a3e0504a286e5cda'),
(1689,'XL',912,'85fc10ade5f949c4a3e0504a286e5cda'),
(1690,'XXL',114,'85fc10ade5f949c4a3e0504a286e5cda'),
(1691,'X',462,'8698e24507594db0940b6a4648265970'),
(1692,'S',985,'8698e24507594db0940b6a4648265970'),
(1693,'L',677,'8698e24507594db0940b6a4648265970'),
(1694,'XL',857,'8698e24507594db0940b6a4648265970'),
(1695,'XXL',898,'8698e24507594db0940b6a4648265970'),
(1696,'X',954,'86bda5dfb2ff4b889aa06ef4a46a2673'),
(1697,'S',669,'86bda5dfb2ff4b889aa06ef4a46a2673'),
(1698,'L',868,'86bda5dfb2ff4b889aa06ef4a46a2673'),
(1699,'XL',467,'86bda5dfb2ff4b889aa06ef4a46a2673'),
(1700,'XXL',854,'86bda5dfb2ff4b889aa06ef4a46a2673'),
(1701,'X',415,'86ff48fe8d694205897ef3f980981af4'),
(1702,'S',982,'86ff48fe8d694205897ef3f980981af4'),
(1703,'L',262,'86ff48fe8d694205897ef3f980981af4'),
(1704,'XL',997,'86ff48fe8d694205897ef3f980981af4'),
(1705,'XXL',864,'86ff48fe8d694205897ef3f980981af4'),
(1706,'X',352,'872c3596cb2b4fac8c38fc14571eaabb'),
(1707,'S',773,'872c3596cb2b4fac8c38fc14571eaabb'),
(1708,'L',496,'872c3596cb2b4fac8c38fc14571eaabb'),
(1709,'XL',418,'872c3596cb2b4fac8c38fc14571eaabb'),
(1710,'XXL',954,'872c3596cb2b4fac8c38fc14571eaabb'),
(1711,'X',167,'87536f39d90a4cb68c41aa9c33a4a3cf'),
(1712,'S',222,'87536f39d90a4cb68c41aa9c33a4a3cf'),
(1713,'L',976,'87536f39d90a4cb68c41aa9c33a4a3cf'),
(1714,'XL',501,'87536f39d90a4cb68c41aa9c33a4a3cf'),
(1715,'XXL',930,'87536f39d90a4cb68c41aa9c33a4a3cf'),
(1716,'X',615,'87586ccc7c324f5db1f0882c41a85da2'),
(1717,'S',715,'87586ccc7c324f5db1f0882c41a85da2'),
(1718,'L',372,'87586ccc7c324f5db1f0882c41a85da2'),
(1719,'XL',949,'87586ccc7c324f5db1f0882c41a85da2'),
(1720,'XXL',455,'87586ccc7c324f5db1f0882c41a85da2'),
(1721,'X',773,'8799071bad76495eaf7746b8e5ec40c6'),
(1722,'S',596,'8799071bad76495eaf7746b8e5ec40c6'),
(1723,'L',208,'8799071bad76495eaf7746b8e5ec40c6'),
(1724,'XL',389,'8799071bad76495eaf7746b8e5ec40c6'),
(1725,'XXL',466,'8799071bad76495eaf7746b8e5ec40c6'),
(1726,'X',658,'87d85c1070b14b9f82d4cfec0f4ef13f'),
(1727,'S',870,'87d85c1070b14b9f82d4cfec0f4ef13f'),
(1728,'L',438,'87d85c1070b14b9f82d4cfec0f4ef13f'),
(1729,'XL',443,'87d85c1070b14b9f82d4cfec0f4ef13f'),
(1730,'XXL',432,'87d85c1070b14b9f82d4cfec0f4ef13f'),
(1731,'X',893,'88313187a475495385d3be9c6ea050c7'),
(1732,'S',596,'88313187a475495385d3be9c6ea050c7'),
(1733,'L',151,'88313187a475495385d3be9c6ea050c7'),
(1734,'XL',881,'88313187a475495385d3be9c6ea050c7'),
(1735,'XXL',290,'88313187a475495385d3be9c6ea050c7'),
(1736,'X',539,'88e610cb226243509984a170cc4fab89'),
(1737,'S',523,'88e610cb226243509984a170cc4fab89'),
(1738,'L',255,'88e610cb226243509984a170cc4fab89'),
(1739,'XL',887,'88e610cb226243509984a170cc4fab89'),
(1740,'XXL',352,'88e610cb226243509984a170cc4fab89'),
(1741,'X',357,'89681db0328d4b7095c8060f4b337fb5'),
(1742,'S',822,'89681db0328d4b7095c8060f4b337fb5'),
(1743,'L',614,'89681db0328d4b7095c8060f4b337fb5'),
(1744,'XL',478,'89681db0328d4b7095c8060f4b337fb5'),
(1745,'XXL',252,'89681db0328d4b7095c8060f4b337fb5'),
(1746,'X',202,'8a997a83847740ec8bd2835557edc01c'),
(1747,'S',553,'8a997a83847740ec8bd2835557edc01c'),
(1748,'L',527,'8a997a83847740ec8bd2835557edc01c'),
(1749,'XL',265,'8a997a83847740ec8bd2835557edc01c'),
(1750,'XXL',321,'8a997a83847740ec8bd2835557edc01c'),
(1751,'X',233,'8ac8a065a7cc43a884c2e22f7fa01d7c'),
(1752,'S',503,'8ac8a065a7cc43a884c2e22f7fa01d7c'),
(1753,'L',355,'8ac8a065a7cc43a884c2e22f7fa01d7c'),
(1754,'XL',925,'8ac8a065a7cc43a884c2e22f7fa01d7c'),
(1755,'XXL',383,'8ac8a065a7cc43a884c2e22f7fa01d7c'),
(1756,'X',294,'8b56fd6187db4de7aec2e1c341caef32'),
(1757,'S',394,'8b56fd6187db4de7aec2e1c341caef32'),
(1758,'L',821,'8b56fd6187db4de7aec2e1c341caef32'),
(1759,'XL',841,'8b56fd6187db4de7aec2e1c341caef32'),
(1760,'XXL',828,'8b56fd6187db4de7aec2e1c341caef32'),
(1761,'X',410,'8b84b53cedd84a5190b31a76ad09fdb7'),
(1762,'S',656,'8b84b53cedd84a5190b31a76ad09fdb7'),
(1763,'L',770,'8b84b53cedd84a5190b31a76ad09fdb7'),
(1764,'XL',710,'8b84b53cedd84a5190b31a76ad09fdb7'),
(1765,'XXL',418,'8b84b53cedd84a5190b31a76ad09fdb7'),
(1766,'X',690,'8c3a8f70a2fb4972a537a9a604394c2b'),
(1767,'S',794,'8c3a8f70a2fb4972a537a9a604394c2b'),
(1768,'L',389,'8c3a8f70a2fb4972a537a9a604394c2b'),
(1769,'XL',365,'8c3a8f70a2fb4972a537a9a604394c2b'),
(1770,'XXL',694,'8c3a8f70a2fb4972a537a9a604394c2b'),
(1771,'X',385,'8c3b2d63cb824403af7e1c0865b22a11'),
(1772,'S',123,'8c3b2d63cb824403af7e1c0865b22a11'),
(1773,'L',232,'8c3b2d63cb824403af7e1c0865b22a11'),
(1774,'XL',277,'8c3b2d63cb824403af7e1c0865b22a11'),
(1775,'XXL',985,'8c3b2d63cb824403af7e1c0865b22a11'),
(1776,'X',677,'8c3b6369284641878ea02584444cc252'),
(1777,'S',914,'8c3b6369284641878ea02584444cc252'),
(1778,'L',470,'8c3b6369284641878ea02584444cc252'),
(1779,'XL',863,'8c3b6369284641878ea02584444cc252'),
(1780,'XXL',645,'8c3b6369284641878ea02584444cc252'),
(1781,'X',209,'8e0774f9f94344b48f349a9c6775d153'),
(1782,'S',569,'8e0774f9f94344b48f349a9c6775d153'),
(1783,'L',634,'8e0774f9f94344b48f349a9c6775d153'),
(1784,'XL',288,'8e0774f9f94344b48f349a9c6775d153'),
(1785,'XXL',679,'8e0774f9f94344b48f349a9c6775d153'),
(1786,'X',940,'8e154c3ff91546109c5db98487c35254'),
(1787,'S',932,'8e154c3ff91546109c5db98487c35254'),
(1788,'L',919,'8e154c3ff91546109c5db98487c35254'),
(1789,'XL',650,'8e154c3ff91546109c5db98487c35254'),
(1790,'XXL',752,'8e154c3ff91546109c5db98487c35254'),
(1791,'X',144,'8e3f92f4131e4b029b162b900daad449'),
(1792,'S',469,'8e3f92f4131e4b029b162b900daad449'),
(1793,'L',334,'8e3f92f4131e4b029b162b900daad449'),
(1794,'XL',921,'8e3f92f4131e4b029b162b900daad449'),
(1795,'XXL',558,'8e3f92f4131e4b029b162b900daad449'),
(1796,'X',769,'8e44abb266a24f6890f43c744971b4c0'),
(1797,'S',306,'8e44abb266a24f6890f43c744971b4c0'),
(1798,'L',331,'8e44abb266a24f6890f43c744971b4c0'),
(1799,'XL',521,'8e44abb266a24f6890f43c744971b4c0'),
(1800,'XXL',426,'8e44abb266a24f6890f43c744971b4c0'),
(1801,'X',482,'8e73e916b81846588c20fba6e3eb5bee'),
(1802,'S',233,'8e73e916b81846588c20fba6e3eb5bee'),
(1803,'L',483,'8e73e916b81846588c20fba6e3eb5bee'),
(1804,'XL',747,'8e73e916b81846588c20fba6e3eb5bee'),
(1805,'XXL',405,'8e73e916b81846588c20fba6e3eb5bee'),
(1806,'X',313,'8e9191a1175a4c8f926edb80b4768ce9'),
(1807,'S',329,'8e9191a1175a4c8f926edb80b4768ce9'),
(1808,'L',342,'8e9191a1175a4c8f926edb80b4768ce9'),
(1809,'XL',421,'8e9191a1175a4c8f926edb80b4768ce9'),
(1810,'XXL',656,'8e9191a1175a4c8f926edb80b4768ce9'),
(1811,'X',987,'8e98a61cabdb4c19a7a7a32e58d01590'),
(1812,'S',841,'8e98a61cabdb4c19a7a7a32e58d01590'),
(1813,'L',121,'8e98a61cabdb4c19a7a7a32e58d01590'),
(1814,'XL',850,'8e98a61cabdb4c19a7a7a32e58d01590'),
(1815,'XXL',306,'8e98a61cabdb4c19a7a7a32e58d01590'),
(1816,'X',373,'8fc96c2392854d639672847c2d7f049f'),
(1817,'S',551,'8fc96c2392854d639672847c2d7f049f'),
(1818,'L',415,'8fc96c2392854d639672847c2d7f049f'),
(1819,'XL',547,'8fc96c2392854d639672847c2d7f049f'),
(1820,'XXL',944,'8fc96c2392854d639672847c2d7f049f'),
(1821,'X',347,'90507ee2c4a54af7b12c1fef205439a4'),
(1822,'S',837,'90507ee2c4a54af7b12c1fef205439a4'),
(1823,'L',510,'90507ee2c4a54af7b12c1fef205439a4'),
(1824,'XL',845,'90507ee2c4a54af7b12c1fef205439a4'),
(1825,'XXL',536,'90507ee2c4a54af7b12c1fef205439a4'),
(1826,'X',763,'91015a4cc3474eb8831ef6c4fe3dc671'),
(1827,'S',828,'91015a4cc3474eb8831ef6c4fe3dc671'),
(1828,'L',251,'91015a4cc3474eb8831ef6c4fe3dc671'),
(1829,'XL',924,'91015a4cc3474eb8831ef6c4fe3dc671'),
(1830,'XXL',547,'91015a4cc3474eb8831ef6c4fe3dc671'),
(1831,'X',668,'9152599ca3e44990badeef428ee0ed7e'),
(1832,'S',995,'9152599ca3e44990badeef428ee0ed7e'),
(1833,'L',926,'9152599ca3e44990badeef428ee0ed7e'),
(1834,'XL',453,'9152599ca3e44990badeef428ee0ed7e'),
(1835,'XXL',468,'9152599ca3e44990badeef428ee0ed7e'),
(1836,'X',216,'9217a589913c4d23a9077f6c3887a53d'),
(1837,'S',871,'9217a589913c4d23a9077f6c3887a53d'),
(1838,'L',701,'9217a589913c4d23a9077f6c3887a53d'),
(1839,'XL',877,'9217a589913c4d23a9077f6c3887a53d'),
(1840,'XXL',811,'9217a589913c4d23a9077f6c3887a53d'),
(1841,'X',957,'92262d91b8524279b4fb3174a3a29ef1'),
(1842,'S',545,'92262d91b8524279b4fb3174a3a29ef1'),
(1843,'L',516,'92262d91b8524279b4fb3174a3a29ef1'),
(1844,'XL',443,'92262d91b8524279b4fb3174a3a29ef1'),
(1845,'XXL',387,'92262d91b8524279b4fb3174a3a29ef1'),
(1846,'X',933,'92550b7a03da4a7b8fb6048f454eea54'),
(1847,'S',974,'92550b7a03da4a7b8fb6048f454eea54'),
(1848,'L',123,'92550b7a03da4a7b8fb6048f454eea54'),
(1849,'XL',101,'92550b7a03da4a7b8fb6048f454eea54'),
(1850,'XXL',201,'92550b7a03da4a7b8fb6048f454eea54'),
(1851,'X',255,'929bf1eb44374c5a8fc0c794fe1a51b7'),
(1852,'S',933,'929bf1eb44374c5a8fc0c794fe1a51b7'),
(1853,'L',685,'929bf1eb44374c5a8fc0c794fe1a51b7'),
(1854,'XL',242,'929bf1eb44374c5a8fc0c794fe1a51b7'),
(1855,'XXL',927,'929bf1eb44374c5a8fc0c794fe1a51b7'),
(1856,'X',686,'932cbf370695408abf0c1de0889976d9'),
(1857,'S',622,'932cbf370695408abf0c1de0889976d9'),
(1858,'L',436,'932cbf370695408abf0c1de0889976d9'),
(1859,'XL',934,'932cbf370695408abf0c1de0889976d9'),
(1860,'XXL',411,'932cbf370695408abf0c1de0889976d9'),
(1861,'X',549,'93e55d30395c42ffbb3615f12a555b59'),
(1862,'S',964,'93e55d30395c42ffbb3615f12a555b59'),
(1863,'L',988,'93e55d30395c42ffbb3615f12a555b59'),
(1864,'XL',854,'93e55d30395c42ffbb3615f12a555b59'),
(1865,'XXL',249,'93e55d30395c42ffbb3615f12a555b59'),
(1866,'X',149,'945581ac38574b60a682c60f541002fb'),
(1867,'S',532,'945581ac38574b60a682c60f541002fb'),
(1868,'L',836,'945581ac38574b60a682c60f541002fb'),
(1869,'XL',531,'945581ac38574b60a682c60f541002fb'),
(1870,'XXL',904,'945581ac38574b60a682c60f541002fb'),
(1871,'X',685,'9484e63fc8864cfbb0ae3e89acc32a8a'),
(1872,'S',370,'9484e63fc8864cfbb0ae3e89acc32a8a'),
(1873,'L',531,'9484e63fc8864cfbb0ae3e89acc32a8a'),
(1874,'XL',829,'9484e63fc8864cfbb0ae3e89acc32a8a'),
(1875,'XXL',158,'9484e63fc8864cfbb0ae3e89acc32a8a'),
(1876,'X',168,'969e7321bc44400db02a51b45b819ff1'),
(1877,'S',185,'969e7321bc44400db02a51b45b819ff1'),
(1878,'L',112,'969e7321bc44400db02a51b45b819ff1'),
(1879,'XL',447,'969e7321bc44400db02a51b45b819ff1'),
(1880,'XXL',743,'969e7321bc44400db02a51b45b819ff1'),
(1881,'X',337,'9739cb477acc4c3db25d76e47b71d979'),
(1882,'S',656,'9739cb477acc4c3db25d76e47b71d979'),
(1883,'L',930,'9739cb477acc4c3db25d76e47b71d979'),
(1884,'XL',530,'9739cb477acc4c3db25d76e47b71d979'),
(1885,'XXL',583,'9739cb477acc4c3db25d76e47b71d979'),
(1886,'X',843,'97debf29f224402fbc4b87cf2cf3a098'),
(1887,'S',132,'97debf29f224402fbc4b87cf2cf3a098'),
(1888,'L',821,'97debf29f224402fbc4b87cf2cf3a098'),
(1889,'XL',169,'97debf29f224402fbc4b87cf2cf3a098'),
(1890,'XXL',896,'97debf29f224402fbc4b87cf2cf3a098'),
(1891,'X',207,'98334c0c54f24e40b3726d48f7647cc9'),
(1892,'S',566,'98334c0c54f24e40b3726d48f7647cc9'),
(1893,'L',728,'98334c0c54f24e40b3726d48f7647cc9'),
(1894,'XL',291,'98334c0c54f24e40b3726d48f7647cc9'),
(1895,'XXL',662,'98334c0c54f24e40b3726d48f7647cc9'),
(1896,'X',919,'987c22fc710949b2bb54a84fed0e94a6'),
(1897,'S',733,'987c22fc710949b2bb54a84fed0e94a6'),
(1898,'L',858,'987c22fc710949b2bb54a84fed0e94a6'),
(1899,'XL',905,'987c22fc710949b2bb54a84fed0e94a6'),
(1900,'XXL',110,'987c22fc710949b2bb54a84fed0e94a6'),
(1901,'X',288,'9906e27178894e10a6ba0a35e09047bf'),
(1902,'S',703,'9906e27178894e10a6ba0a35e09047bf'),
(1903,'L',350,'9906e27178894e10a6ba0a35e09047bf'),
(1904,'XL',405,'9906e27178894e10a6ba0a35e09047bf'),
(1905,'XXL',699,'9906e27178894e10a6ba0a35e09047bf'),
(1906,'X',834,'99ac7c8eb1074b8a82ccd69c31cf9015'),
(1907,'S',460,'99ac7c8eb1074b8a82ccd69c31cf9015'),
(1908,'L',172,'99ac7c8eb1074b8a82ccd69c31cf9015'),
(1909,'XL',530,'99ac7c8eb1074b8a82ccd69c31cf9015'),
(1910,'XXL',207,'99ac7c8eb1074b8a82ccd69c31cf9015'),
(1911,'X',312,'9a0359814d4946278110527c6304f271'),
(1912,'S',959,'9a0359814d4946278110527c6304f271'),
(1913,'L',657,'9a0359814d4946278110527c6304f271'),
(1914,'XL',387,'9a0359814d4946278110527c6304f271'),
(1915,'XXL',147,'9a0359814d4946278110527c6304f271'),
(1916,'X',811,'9a136c3846a94a3e882f483673600cb4'),
(1917,'S',106,'9a136c3846a94a3e882f483673600cb4'),
(1918,'L',355,'9a136c3846a94a3e882f483673600cb4'),
(1919,'XL',604,'9a136c3846a94a3e882f483673600cb4'),
(1920,'XXL',590,'9a136c3846a94a3e882f483673600cb4'),
(1921,'X',376,'9ad69ec67146448590847a5451ae5852'),
(1922,'S',542,'9ad69ec67146448590847a5451ae5852'),
(1923,'L',549,'9ad69ec67146448590847a5451ae5852'),
(1924,'XL',405,'9ad69ec67146448590847a5451ae5852'),
(1925,'XXL',757,'9ad69ec67146448590847a5451ae5852'),
(1926,'X',392,'9aee8f5eba5a4061bf962b06e9b0108f'),
(1927,'S',805,'9aee8f5eba5a4061bf962b06e9b0108f'),
(1928,'L',599,'9aee8f5eba5a4061bf962b06e9b0108f'),
(1929,'XL',993,'9aee8f5eba5a4061bf962b06e9b0108f'),
(1930,'XXL',753,'9aee8f5eba5a4061bf962b06e9b0108f'),
(1931,'X',837,'9b1683aeb86d4987846744b7f4e5eb3c'),
(1932,'S',801,'9b1683aeb86d4987846744b7f4e5eb3c'),
(1933,'L',436,'9b1683aeb86d4987846744b7f4e5eb3c'),
(1934,'XL',180,'9b1683aeb86d4987846744b7f4e5eb3c'),
(1935,'XXL',164,'9b1683aeb86d4987846744b7f4e5eb3c'),
(1936,'X',280,'9b32e809c3d749b0b29ede1352a11ab0'),
(1937,'S',844,'9b32e809c3d749b0b29ede1352a11ab0'),
(1938,'L',326,'9b32e809c3d749b0b29ede1352a11ab0'),
(1939,'XL',506,'9b32e809c3d749b0b29ede1352a11ab0'),
(1940,'XXL',180,'9b32e809c3d749b0b29ede1352a11ab0'),
(1941,'X',396,'9b990d5c6cbf497ab4616bef3a3a40d2'),
(1942,'S',914,'9b990d5c6cbf497ab4616bef3a3a40d2'),
(1943,'L',947,'9b990d5c6cbf497ab4616bef3a3a40d2'),
(1944,'XL',825,'9b990d5c6cbf497ab4616bef3a3a40d2'),
(1945,'XXL',592,'9b990d5c6cbf497ab4616bef3a3a40d2'),
(1946,'X',120,'9bd9d9b8323d499aa681d5ad37b1505b'),
(1947,'S',226,'9bd9d9b8323d499aa681d5ad37b1505b'),
(1948,'L',661,'9bd9d9b8323d499aa681d5ad37b1505b'),
(1949,'XL',431,'9bd9d9b8323d499aa681d5ad37b1505b'),
(1950,'XXL',212,'9bd9d9b8323d499aa681d5ad37b1505b'),
(1951,'X',794,'9c030fddf79d4edc8f70ec40a97a54b0'),
(1952,'S',331,'9c030fddf79d4edc8f70ec40a97a54b0'),
(1953,'L',223,'9c030fddf79d4edc8f70ec40a97a54b0'),
(1954,'XL',377,'9c030fddf79d4edc8f70ec40a97a54b0'),
(1955,'XXL',308,'9c030fddf79d4edc8f70ec40a97a54b0'),
(1956,'X',415,'9c80f8fc9f79426780d17be4c5c897c9'),
(1957,'S',953,'9c80f8fc9f79426780d17be4c5c897c9'),
(1958,'L',817,'9c80f8fc9f79426780d17be4c5c897c9'),
(1959,'XL',885,'9c80f8fc9f79426780d17be4c5c897c9'),
(1960,'XXL',947,'9c80f8fc9f79426780d17be4c5c897c9'),
(1961,'X',337,'9ca23e19b7fc499093a4841b075a2c76'),
(1962,'S',547,'9ca23e19b7fc499093a4841b075a2c76'),
(1963,'L',705,'9ca23e19b7fc499093a4841b075a2c76'),
(1964,'XL',890,'9ca23e19b7fc499093a4841b075a2c76'),
(1965,'XXL',479,'9ca23e19b7fc499093a4841b075a2c76'),
(1966,'X',140,'9d29f422c5824945a89de678271f1a14'),
(1967,'S',376,'9d29f422c5824945a89de678271f1a14'),
(1968,'L',801,'9d29f422c5824945a89de678271f1a14'),
(1969,'XL',243,'9d29f422c5824945a89de678271f1a14'),
(1970,'XXL',867,'9d29f422c5824945a89de678271f1a14'),
(1971,'X',376,'9d6a720480424703b77bd8c10139817a'),
(1972,'S',278,'9d6a720480424703b77bd8c10139817a'),
(1973,'L',538,'9d6a720480424703b77bd8c10139817a'),
(1974,'XL',930,'9d6a720480424703b77bd8c10139817a'),
(1975,'XXL',483,'9d6a720480424703b77bd8c10139817a'),
(1976,'X',151,'9d764872109040738d74e91f543dd96e'),
(1977,'S',154,'9d764872109040738d74e91f543dd96e'),
(1978,'L',123,'9d764872109040738d74e91f543dd96e'),
(1979,'XL',708,'9d764872109040738d74e91f543dd96e'),
(1980,'XXL',362,'9d764872109040738d74e91f543dd96e'),
(1981,'X',720,'9d8c3db006f54f1baad49449f27901ba'),
(1982,'S',388,'9d8c3db006f54f1baad49449f27901ba'),
(1983,'L',786,'9d8c3db006f54f1baad49449f27901ba'),
(1984,'XL',825,'9d8c3db006f54f1baad49449f27901ba'),
(1985,'XXL',735,'9d8c3db006f54f1baad49449f27901ba'),
(1986,'X',616,'9e2c6db6916148af80c95c3e2679f0c0'),
(1987,'S',811,'9e2c6db6916148af80c95c3e2679f0c0'),
(1988,'L',541,'9e2c6db6916148af80c95c3e2679f0c0'),
(1989,'XL',288,'9e2c6db6916148af80c95c3e2679f0c0'),
(1990,'XXL',391,'9e2c6db6916148af80c95c3e2679f0c0'),
(1991,'X',787,'9e87789ed8dc468d82ba3c07c838db5d'),
(1992,'S',518,'9e87789ed8dc468d82ba3c07c838db5d'),
(1993,'L',452,'9e87789ed8dc468d82ba3c07c838db5d'),
(1994,'XL',285,'9e87789ed8dc468d82ba3c07c838db5d'),
(1995,'XXL',101,'9e87789ed8dc468d82ba3c07c838db5d'),
(1996,'X',527,'9eebc3912655403b825babb2d2d80d15'),
(1997,'S',991,'9eebc3912655403b825babb2d2d80d15'),
(1998,'L',617,'9eebc3912655403b825babb2d2d80d15'),
(1999,'XL',781,'9eebc3912655403b825babb2d2d80d15'),
(2000,'XXL',297,'9eebc3912655403b825babb2d2d80d15'),
(2001,'X',408,'9f14244d3f144d7ca1f5502ecbd77fd7'),
(2002,'S',580,'9f14244d3f144d7ca1f5502ecbd77fd7'),
(2003,'L',803,'9f14244d3f144d7ca1f5502ecbd77fd7'),
(2004,'XL',344,'9f14244d3f144d7ca1f5502ecbd77fd7'),
(2005,'XXL',730,'9f14244d3f144d7ca1f5502ecbd77fd7'),
(2006,'X',566,'9f41e500c4714469b76e9797e95493d2'),
(2007,'S',750,'9f41e500c4714469b76e9797e95493d2'),
(2008,'L',380,'9f41e500c4714469b76e9797e95493d2'),
(2009,'XL',987,'9f41e500c4714469b76e9797e95493d2'),
(2010,'XXL',475,'9f41e500c4714469b76e9797e95493d2'),
(2011,'X',666,'9f65f7225c6e48929bc89246e6a16e74'),
(2012,'S',697,'9f65f7225c6e48929bc89246e6a16e74'),
(2013,'L',503,'9f65f7225c6e48929bc89246e6a16e74'),
(2014,'XL',742,'9f65f7225c6e48929bc89246e6a16e74'),
(2015,'XXL',684,'9f65f7225c6e48929bc89246e6a16e74'),
(2016,'X',145,'9f771731623b4b14a0c1a6b6ca36402d'),
(2017,'S',414,'9f771731623b4b14a0c1a6b6ca36402d'),
(2018,'L',748,'9f771731623b4b14a0c1a6b6ca36402d'),
(2019,'XL',524,'9f771731623b4b14a0c1a6b6ca36402d'),
(2020,'XXL',557,'9f771731623b4b14a0c1a6b6ca36402d'),
(2021,'X',568,'a02d8bbb42dc46689b175b759c28bf02'),
(2022,'S',266,'a02d8bbb42dc46689b175b759c28bf02'),
(2023,'L',887,'a02d8bbb42dc46689b175b759c28bf02'),
(2024,'XL',357,'a02d8bbb42dc46689b175b759c28bf02'),
(2025,'XXL',997,'a02d8bbb42dc46689b175b759c28bf02'),
(2026,'X',528,'a0302aeda65347ce83e06839e2cc36fb'),
(2027,'S',307,'a0302aeda65347ce83e06839e2cc36fb'),
(2028,'L',246,'a0302aeda65347ce83e06839e2cc36fb'),
(2029,'XL',542,'a0302aeda65347ce83e06839e2cc36fb'),
(2030,'XXL',192,'a0302aeda65347ce83e06839e2cc36fb'),
(2031,'X',442,'a081993dfceb44c9b2dc951dcc3321d5'),
(2032,'S',726,'a081993dfceb44c9b2dc951dcc3321d5'),
(2033,'L',104,'a081993dfceb44c9b2dc951dcc3321d5'),
(2034,'XL',230,'a081993dfceb44c9b2dc951dcc3321d5'),
(2035,'XXL',934,'a081993dfceb44c9b2dc951dcc3321d5'),
(2036,'X',286,'a09639cbf8514672b2ef35c5d63555f9'),
(2037,'S',357,'a09639cbf8514672b2ef35c5d63555f9'),
(2038,'L',334,'a09639cbf8514672b2ef35c5d63555f9'),
(2039,'XL',827,'a09639cbf8514672b2ef35c5d63555f9'),
(2040,'XXL',289,'a09639cbf8514672b2ef35c5d63555f9'),
(2041,'X',989,'a0d4fcc003814a6885d84c0061837ae4'),
(2042,'S',956,'a0d4fcc003814a6885d84c0061837ae4'),
(2043,'L',507,'a0d4fcc003814a6885d84c0061837ae4'),
(2044,'XL',768,'a0d4fcc003814a6885d84c0061837ae4'),
(2045,'XXL',402,'a0d4fcc003814a6885d84c0061837ae4'),
(2046,'X',840,'a1b47910ebbd43fbbd2f09132cd263fd'),
(2047,'S',923,'a1b47910ebbd43fbbd2f09132cd263fd'),
(2048,'L',987,'a1b47910ebbd43fbbd2f09132cd263fd'),
(2049,'XL',975,'a1b47910ebbd43fbbd2f09132cd263fd'),
(2050,'XXL',740,'a1b47910ebbd43fbbd2f09132cd263fd'),
(2051,'X',146,'a1c90560dd684f75858d736c6989cdd5'),
(2052,'S',734,'a1c90560dd684f75858d736c6989cdd5'),
(2053,'L',380,'a1c90560dd684f75858d736c6989cdd5'),
(2054,'XL',818,'a1c90560dd684f75858d736c6989cdd5'),
(2055,'XXL',895,'a1c90560dd684f75858d736c6989cdd5'),
(2056,'X',962,'a1f047263dbb427b850f7682fba8aa80'),
(2057,'S',410,'a1f047263dbb427b850f7682fba8aa80'),
(2058,'L',990,'a1f047263dbb427b850f7682fba8aa80'),
(2059,'XL',700,'a1f047263dbb427b850f7682fba8aa80'),
(2060,'XXL',551,'a1f047263dbb427b850f7682fba8aa80'),
(2061,'X',460,'a20c644197ed400385ac48d66a23b6c0'),
(2062,'S',932,'a20c644197ed400385ac48d66a23b6c0'),
(2063,'L',102,'a20c644197ed400385ac48d66a23b6c0'),
(2064,'XL',382,'a20c644197ed400385ac48d66a23b6c0'),
(2065,'XXL',141,'a20c644197ed400385ac48d66a23b6c0'),
(2066,'X',445,'a3002f6bf5124f5690e22e12b23bbeaf'),
(2067,'S',269,'a3002f6bf5124f5690e22e12b23bbeaf'),
(2068,'L',517,'a3002f6bf5124f5690e22e12b23bbeaf'),
(2069,'XL',180,'a3002f6bf5124f5690e22e12b23bbeaf'),
(2070,'XXL',698,'a3002f6bf5124f5690e22e12b23bbeaf'),
(2071,'X',875,'a318dee227604b879e204989ee71222d'),
(2072,'S',129,'a318dee227604b879e204989ee71222d'),
(2073,'L',708,'a318dee227604b879e204989ee71222d'),
(2074,'XL',127,'a318dee227604b879e204989ee71222d'),
(2075,'XXL',547,'a318dee227604b879e204989ee71222d'),
(2076,'X',872,'a3a55800c6fb452689b83f4a6dc8f6f7'),
(2077,'S',497,'a3a55800c6fb452689b83f4a6dc8f6f7'),
(2078,'L',465,'a3a55800c6fb452689b83f4a6dc8f6f7'),
(2079,'XL',494,'a3a55800c6fb452689b83f4a6dc8f6f7'),
(2080,'XXL',851,'a3a55800c6fb452689b83f4a6dc8f6f7'),
(2081,'X',135,'a3acb8766af84fb2be2d5d3945aaf8ee'),
(2082,'S',455,'a3acb8766af84fb2be2d5d3945aaf8ee'),
(2083,'L',483,'a3acb8766af84fb2be2d5d3945aaf8ee'),
(2084,'XL',552,'a3acb8766af84fb2be2d5d3945aaf8ee'),
(2085,'XXL',313,'a3acb8766af84fb2be2d5d3945aaf8ee'),
(2086,'X',655,'a5714944132e48239af476c03f1833fa'),
(2087,'S',645,'a5714944132e48239af476c03f1833fa'),
(2088,'L',567,'a5714944132e48239af476c03f1833fa'),
(2089,'XL',196,'a5714944132e48239af476c03f1833fa'),
(2090,'XXL',907,'a5714944132e48239af476c03f1833fa'),
(2091,'X',388,'a7053298996945299e6693bb5d2be648'),
(2092,'S',883,'a7053298996945299e6693bb5d2be648'),
(2093,'L',700,'a7053298996945299e6693bb5d2be648'),
(2094,'XL',834,'a7053298996945299e6693bb5d2be648'),
(2095,'XXL',980,'a7053298996945299e6693bb5d2be648'),
(2096,'X',925,'a74ed067d82d41598d22ece1fc392e86'),
(2097,'S',953,'a74ed067d82d41598d22ece1fc392e86'),
(2098,'L',407,'a74ed067d82d41598d22ece1fc392e86'),
(2099,'XL',551,'a74ed067d82d41598d22ece1fc392e86'),
(2100,'XXL',691,'a74ed067d82d41598d22ece1fc392e86'),
(2101,'X',270,'a77d5b3945e9409a9c3bfddc3fb73dd8'),
(2102,'S',486,'a77d5b3945e9409a9c3bfddc3fb73dd8'),
(2103,'L',966,'a77d5b3945e9409a9c3bfddc3fb73dd8'),
(2104,'XL',499,'a77d5b3945e9409a9c3bfddc3fb73dd8'),
(2105,'XXL',604,'a77d5b3945e9409a9c3bfddc3fb73dd8'),
(2106,'X',741,'a80d959e56494f16a2a9a95b44b16454'),
(2107,'S',330,'a80d959e56494f16a2a9a95b44b16454'),
(2108,'L',824,'a80d959e56494f16a2a9a95b44b16454'),
(2109,'XL',707,'a80d959e56494f16a2a9a95b44b16454'),
(2110,'XXL',920,'a80d959e56494f16a2a9a95b44b16454'),
(2111,'X',865,'a8196b0849334b83be4d6058b191cf84'),
(2112,'S',878,'a8196b0849334b83be4d6058b191cf84'),
(2113,'L',898,'a8196b0849334b83be4d6058b191cf84'),
(2114,'XL',309,'a8196b0849334b83be4d6058b191cf84'),
(2115,'XXL',121,'a8196b0849334b83be4d6058b191cf84'),
(2116,'X',777,'a8ca72880c954f34bea44319385d8446'),
(2117,'S',997,'a8ca72880c954f34bea44319385d8446'),
(2118,'L',666,'a8ca72880c954f34bea44319385d8446'),
(2119,'XL',838,'a8ca72880c954f34bea44319385d8446'),
(2120,'XXL',759,'a8ca72880c954f34bea44319385d8446'),
(2121,'X',460,'a9ca0b3381b84cd2a949066bf43d40f0'),
(2122,'S',879,'a9ca0b3381b84cd2a949066bf43d40f0'),
(2123,'L',567,'a9ca0b3381b84cd2a949066bf43d40f0'),
(2124,'XL',173,'a9ca0b3381b84cd2a949066bf43d40f0'),
(2125,'XXL',911,'a9ca0b3381b84cd2a949066bf43d40f0'),
(2126,'X',611,'aa2d835bc6ec4b83b40c57f822f7881a'),
(2127,'S',831,'aa2d835bc6ec4b83b40c57f822f7881a'),
(2128,'L',894,'aa2d835bc6ec4b83b40c57f822f7881a'),
(2129,'XL',553,'aa2d835bc6ec4b83b40c57f822f7881a'),
(2130,'XXL',329,'aa2d835bc6ec4b83b40c57f822f7881a'),
(2131,'X',319,'aa2e4ba64f714df1bb0c4b79ee74d37f'),
(2132,'S',648,'aa2e4ba64f714df1bb0c4b79ee74d37f'),
(2133,'L',792,'aa2e4ba64f714df1bb0c4b79ee74d37f'),
(2134,'XL',557,'aa2e4ba64f714df1bb0c4b79ee74d37f'),
(2135,'XXL',125,'aa2e4ba64f714df1bb0c4b79ee74d37f'),
(2136,'X',475,'ab742e10b86f40329bc54b4bee2b2f6f'),
(2137,'S',243,'ab742e10b86f40329bc54b4bee2b2f6f'),
(2138,'L',367,'ab742e10b86f40329bc54b4bee2b2f6f'),
(2139,'XL',106,'ab742e10b86f40329bc54b4bee2b2f6f'),
(2140,'XXL',917,'ab742e10b86f40329bc54b4bee2b2f6f'),
(2141,'X',360,'abd411a4b64343cd883afbcbaba5a397'),
(2142,'S',512,'abd411a4b64343cd883afbcbaba5a397'),
(2143,'L',914,'abd411a4b64343cd883afbcbaba5a397'),
(2144,'XL',682,'abd411a4b64343cd883afbcbaba5a397'),
(2145,'XXL',378,'abd411a4b64343cd883afbcbaba5a397'),
(2146,'X',742,'abe0db03de03408da39477d194896b57'),
(2147,'S',418,'abe0db03de03408da39477d194896b57'),
(2148,'L',795,'abe0db03de03408da39477d194896b57'),
(2149,'XL',147,'abe0db03de03408da39477d194896b57'),
(2150,'XXL',305,'abe0db03de03408da39477d194896b57'),
(2151,'X',625,'ac144d56838c4240b9acb166f256f07c'),
(2152,'S',555,'ac144d56838c4240b9acb166f256f07c'),
(2153,'L',699,'ac144d56838c4240b9acb166f256f07c'),
(2154,'XL',985,'ac144d56838c4240b9acb166f256f07c'),
(2155,'XXL',625,'ac144d56838c4240b9acb166f256f07c'),
(2156,'X',578,'ad166b2a4496448fb1bcf4ba1eca36df'),
(2157,'S',340,'ad166b2a4496448fb1bcf4ba1eca36df'),
(2158,'L',830,'ad166b2a4496448fb1bcf4ba1eca36df'),
(2159,'XL',911,'ad166b2a4496448fb1bcf4ba1eca36df'),
(2160,'XXL',608,'ad166b2a4496448fb1bcf4ba1eca36df'),
(2161,'X',477,'ad6c90e58fea4880af64bae0f030d23b'),
(2162,'S',102,'ad6c90e58fea4880af64bae0f030d23b'),
(2163,'L',525,'ad6c90e58fea4880af64bae0f030d23b'),
(2164,'XL',181,'ad6c90e58fea4880af64bae0f030d23b'),
(2165,'XXL',139,'ad6c90e58fea4880af64bae0f030d23b'),
(2166,'X',125,'adb337b695174b02af13b3c786c6ee24'),
(2167,'S',123,'adb337b695174b02af13b3c786c6ee24'),
(2168,'L',224,'adb337b695174b02af13b3c786c6ee24'),
(2169,'XL',249,'adb337b695174b02af13b3c786c6ee24'),
(2170,'XXL',924,'adb337b695174b02af13b3c786c6ee24'),
(2171,'X',632,'ae7f3b65a07748bd95d8c25d62fef570'),
(2172,'S',815,'ae7f3b65a07748bd95d8c25d62fef570'),
(2173,'L',403,'ae7f3b65a07748bd95d8c25d62fef570'),
(2174,'XL',742,'ae7f3b65a07748bd95d8c25d62fef570'),
(2175,'XXL',272,'ae7f3b65a07748bd95d8c25d62fef570'),
(2176,'X',327,'af21b0f4599848b1b71681b77bde362a'),
(2177,'S',840,'af21b0f4599848b1b71681b77bde362a'),
(2178,'L',988,'af21b0f4599848b1b71681b77bde362a'),
(2179,'XL',437,'af21b0f4599848b1b71681b77bde362a'),
(2180,'XXL',943,'af21b0f4599848b1b71681b77bde362a'),
(2181,'X',931,'af9d0fab43534b648648b0aa544745ed'),
(2182,'S',471,'af9d0fab43534b648648b0aa544745ed'),
(2183,'L',437,'af9d0fab43534b648648b0aa544745ed'),
(2184,'XL',620,'af9d0fab43534b648648b0aa544745ed'),
(2185,'XXL',854,'af9d0fab43534b648648b0aa544745ed'),
(2186,'X',837,'b0a6b2f4888e40cba70fb6dea6f89506'),
(2187,'S',372,'b0a6b2f4888e40cba70fb6dea6f89506'),
(2188,'L',113,'b0a6b2f4888e40cba70fb6dea6f89506'),
(2189,'XL',844,'b0a6b2f4888e40cba70fb6dea6f89506'),
(2190,'XXL',107,'b0a6b2f4888e40cba70fb6dea6f89506'),
(2191,'X',156,'b0abc6db4a0a4255af53ae57d2556c3a'),
(2192,'S',254,'b0abc6db4a0a4255af53ae57d2556c3a'),
(2193,'L',520,'b0abc6db4a0a4255af53ae57d2556c3a'),
(2194,'XL',779,'b0abc6db4a0a4255af53ae57d2556c3a'),
(2195,'XXL',620,'b0abc6db4a0a4255af53ae57d2556c3a'),
(2196,'X',609,'b104d236fef8409f850e28a6c74060a0'),
(2197,'S',886,'b104d236fef8409f850e28a6c74060a0'),
(2198,'L',300,'b104d236fef8409f850e28a6c74060a0'),
(2199,'XL',631,'b104d236fef8409f850e28a6c74060a0'),
(2200,'XXL',991,'b104d236fef8409f850e28a6c74060a0'),
(2201,'X',658,'b109877ff0454a8f8797d69c66cf5d1b'),
(2202,'S',264,'b109877ff0454a8f8797d69c66cf5d1b'),
(2203,'L',102,'b109877ff0454a8f8797d69c66cf5d1b'),
(2204,'XL',786,'b109877ff0454a8f8797d69c66cf5d1b'),
(2205,'XXL',381,'b109877ff0454a8f8797d69c66cf5d1b'),
(2206,'X',590,'b117cfb2ef164bb3a8e989f21210cd40'),
(2207,'S',867,'b117cfb2ef164bb3a8e989f21210cd40'),
(2208,'L',826,'b117cfb2ef164bb3a8e989f21210cd40'),
(2209,'XL',990,'b117cfb2ef164bb3a8e989f21210cd40'),
(2210,'XXL',726,'b117cfb2ef164bb3a8e989f21210cd40'),
(2211,'X',469,'b177ce75ae23405695dfc384fe23b65e'),
(2212,'S',861,'b177ce75ae23405695dfc384fe23b65e'),
(2213,'L',782,'b177ce75ae23405695dfc384fe23b65e'),
(2214,'XL',400,'b177ce75ae23405695dfc384fe23b65e'),
(2215,'XXL',825,'b177ce75ae23405695dfc384fe23b65e'),
(2216,'X',164,'b23f2137775f4a6a9a90a191f845edd1'),
(2217,'S',425,'b23f2137775f4a6a9a90a191f845edd1'),
(2218,'L',630,'b23f2137775f4a6a9a90a191f845edd1'),
(2219,'XL',681,'b23f2137775f4a6a9a90a191f845edd1'),
(2220,'XXL',238,'b23f2137775f4a6a9a90a191f845edd1'),
(2221,'X',132,'b29d92c63f7e47fa8a0eeba626a5c059'),
(2222,'S',875,'b29d92c63f7e47fa8a0eeba626a5c059'),
(2223,'L',449,'b29d92c63f7e47fa8a0eeba626a5c059'),
(2224,'XL',285,'b29d92c63f7e47fa8a0eeba626a5c059'),
(2225,'XXL',712,'b29d92c63f7e47fa8a0eeba626a5c059'),
(2226,'X',679,'b34580dc08b641309f0b42279ae16d3e'),
(2227,'S',736,'b34580dc08b641309f0b42279ae16d3e'),
(2228,'L',976,'b34580dc08b641309f0b42279ae16d3e'),
(2229,'XL',434,'b34580dc08b641309f0b42279ae16d3e'),
(2230,'XXL',246,'b34580dc08b641309f0b42279ae16d3e'),
(2231,'X',661,'b392df15ad8b49c09dc5382fb424b835'),
(2232,'S',268,'b392df15ad8b49c09dc5382fb424b835'),
(2233,'L',504,'b392df15ad8b49c09dc5382fb424b835'),
(2234,'XL',929,'b392df15ad8b49c09dc5382fb424b835'),
(2235,'XXL',824,'b392df15ad8b49c09dc5382fb424b835'),
(2236,'X',549,'b3afe14def9d41da86ee481e41a4c5a8'),
(2237,'S',178,'b3afe14def9d41da86ee481e41a4c5a8'),
(2238,'L',491,'b3afe14def9d41da86ee481e41a4c5a8'),
(2239,'XL',904,'b3afe14def9d41da86ee481e41a4c5a8'),
(2240,'XXL',268,'b3afe14def9d41da86ee481e41a4c5a8'),
(2241,'X',535,'b3b976ae6619466db4ef89cdb7f9cc3d'),
(2242,'S',625,'b3b976ae6619466db4ef89cdb7f9cc3d'),
(2243,'L',617,'b3b976ae6619466db4ef89cdb7f9cc3d'),
(2244,'XL',165,'b3b976ae6619466db4ef89cdb7f9cc3d'),
(2245,'XXL',561,'b3b976ae6619466db4ef89cdb7f9cc3d'),
(2246,'X',450,'b3ba88e7fd294ec4b6a3a2e52b39a37c'),
(2247,'S',245,'b3ba88e7fd294ec4b6a3a2e52b39a37c'),
(2248,'L',663,'b3ba88e7fd294ec4b6a3a2e52b39a37c'),
(2249,'XL',233,'b3ba88e7fd294ec4b6a3a2e52b39a37c'),
(2250,'XXL',896,'b3ba88e7fd294ec4b6a3a2e52b39a37c'),
(2251,'X',748,'b46853ac034942cd81c901d38fc730de'),
(2252,'S',901,'b46853ac034942cd81c901d38fc730de'),
(2253,'L',306,'b46853ac034942cd81c901d38fc730de'),
(2254,'XL',641,'b46853ac034942cd81c901d38fc730de'),
(2255,'XXL',730,'b46853ac034942cd81c901d38fc730de'),
(2256,'X',302,'b77542ac8a0242f4b4e95e9e9695c245'),
(2257,'S',171,'b77542ac8a0242f4b4e95e9e9695c245'),
(2258,'L',340,'b77542ac8a0242f4b4e95e9e9695c245'),
(2259,'XL',712,'b77542ac8a0242f4b4e95e9e9695c245'),
(2260,'XXL',509,'b77542ac8a0242f4b4e95e9e9695c245'),
(2261,'X',893,'b7d8ea0976a64cd6bd8911aef0449bcd'),
(2262,'S',148,'b7d8ea0976a64cd6bd8911aef0449bcd'),
(2263,'L',907,'b7d8ea0976a64cd6bd8911aef0449bcd'),
(2264,'XL',732,'b7d8ea0976a64cd6bd8911aef0449bcd'),
(2265,'XXL',933,'b7d8ea0976a64cd6bd8911aef0449bcd'),
(2266,'X',288,'b7f3f4f43d33423d887212c259a7bd0a'),
(2267,'S',738,'b7f3f4f43d33423d887212c259a7bd0a'),
(2268,'L',856,'b7f3f4f43d33423d887212c259a7bd0a'),
(2269,'XL',153,'b7f3f4f43d33423d887212c259a7bd0a'),
(2270,'XXL',947,'b7f3f4f43d33423d887212c259a7bd0a'),
(2271,'X',981,'b7fea665d3f145c3aebf9ead79892ff9'),
(2272,'S',190,'b7fea665d3f145c3aebf9ead79892ff9'),
(2273,'L',836,'b7fea665d3f145c3aebf9ead79892ff9'),
(2274,'XL',685,'b7fea665d3f145c3aebf9ead79892ff9'),
(2275,'XXL',523,'b7fea665d3f145c3aebf9ead79892ff9'),
(2276,'X',383,'b8083cecff8341ccbf321d9341a4d11b'),
(2277,'S',429,'b8083cecff8341ccbf321d9341a4d11b'),
(2278,'L',262,'b8083cecff8341ccbf321d9341a4d11b'),
(2279,'XL',149,'b8083cecff8341ccbf321d9341a4d11b'),
(2280,'XXL',316,'b8083cecff8341ccbf321d9341a4d11b'),
(2281,'X',829,'b8a8abe1342f427480546cc5d4260199'),
(2282,'S',212,'b8a8abe1342f427480546cc5d4260199'),
(2283,'L',778,'b8a8abe1342f427480546cc5d4260199'),
(2284,'XL',635,'b8a8abe1342f427480546cc5d4260199'),
(2285,'XXL',148,'b8a8abe1342f427480546cc5d4260199'),
(2286,'X',200,'b8b003a9e6c649f191c6f939113629c2'),
(2287,'S',907,'b8b003a9e6c649f191c6f939113629c2'),
(2288,'L',170,'b8b003a9e6c649f191c6f939113629c2'),
(2289,'XL',918,'b8b003a9e6c649f191c6f939113629c2'),
(2290,'XXL',175,'b8b003a9e6c649f191c6f939113629c2'),
(2291,'X',123,'b9987bfc15bb45dc89b3431cc7289126'),
(2292,'S',590,'b9987bfc15bb45dc89b3431cc7289126'),
(2293,'L',216,'b9987bfc15bb45dc89b3431cc7289126'),
(2294,'XL',966,'b9987bfc15bb45dc89b3431cc7289126'),
(2295,'XXL',582,'b9987bfc15bb45dc89b3431cc7289126'),
(2296,'X',225,'ba4e58bd154049aabcd04989e5a3ddc6'),
(2297,'S',975,'ba4e58bd154049aabcd04989e5a3ddc6'),
(2298,'L',884,'ba4e58bd154049aabcd04989e5a3ddc6'),
(2299,'XL',333,'ba4e58bd154049aabcd04989e5a3ddc6'),
(2300,'XXL',472,'ba4e58bd154049aabcd04989e5a3ddc6'),
(2301,'X',904,'ba6e5d76d90648d5b41b733d0a66a871'),
(2302,'S',578,'ba6e5d76d90648d5b41b733d0a66a871'),
(2303,'L',271,'ba6e5d76d90648d5b41b733d0a66a871'),
(2304,'XL',512,'ba6e5d76d90648d5b41b733d0a66a871'),
(2305,'XXL',509,'ba6e5d76d90648d5b41b733d0a66a871'),
(2306,'X',779,'bb789417051a4b328c4263542e8229e2'),
(2307,'S',396,'bb789417051a4b328c4263542e8229e2'),
(2308,'L',268,'bb789417051a4b328c4263542e8229e2'),
(2309,'XL',748,'bb789417051a4b328c4263542e8229e2'),
(2310,'XXL',289,'bb789417051a4b328c4263542e8229e2'),
(2311,'X',348,'bbfc905a84834570a7e4e34bc26eece9'),
(2312,'S',149,'bbfc905a84834570a7e4e34bc26eece9'),
(2313,'L',617,'bbfc905a84834570a7e4e34bc26eece9'),
(2314,'XL',434,'bbfc905a84834570a7e4e34bc26eece9'),
(2315,'XXL',939,'bbfc905a84834570a7e4e34bc26eece9'),
(2316,'X',882,'bc7752ada37b499a9553fc714a812b5c'),
(2317,'S',974,'bc7752ada37b499a9553fc714a812b5c'),
(2318,'L',885,'bc7752ada37b499a9553fc714a812b5c'),
(2319,'XL',318,'bc7752ada37b499a9553fc714a812b5c'),
(2320,'XXL',101,'bc7752ada37b499a9553fc714a812b5c'),
(2321,'X',828,'bc9e6d94e4ec4e009337a5708f116fe5'),
(2322,'S',204,'bc9e6d94e4ec4e009337a5708f116fe5'),
(2323,'L',138,'bc9e6d94e4ec4e009337a5708f116fe5'),
(2324,'XL',281,'bc9e6d94e4ec4e009337a5708f116fe5'),
(2325,'XXL',171,'bc9e6d94e4ec4e009337a5708f116fe5'),
(2326,'X',585,'bca0b7b6966e4cfcaf81765f79e3ff79'),
(2327,'S',793,'bca0b7b6966e4cfcaf81765f79e3ff79'),
(2328,'L',950,'bca0b7b6966e4cfcaf81765f79e3ff79'),
(2329,'XL',676,'bca0b7b6966e4cfcaf81765f79e3ff79'),
(2330,'XXL',806,'bca0b7b6966e4cfcaf81765f79e3ff79'),
(2331,'X',751,'bca0e601f031499182d444192d809f62'),
(2332,'S',608,'bca0e601f031499182d444192d809f62'),
(2333,'L',957,'bca0e601f031499182d444192d809f62'),
(2334,'XL',278,'bca0e601f031499182d444192d809f62'),
(2335,'XXL',379,'bca0e601f031499182d444192d809f62'),
(2336,'X',378,'bd370ec21cf14eddbfa75b8c95031b38'),
(2337,'S',826,'bd370ec21cf14eddbfa75b8c95031b38'),
(2338,'L',499,'bd370ec21cf14eddbfa75b8c95031b38'),
(2339,'XL',985,'bd370ec21cf14eddbfa75b8c95031b38'),
(2340,'XXL',166,'bd370ec21cf14eddbfa75b8c95031b38'),
(2341,'X',192,'bd81bb7df5594fa2be5e49847605049b'),
(2342,'S',198,'bd81bb7df5594fa2be5e49847605049b'),
(2343,'L',553,'bd81bb7df5594fa2be5e49847605049b'),
(2344,'XL',191,'bd81bb7df5594fa2be5e49847605049b'),
(2345,'XXL',448,'bd81bb7df5594fa2be5e49847605049b'),
(2346,'X',423,'bdc7981c2776414aa20bf0226074c004'),
(2347,'S',655,'bdc7981c2776414aa20bf0226074c004'),
(2348,'L',444,'bdc7981c2776414aa20bf0226074c004'),
(2349,'XL',496,'bdc7981c2776414aa20bf0226074c004'),
(2350,'XXL',689,'bdc7981c2776414aa20bf0226074c004'),
(2351,'X',411,'be17482cbdb64312bd80ca043a550e9d'),
(2352,'S',875,'be17482cbdb64312bd80ca043a550e9d'),
(2353,'L',832,'be17482cbdb64312bd80ca043a550e9d'),
(2354,'XL',174,'be17482cbdb64312bd80ca043a550e9d'),
(2355,'XXL',911,'be17482cbdb64312bd80ca043a550e9d'),
(2356,'X',346,'be3c00f87946418db880cdcb09d248b3'),
(2357,'S',588,'be3c00f87946418db880cdcb09d248b3'),
(2358,'L',206,'be3c00f87946418db880cdcb09d248b3'),
(2359,'XL',907,'be3c00f87946418db880cdcb09d248b3'),
(2360,'XXL',309,'be3c00f87946418db880cdcb09d248b3'),
(2361,'X',398,'bee7bfb84a3846359d0c97820be18cc7'),
(2362,'S',590,'bee7bfb84a3846359d0c97820be18cc7'),
(2363,'L',146,'bee7bfb84a3846359d0c97820be18cc7'),
(2364,'XL',487,'bee7bfb84a3846359d0c97820be18cc7'),
(2365,'XXL',975,'bee7bfb84a3846359d0c97820be18cc7'),
(2366,'X',604,'bfbc6b3c9461455595abf98bf5236bef'),
(2367,'S',333,'bfbc6b3c9461455595abf98bf5236bef'),
(2368,'L',730,'bfbc6b3c9461455595abf98bf5236bef'),
(2369,'XL',328,'bfbc6b3c9461455595abf98bf5236bef'),
(2370,'XXL',169,'bfbc6b3c9461455595abf98bf5236bef'),
(2371,'X',701,'bfeedb579b5248bd92c46223aa6282f7'),
(2372,'S',825,'bfeedb579b5248bd92c46223aa6282f7'),
(2373,'L',331,'bfeedb579b5248bd92c46223aa6282f7'),
(2374,'XL',681,'bfeedb579b5248bd92c46223aa6282f7'),
(2375,'XXL',635,'bfeedb579b5248bd92c46223aa6282f7'),
(2376,'X',266,'c00ab8ad74e94f47a13e1b509443f545'),
(2377,'S',134,'c00ab8ad74e94f47a13e1b509443f545'),
(2378,'L',933,'c00ab8ad74e94f47a13e1b509443f545'),
(2379,'XL',107,'c00ab8ad74e94f47a13e1b509443f545'),
(2380,'XXL',173,'c00ab8ad74e94f47a13e1b509443f545'),
(2381,'X',228,'c05dd96ce84244799ecc0a16958134c4'),
(2382,'S',386,'c05dd96ce84244799ecc0a16958134c4'),
(2383,'L',537,'c05dd96ce84244799ecc0a16958134c4'),
(2384,'XL',144,'c05dd96ce84244799ecc0a16958134c4'),
(2385,'XXL',372,'c05dd96ce84244799ecc0a16958134c4'),
(2386,'X',892,'c0bb6cdfdc8b48f793bb51b781a3ec18'),
(2387,'S',521,'c0bb6cdfdc8b48f793bb51b781a3ec18'),
(2388,'L',818,'c0bb6cdfdc8b48f793bb51b781a3ec18'),
(2389,'XL',509,'c0bb6cdfdc8b48f793bb51b781a3ec18'),
(2390,'XXL',497,'c0bb6cdfdc8b48f793bb51b781a3ec18'),
(2391,'X',489,'c16b9283e5a54cb4900d49f80a396be5'),
(2392,'S',929,'c16b9283e5a54cb4900d49f80a396be5'),
(2393,'L',216,'c16b9283e5a54cb4900d49f80a396be5'),
(2394,'XL',224,'c16b9283e5a54cb4900d49f80a396be5'),
(2395,'XXL',516,'c16b9283e5a54cb4900d49f80a396be5'),
(2396,'X',691,'c191d86cb5e847df9d7dbc4fe7024ed1'),
(2397,'S',558,'c191d86cb5e847df9d7dbc4fe7024ed1'),
(2398,'L',860,'c191d86cb5e847df9d7dbc4fe7024ed1'),
(2399,'XL',753,'c191d86cb5e847df9d7dbc4fe7024ed1'),
(2400,'XXL',839,'c191d86cb5e847df9d7dbc4fe7024ed1'),
(2401,'X',704,'c19a30bdc07c429a9109d47a3b025eb2'),
(2402,'S',643,'c19a30bdc07c429a9109d47a3b025eb2'),
(2403,'L',299,'c19a30bdc07c429a9109d47a3b025eb2'),
(2404,'XL',623,'c19a30bdc07c429a9109d47a3b025eb2'),
(2405,'XXL',999,'c19a30bdc07c429a9109d47a3b025eb2'),
(2406,'X',774,'c1ba8ce9edda4d22816ec68f148f5345'),
(2407,'S',732,'c1ba8ce9edda4d22816ec68f148f5345'),
(2408,'L',732,'c1ba8ce9edda4d22816ec68f148f5345'),
(2409,'XL',838,'c1ba8ce9edda4d22816ec68f148f5345'),
(2410,'XXL',134,'c1ba8ce9edda4d22816ec68f148f5345'),
(2411,'X',683,'c1c024cd7a894278ab6514323804bcef'),
(2412,'S',691,'c1c024cd7a894278ab6514323804bcef'),
(2413,'L',806,'c1c024cd7a894278ab6514323804bcef'),
(2414,'XL',525,'c1c024cd7a894278ab6514323804bcef'),
(2415,'XXL',947,'c1c024cd7a894278ab6514323804bcef'),
(2416,'X',257,'c23abc6831b84e0182adbb6b2db32721'),
(2417,'S',430,'c23abc6831b84e0182adbb6b2db32721'),
(2418,'L',976,'c23abc6831b84e0182adbb6b2db32721'),
(2419,'XL',503,'c23abc6831b84e0182adbb6b2db32721'),
(2420,'XXL',581,'c23abc6831b84e0182adbb6b2db32721'),
(2421,'X',209,'c23e18b7b01b460f9600fa2b9fe503e0'),
(2422,'S',859,'c23e18b7b01b460f9600fa2b9fe503e0'),
(2423,'L',159,'c23e18b7b01b460f9600fa2b9fe503e0'),
(2424,'XL',507,'c23e18b7b01b460f9600fa2b9fe503e0'),
(2425,'XXL',435,'c23e18b7b01b460f9600fa2b9fe503e0'),
(2426,'X',797,'c27e7baec6ee4a1d9d953e19993f13c3'),
(2427,'S',495,'c27e7baec6ee4a1d9d953e19993f13c3'),
(2428,'L',284,'c27e7baec6ee4a1d9d953e19993f13c3'),
(2429,'XL',600,'c27e7baec6ee4a1d9d953e19993f13c3'),
(2430,'XXL',179,'c27e7baec6ee4a1d9d953e19993f13c3'),
(2431,'X',414,'c2aa7c95202a4972b5775a22037994ab'),
(2432,'S',514,'c2aa7c95202a4972b5775a22037994ab'),
(2433,'L',912,'c2aa7c95202a4972b5775a22037994ab'),
(2434,'XL',852,'c2aa7c95202a4972b5775a22037994ab'),
(2435,'XXL',389,'c2aa7c95202a4972b5775a22037994ab'),
(2436,'X',141,'c2f7d15f33734fbf87846c08d8944892'),
(2437,'S',258,'c2f7d15f33734fbf87846c08d8944892'),
(2438,'L',457,'c2f7d15f33734fbf87846c08d8944892'),
(2439,'XL',290,'c2f7d15f33734fbf87846c08d8944892'),
(2440,'XXL',446,'c2f7d15f33734fbf87846c08d8944892'),
(2441,'X',821,'c35433096aa2440b952dc9ff0ddb902e'),
(2442,'S',481,'c35433096aa2440b952dc9ff0ddb902e'),
(2443,'L',835,'c35433096aa2440b952dc9ff0ddb902e'),
(2444,'XL',776,'c35433096aa2440b952dc9ff0ddb902e'),
(2445,'XXL',105,'c35433096aa2440b952dc9ff0ddb902e'),
(2446,'X',985,'c3d58bee74824da39e541f7a63ac6e34'),
(2447,'S',929,'c3d58bee74824da39e541f7a63ac6e34'),
(2448,'L',742,'c3d58bee74824da39e541f7a63ac6e34'),
(2449,'XL',537,'c3d58bee74824da39e541f7a63ac6e34'),
(2450,'XXL',210,'c3d58bee74824da39e541f7a63ac6e34'),
(2451,'X',811,'c3f08410dfeb406d8b0357d01cc0b1da'),
(2452,'S',516,'c3f08410dfeb406d8b0357d01cc0b1da'),
(2453,'L',466,'c3f08410dfeb406d8b0357d01cc0b1da'),
(2454,'XL',418,'c3f08410dfeb406d8b0357d01cc0b1da'),
(2455,'XXL',533,'c3f08410dfeb406d8b0357d01cc0b1da'),
(2456,'X',311,'c3f68e34d584450d878b90daaa91a0c7'),
(2457,'S',826,'c3f68e34d584450d878b90daaa91a0c7'),
(2458,'L',789,'c3f68e34d584450d878b90daaa91a0c7'),
(2459,'XL',164,'c3f68e34d584450d878b90daaa91a0c7'),
(2460,'XXL',692,'c3f68e34d584450d878b90daaa91a0c7'),
(2461,'X',886,'c4962f3a84594019bad4ad8a66f7ccf3'),
(2462,'S',803,'c4962f3a84594019bad4ad8a66f7ccf3'),
(2463,'L',282,'c4962f3a84594019bad4ad8a66f7ccf3'),
(2464,'XL',158,'c4962f3a84594019bad4ad8a66f7ccf3'),
(2465,'XXL',582,'c4962f3a84594019bad4ad8a66f7ccf3'),
(2466,'X',921,'c4fd32408bc345fdb76dca10333393d9'),
(2467,'S',160,'c4fd32408bc345fdb76dca10333393d9'),
(2468,'L',861,'c4fd32408bc345fdb76dca10333393d9'),
(2469,'XL',722,'c4fd32408bc345fdb76dca10333393d9'),
(2470,'XXL',376,'c4fd32408bc345fdb76dca10333393d9'),
(2471,'X',502,'c525520e21f64d228d856be9e218b6a4'),
(2472,'S',564,'c525520e21f64d228d856be9e218b6a4'),
(2473,'L',515,'c525520e21f64d228d856be9e218b6a4'),
(2474,'XL',776,'c525520e21f64d228d856be9e218b6a4'),
(2475,'XXL',982,'c525520e21f64d228d856be9e218b6a4'),
(2476,'X',628,'c564154caf52496f981e3da5d678284d'),
(2477,'S',772,'c564154caf52496f981e3da5d678284d'),
(2478,'L',232,'c564154caf52496f981e3da5d678284d'),
(2479,'XL',461,'c564154caf52496f981e3da5d678284d'),
(2480,'XXL',207,'c564154caf52496f981e3da5d678284d'),
(2481,'X',571,'c5d80dd2bef542029f898eb55ef52335'),
(2482,'S',858,'c5d80dd2bef542029f898eb55ef52335'),
(2483,'L',524,'c5d80dd2bef542029f898eb55ef52335'),
(2484,'XL',324,'c5d80dd2bef542029f898eb55ef52335'),
(2485,'XXL',737,'c5d80dd2bef542029f898eb55ef52335'),
(2486,'X',284,'c662cad280034fa299dafcee14a608a3'),
(2487,'S',469,'c662cad280034fa299dafcee14a608a3'),
(2488,'L',622,'c662cad280034fa299dafcee14a608a3'),
(2489,'XL',933,'c662cad280034fa299dafcee14a608a3'),
(2490,'XXL',172,'c662cad280034fa299dafcee14a608a3'),
(2491,'X',279,'c6b5c6d15d32412e9f9e2e561ddbfade'),
(2492,'S',974,'c6b5c6d15d32412e9f9e2e561ddbfade'),
(2493,'L',737,'c6b5c6d15d32412e9f9e2e561ddbfade'),
(2494,'XL',579,'c6b5c6d15d32412e9f9e2e561ddbfade'),
(2495,'XXL',440,'c6b5c6d15d32412e9f9e2e561ddbfade'),
(2496,'X',751,'c6db1a9d3a5a46de893d517cbeee82a6'),
(2497,'S',379,'c6db1a9d3a5a46de893d517cbeee82a6'),
(2498,'L',219,'c6db1a9d3a5a46de893d517cbeee82a6'),
(2499,'XL',468,'c6db1a9d3a5a46de893d517cbeee82a6'),
(2500,'XXL',756,'c6db1a9d3a5a46de893d517cbeee82a6'),
(2501,'X',364,'c716f310a8e146c9beea44b828eadacc'),
(2502,'S',588,'c716f310a8e146c9beea44b828eadacc'),
(2503,'L',896,'c716f310a8e146c9beea44b828eadacc'),
(2504,'XL',542,'c716f310a8e146c9beea44b828eadacc'),
(2505,'XXL',198,'c716f310a8e146c9beea44b828eadacc'),
(2506,'X',914,'c745f075c3e741b1aff8413e9bb6ad3b'),
(2507,'S',223,'c745f075c3e741b1aff8413e9bb6ad3b'),
(2508,'L',278,'c745f075c3e741b1aff8413e9bb6ad3b'),
(2509,'XL',400,'c745f075c3e741b1aff8413e9bb6ad3b'),
(2510,'XXL',188,'c745f075c3e741b1aff8413e9bb6ad3b'),
(2511,'X',238,'c7db4f78c79f4d01b144ca12b7814fc1'),
(2512,'S',477,'c7db4f78c79f4d01b144ca12b7814fc1'),
(2513,'L',186,'c7db4f78c79f4d01b144ca12b7814fc1'),
(2514,'XL',353,'c7db4f78c79f4d01b144ca12b7814fc1'),
(2515,'XXL',106,'c7db4f78c79f4d01b144ca12b7814fc1'),
(2516,'X',915,'c81e96ad37064f3b8a2eeddc28a6972c'),
(2517,'S',590,'c81e96ad37064f3b8a2eeddc28a6972c'),
(2518,'L',966,'c81e96ad37064f3b8a2eeddc28a6972c'),
(2519,'XL',404,'c81e96ad37064f3b8a2eeddc28a6972c'),
(2520,'XXL',929,'c81e96ad37064f3b8a2eeddc28a6972c'),
(2521,'X',814,'c8d2a0c7caa24a3093ec5ae1be5094e5'),
(2522,'S',722,'c8d2a0c7caa24a3093ec5ae1be5094e5'),
(2523,'L',126,'c8d2a0c7caa24a3093ec5ae1be5094e5'),
(2524,'XL',580,'c8d2a0c7caa24a3093ec5ae1be5094e5'),
(2525,'XXL',925,'c8d2a0c7caa24a3093ec5ae1be5094e5'),
(2526,'X',401,'c9153b2d82d343e0877312bb45e5ec77'),
(2527,'S',161,'c9153b2d82d343e0877312bb45e5ec77'),
(2528,'L',503,'c9153b2d82d343e0877312bb45e5ec77'),
(2529,'XL',932,'c9153b2d82d343e0877312bb45e5ec77'),
(2530,'XXL',146,'c9153b2d82d343e0877312bb45e5ec77'),
(2531,'X',219,'c98374499bb84c9e98dceb2c03f35c52'),
(2532,'S',220,'c98374499bb84c9e98dceb2c03f35c52'),
(2533,'L',878,'c98374499bb84c9e98dceb2c03f35c52'),
(2534,'XL',796,'c98374499bb84c9e98dceb2c03f35c52'),
(2535,'XXL',256,'c98374499bb84c9e98dceb2c03f35c52'),
(2536,'X',548,'c9b762498046411ba033f5188efcba57'),
(2537,'S',553,'c9b762498046411ba033f5188efcba57'),
(2538,'L',758,'c9b762498046411ba033f5188efcba57'),
(2539,'XL',920,'c9b762498046411ba033f5188efcba57'),
(2540,'XXL',264,'c9b762498046411ba033f5188efcba57'),
(2541,'X',197,'ca8dcea3868d4de1ad57bb42bd25a211'),
(2542,'S',817,'ca8dcea3868d4de1ad57bb42bd25a211'),
(2543,'L',777,'ca8dcea3868d4de1ad57bb42bd25a211'),
(2544,'XL',502,'ca8dcea3868d4de1ad57bb42bd25a211'),
(2545,'XXL',971,'ca8dcea3868d4de1ad57bb42bd25a211'),
(2546,'X',717,'cb4e8a1e3af545a6ac5acf59cff39278'),
(2547,'S',591,'cb4e8a1e3af545a6ac5acf59cff39278'),
(2548,'L',914,'cb4e8a1e3af545a6ac5acf59cff39278'),
(2549,'XL',989,'cb4e8a1e3af545a6ac5acf59cff39278'),
(2550,'XXL',813,'cb4e8a1e3af545a6ac5acf59cff39278'),
(2551,'X',588,'cb839823730c48c592d1f54c6d93892a'),
(2552,'S',927,'cb839823730c48c592d1f54c6d93892a'),
(2553,'L',773,'cb839823730c48c592d1f54c6d93892a'),
(2554,'XL',231,'cb839823730c48c592d1f54c6d93892a'),
(2555,'XXL',147,'cb839823730c48c592d1f54c6d93892a'),
(2556,'X',528,'cd1909e76b08477daff05f7c4d62c4da'),
(2557,'S',104,'cd1909e76b08477daff05f7c4d62c4da'),
(2558,'L',412,'cd1909e76b08477daff05f7c4d62c4da'),
(2559,'XL',170,'cd1909e76b08477daff05f7c4d62c4da'),
(2560,'XXL',149,'cd1909e76b08477daff05f7c4d62c4da'),
(2561,'X',531,'cd28fa8e1845497794c1acd509f29a56'),
(2562,'S',304,'cd28fa8e1845497794c1acd509f29a56'),
(2563,'L',778,'cd28fa8e1845497794c1acd509f29a56'),
(2564,'XL',532,'cd28fa8e1845497794c1acd509f29a56'),
(2565,'XXL',159,'cd28fa8e1845497794c1acd509f29a56'),
(2566,'X',118,'cdcc6a1c804e42a1b45f5ab0d11e692e'),
(2567,'S',526,'cdcc6a1c804e42a1b45f5ab0d11e692e'),
(2568,'L',284,'cdcc6a1c804e42a1b45f5ab0d11e692e'),
(2569,'XL',889,'cdcc6a1c804e42a1b45f5ab0d11e692e'),
(2570,'XXL',856,'cdcc6a1c804e42a1b45f5ab0d11e692e'),
(2571,'X',289,'ce78530353c6469689b64ad8444d3612'),
(2572,'S',765,'ce78530353c6469689b64ad8444d3612'),
(2573,'L',256,'ce78530353c6469689b64ad8444d3612'),
(2574,'XL',277,'ce78530353c6469689b64ad8444d3612'),
(2575,'XXL',624,'ce78530353c6469689b64ad8444d3612'),
(2576,'X',924,'cefaad4b3d51407d9791c0a098307621'),
(2577,'S',301,'cefaad4b3d51407d9791c0a098307621'),
(2578,'L',319,'cefaad4b3d51407d9791c0a098307621'),
(2579,'XL',111,'cefaad4b3d51407d9791c0a098307621'),
(2580,'XXL',169,'cefaad4b3d51407d9791c0a098307621'),
(2581,'X',283,'cf7299ea1aa34f43ac728d888bf89e0d'),
(2582,'S',101,'cf7299ea1aa34f43ac728d888bf89e0d'),
(2583,'L',130,'cf7299ea1aa34f43ac728d888bf89e0d'),
(2584,'XL',805,'cf7299ea1aa34f43ac728d888bf89e0d'),
(2585,'XXL',388,'cf7299ea1aa34f43ac728d888bf89e0d'),
(2586,'X',263,'cf7efe63a1004aa689d35be1b76d2d27'),
(2587,'S',883,'cf7efe63a1004aa689d35be1b76d2d27'),
(2588,'L',705,'cf7efe63a1004aa689d35be1b76d2d27'),
(2589,'XL',603,'cf7efe63a1004aa689d35be1b76d2d27'),
(2590,'XXL',358,'cf7efe63a1004aa689d35be1b76d2d27'),
(2591,'X',717,'d0a4f16d32cb4bb8ad71b7b92ee2f5d7'),
(2592,'S',593,'d0a4f16d32cb4bb8ad71b7b92ee2f5d7'),
(2593,'L',855,'d0a4f16d32cb4bb8ad71b7b92ee2f5d7'),
(2594,'XL',556,'d0a4f16d32cb4bb8ad71b7b92ee2f5d7'),
(2595,'XXL',343,'d0a4f16d32cb4bb8ad71b7b92ee2f5d7'),
(2596,'X',464,'d16c844afecb4a11a80d59ea986dbb26'),
(2597,'S',924,'d16c844afecb4a11a80d59ea986dbb26'),
(2598,'L',594,'d16c844afecb4a11a80d59ea986dbb26'),
(2599,'XL',943,'d16c844afecb4a11a80d59ea986dbb26'),
(2600,'XXL',787,'d16c844afecb4a11a80d59ea986dbb26'),
(2601,'X',249,'d1848ec444fd4c388d7a36208e311432'),
(2602,'S',847,'d1848ec444fd4c388d7a36208e311432'),
(2603,'L',943,'d1848ec444fd4c388d7a36208e311432'),
(2604,'XL',143,'d1848ec444fd4c388d7a36208e311432'),
(2605,'XXL',213,'d1848ec444fd4c388d7a36208e311432'),
(2606,'X',768,'d33ff85672094b1da02f6dba81fbe852'),
(2607,'S',878,'d33ff85672094b1da02f6dba81fbe852'),
(2608,'L',783,'d33ff85672094b1da02f6dba81fbe852'),
(2609,'XL',413,'d33ff85672094b1da02f6dba81fbe852'),
(2610,'XXL',464,'d33ff85672094b1da02f6dba81fbe852'),
(2611,'X',707,'d47458bb90ba434585d671ee9e19b4e6'),
(2612,'S',315,'d47458bb90ba434585d671ee9e19b4e6'),
(2613,'L',249,'d47458bb90ba434585d671ee9e19b4e6'),
(2614,'XL',588,'d47458bb90ba434585d671ee9e19b4e6'),
(2615,'XXL',144,'d47458bb90ba434585d671ee9e19b4e6'),
(2616,'X',727,'d51a71026598424dabe6ba437a2a83af'),
(2617,'S',902,'d51a71026598424dabe6ba437a2a83af'),
(2618,'L',999,'d51a71026598424dabe6ba437a2a83af'),
(2619,'XL',630,'d51a71026598424dabe6ba437a2a83af'),
(2620,'XXL',660,'d51a71026598424dabe6ba437a2a83af'),
(2621,'X',866,'d56646389eef4a77b4ba9c863fd1860c'),
(2622,'S',668,'d56646389eef4a77b4ba9c863fd1860c'),
(2623,'L',621,'d56646389eef4a77b4ba9c863fd1860c'),
(2624,'XL',979,'d56646389eef4a77b4ba9c863fd1860c'),
(2625,'XXL',125,'d56646389eef4a77b4ba9c863fd1860c'),
(2626,'X',720,'d65a85fde2454682a8731e6233cb1ac4'),
(2627,'S',741,'d65a85fde2454682a8731e6233cb1ac4'),
(2628,'L',814,'d65a85fde2454682a8731e6233cb1ac4'),
(2629,'XL',512,'d65a85fde2454682a8731e6233cb1ac4'),
(2630,'XXL',805,'d65a85fde2454682a8731e6233cb1ac4'),
(2631,'X',282,'d6a0b932edec4cb38a49a1a0424bb725'),
(2632,'S',341,'d6a0b932edec4cb38a49a1a0424bb725'),
(2633,'L',170,'d6a0b932edec4cb38a49a1a0424bb725'),
(2634,'XL',594,'d6a0b932edec4cb38a49a1a0424bb725'),
(2635,'XXL',174,'d6a0b932edec4cb38a49a1a0424bb725'),
(2636,'X',849,'d6cb6a74b12f405a8538d5ee2f27ef15'),
(2637,'S',852,'d6cb6a74b12f405a8538d5ee2f27ef15'),
(2638,'L',722,'d6cb6a74b12f405a8538d5ee2f27ef15'),
(2639,'XL',258,'d6cb6a74b12f405a8538d5ee2f27ef15'),
(2640,'XXL',234,'d6cb6a74b12f405a8538d5ee2f27ef15'),
(2641,'X',517,'d8596cd4b4c6440ca241093260c4e1b9'),
(2642,'S',671,'d8596cd4b4c6440ca241093260c4e1b9'),
(2643,'L',158,'d8596cd4b4c6440ca241093260c4e1b9'),
(2644,'XL',257,'d8596cd4b4c6440ca241093260c4e1b9'),
(2645,'XXL',937,'d8596cd4b4c6440ca241093260c4e1b9'),
(2646,'X',841,'d87615c87e0c4d1b8565a565d7e1275b'),
(2647,'S',928,'d87615c87e0c4d1b8565a565d7e1275b'),
(2648,'L',996,'d87615c87e0c4d1b8565a565d7e1275b'),
(2649,'XL',896,'d87615c87e0c4d1b8565a565d7e1275b'),
(2650,'XXL',668,'d87615c87e0c4d1b8565a565d7e1275b'),
(2651,'X',688,'d926a66a82d6445698d6e59c3e021870'),
(2652,'S',333,'d926a66a82d6445698d6e59c3e021870'),
(2653,'L',673,'d926a66a82d6445698d6e59c3e021870'),
(2654,'XL',924,'d926a66a82d6445698d6e59c3e021870'),
(2655,'XXL',462,'d926a66a82d6445698d6e59c3e021870'),
(2656,'X',352,'d92fe4b1cced4106b963706f8dcdfdfb'),
(2657,'S',616,'d92fe4b1cced4106b963706f8dcdfdfb'),
(2658,'L',772,'d92fe4b1cced4106b963706f8dcdfdfb'),
(2659,'XL',789,'d92fe4b1cced4106b963706f8dcdfdfb'),
(2660,'XXL',999,'d92fe4b1cced4106b963706f8dcdfdfb'),
(2661,'X',757,'da5b9e9c992f4275857c68b8d6972b45'),
(2662,'S',300,'da5b9e9c992f4275857c68b8d6972b45'),
(2663,'L',620,'da5b9e9c992f4275857c68b8d6972b45'),
(2664,'XL',454,'da5b9e9c992f4275857c68b8d6972b45'),
(2665,'XXL',832,'da5b9e9c992f4275857c68b8d6972b45'),
(2666,'X',858,'da742a8a17bb49ba846188a263ec5a9a'),
(2667,'S',469,'da742a8a17bb49ba846188a263ec5a9a'),
(2668,'L',746,'da742a8a17bb49ba846188a263ec5a9a'),
(2669,'XL',326,'da742a8a17bb49ba846188a263ec5a9a'),
(2670,'XXL',568,'da742a8a17bb49ba846188a263ec5a9a'),
(2671,'X',507,'da7765af1c52408f836ddfe70ebb42cc'),
(2672,'S',907,'da7765af1c52408f836ddfe70ebb42cc'),
(2673,'L',859,'da7765af1c52408f836ddfe70ebb42cc'),
(2674,'XL',729,'da7765af1c52408f836ddfe70ebb42cc'),
(2675,'XXL',777,'da7765af1c52408f836ddfe70ebb42cc'),
(2676,'X',475,'da9f551354be4b458c38531d5b876438'),
(2677,'S',880,'da9f551354be4b458c38531d5b876438'),
(2678,'L',974,'da9f551354be4b458c38531d5b876438'),
(2679,'XL',219,'da9f551354be4b458c38531d5b876438'),
(2680,'XXL',599,'da9f551354be4b458c38531d5b876438'),
(2681,'X',569,'dbb64fafcb09403ab8870f85837d7947'),
(2682,'S',158,'dbb64fafcb09403ab8870f85837d7947'),
(2683,'L',275,'dbb64fafcb09403ab8870f85837d7947'),
(2684,'XL',432,'dbb64fafcb09403ab8870f85837d7947'),
(2685,'XXL',99,'dbb64fafcb09403ab8870f85837d7947'),
(2686,'X',490,'dc06f9b3de234a09a6b5c7cd39d31ac4'),
(2687,'S',979,'dc06f9b3de234a09a6b5c7cd39d31ac4'),
(2688,'L',313,'dc06f9b3de234a09a6b5c7cd39d31ac4'),
(2689,'XL',681,'dc06f9b3de234a09a6b5c7cd39d31ac4'),
(2690,'XXL',989,'dc06f9b3de234a09a6b5c7cd39d31ac4'),
(2691,'X',789,'dc0a67d2d86d4c3b90c1d58ddf1d8342'),
(2692,'S',644,'dc0a67d2d86d4c3b90c1d58ddf1d8342'),
(2693,'L',558,'dc0a67d2d86d4c3b90c1d58ddf1d8342'),
(2694,'XL',691,'dc0a67d2d86d4c3b90c1d58ddf1d8342'),
(2695,'XXL',575,'dc0a67d2d86d4c3b90c1d58ddf1d8342'),
(2696,'X',798,'dc36201d07dd44ee8b638a558967b6bf'),
(2697,'S',985,'dc36201d07dd44ee8b638a558967b6bf'),
(2698,'L',791,'dc36201d07dd44ee8b638a558967b6bf'),
(2699,'XL',561,'dc36201d07dd44ee8b638a558967b6bf'),
(2700,'XXL',417,'dc36201d07dd44ee8b638a558967b6bf'),
(2701,'X',636,'dc37a3d6865a450e91aaecf9579b8fa7'),
(2702,'S',570,'dc37a3d6865a450e91aaecf9579b8fa7'),
(2703,'L',578,'dc37a3d6865a450e91aaecf9579b8fa7'),
(2704,'XL',784,'dc37a3d6865a450e91aaecf9579b8fa7'),
(2705,'XXL',222,'dc37a3d6865a450e91aaecf9579b8fa7'),
(2706,'X',840,'dc51d5821d0346a9a630729b6a5ab48b'),
(2707,'S',948,'dc51d5821d0346a9a630729b6a5ab48b'),
(2708,'L',381,'dc51d5821d0346a9a630729b6a5ab48b'),
(2709,'XL',888,'dc51d5821d0346a9a630729b6a5ab48b'),
(2710,'XXL',245,'dc51d5821d0346a9a630729b6a5ab48b'),
(2711,'X',529,'dc603bf0f44f48d9a5389b07616e578a'),
(2712,'S',990,'dc603bf0f44f48d9a5389b07616e578a'),
(2713,'L',762,'dc603bf0f44f48d9a5389b07616e578a'),
(2714,'XL',474,'dc603bf0f44f48d9a5389b07616e578a'),
(2715,'XXL',616,'dc603bf0f44f48d9a5389b07616e578a'),
(2716,'X',722,'dcd0ef847b9046b794993c396a6c8096'),
(2717,'S',903,'dcd0ef847b9046b794993c396a6c8096'),
(2718,'L',186,'dcd0ef847b9046b794993c396a6c8096'),
(2719,'XL',287,'dcd0ef847b9046b794993c396a6c8096'),
(2720,'XXL',132,'dcd0ef847b9046b794993c396a6c8096'),
(2721,'X',718,'dd25e0b37d8e423ca51984565a5442d2'),
(2722,'S',114,'dd25e0b37d8e423ca51984565a5442d2'),
(2723,'L',280,'dd25e0b37d8e423ca51984565a5442d2'),
(2724,'XL',915,'dd25e0b37d8e423ca51984565a5442d2'),
(2725,'XXL',288,'dd25e0b37d8e423ca51984565a5442d2'),
(2726,'X',705,'dd4eb2ba41664a53addbb502e4c52560'),
(2727,'S',621,'dd4eb2ba41664a53addbb502e4c52560'),
(2728,'L',212,'dd4eb2ba41664a53addbb502e4c52560'),
(2729,'XL',708,'dd4eb2ba41664a53addbb502e4c52560'),
(2730,'XXL',487,'dd4eb2ba41664a53addbb502e4c52560'),
(2731,'X',556,'dd742bd7d0f94155ad5b97bc8d03802b'),
(2732,'S',727,'dd742bd7d0f94155ad5b97bc8d03802b'),
(2733,'L',317,'dd742bd7d0f94155ad5b97bc8d03802b'),
(2734,'XL',970,'dd742bd7d0f94155ad5b97bc8d03802b'),
(2735,'XXL',665,'dd742bd7d0f94155ad5b97bc8d03802b'),
(2736,'X',945,'dd9df88566ab4f7bada6f2a1a8005940'),
(2737,'S',336,'dd9df88566ab4f7bada6f2a1a8005940'),
(2738,'L',253,'dd9df88566ab4f7bada6f2a1a8005940'),
(2739,'XL',440,'dd9df88566ab4f7bada6f2a1a8005940'),
(2740,'XXL',425,'dd9df88566ab4f7bada6f2a1a8005940'),
(2741,'X',250,'de14067705f6423ba8557f2eda523c09'),
(2742,'S',785,'de14067705f6423ba8557f2eda523c09'),
(2743,'L',103,'de14067705f6423ba8557f2eda523c09'),
(2744,'XL',360,'de14067705f6423ba8557f2eda523c09'),
(2745,'XXL',808,'de14067705f6423ba8557f2eda523c09'),
(2746,'X',203,'defd70e1091a40e3b3eb8b56182d408a'),
(2747,'S',621,'defd70e1091a40e3b3eb8b56182d408a'),
(2748,'L',219,'defd70e1091a40e3b3eb8b56182d408a'),
(2749,'XL',973,'defd70e1091a40e3b3eb8b56182d408a'),
(2750,'XXL',910,'defd70e1091a40e3b3eb8b56182d408a'),
(2751,'X',994,'defe0b1ff8c74d2cb3938b3acf46c095'),
(2752,'S',721,'defe0b1ff8c74d2cb3938b3acf46c095'),
(2753,'L',169,'defe0b1ff8c74d2cb3938b3acf46c095'),
(2754,'XL',370,'defe0b1ff8c74d2cb3938b3acf46c095'),
(2755,'XXL',172,'defe0b1ff8c74d2cb3938b3acf46c095'),
(2756,'X',452,'df2d229e92d846e084c8414761c71e12'),
(2757,'S',830,'df2d229e92d846e084c8414761c71e12'),
(2758,'L',981,'df2d229e92d846e084c8414761c71e12'),
(2759,'XL',795,'df2d229e92d846e084c8414761c71e12'),
(2760,'XXL',822,'df2d229e92d846e084c8414761c71e12'),
(2761,'X',109,'df40ea4c45dd4db39e2dac4f8b26391a'),
(2762,'S',638,'df40ea4c45dd4db39e2dac4f8b26391a'),
(2763,'L',352,'df40ea4c45dd4db39e2dac4f8b26391a'),
(2764,'XL',652,'df40ea4c45dd4db39e2dac4f8b26391a'),
(2765,'XXL',805,'df40ea4c45dd4db39e2dac4f8b26391a'),
(2766,'X',408,'e023785ed32a4f228010d5311dfe3d28'),
(2767,'S',177,'e023785ed32a4f228010d5311dfe3d28'),
(2768,'L',852,'e023785ed32a4f228010d5311dfe3d28'),
(2769,'XL',636,'e023785ed32a4f228010d5311dfe3d28'),
(2770,'XXL',463,'e023785ed32a4f228010d5311dfe3d28'),
(2771,'X',482,'e0760add05754d82b5eaa10c5604c4a5'),
(2772,'S',680,'e0760add05754d82b5eaa10c5604c4a5'),
(2773,'L',360,'e0760add05754d82b5eaa10c5604c4a5'),
(2774,'XL',939,'e0760add05754d82b5eaa10c5604c4a5'),
(2775,'XXL',648,'e0760add05754d82b5eaa10c5604c4a5'),
(2776,'X',689,'e08cc2bf01584d2c970e92ba04ce66be'),
(2777,'S',936,'e08cc2bf01584d2c970e92ba04ce66be'),
(2778,'L',652,'e08cc2bf01584d2c970e92ba04ce66be'),
(2779,'XL',622,'e08cc2bf01584d2c970e92ba04ce66be'),
(2780,'XXL',759,'e08cc2bf01584d2c970e92ba04ce66be'),
(2781,'X',380,'e0c8853dbd1c44128515347c5e696dc6'),
(2782,'S',863,'e0c8853dbd1c44128515347c5e696dc6'),
(2783,'L',906,'e0c8853dbd1c44128515347c5e696dc6'),
(2784,'XL',523,'e0c8853dbd1c44128515347c5e696dc6'),
(2785,'XXL',903,'e0c8853dbd1c44128515347c5e696dc6'),
(2786,'X',337,'e0dce5172cf34ec1acf90caf528c5e5c'),
(2787,'S',890,'e0dce5172cf34ec1acf90caf528c5e5c'),
(2788,'L',942,'e0dce5172cf34ec1acf90caf528c5e5c'),
(2789,'XL',663,'e0dce5172cf34ec1acf90caf528c5e5c'),
(2790,'XXL',652,'e0dce5172cf34ec1acf90caf528c5e5c'),
(2791,'X',917,'e0e2aa737ba6452da78b1897424b18e5'),
(2792,'S',225,'e0e2aa737ba6452da78b1897424b18e5'),
(2793,'L',168,'e0e2aa737ba6452da78b1897424b18e5'),
(2794,'XL',986,'e0e2aa737ba6452da78b1897424b18e5'),
(2795,'XXL',913,'e0e2aa737ba6452da78b1897424b18e5'),
(2796,'X',965,'e1518245d4574d82a1fd3203929a9a2d'),
(2797,'S',785,'e1518245d4574d82a1fd3203929a9a2d'),
(2798,'L',281,'e1518245d4574d82a1fd3203929a9a2d'),
(2799,'XL',249,'e1518245d4574d82a1fd3203929a9a2d'),
(2800,'XXL',159,'e1518245d4574d82a1fd3203929a9a2d'),
(2801,'X',243,'e19de28f7e0d40be85953aa4fd6546f7'),
(2802,'S',585,'e19de28f7e0d40be85953aa4fd6546f7'),
(2803,'L',987,'e19de28f7e0d40be85953aa4fd6546f7'),
(2804,'XL',383,'e19de28f7e0d40be85953aa4fd6546f7'),
(2805,'XXL',862,'e19de28f7e0d40be85953aa4fd6546f7'),
(2806,'X',868,'e2402111080645b1b46b15685b0bd374'),
(2807,'S',744,'e2402111080645b1b46b15685b0bd374'),
(2808,'L',499,'e2402111080645b1b46b15685b0bd374'),
(2809,'XL',269,'e2402111080645b1b46b15685b0bd374'),
(2810,'XXL',348,'e2402111080645b1b46b15685b0bd374'),
(2811,'X',370,'e24b1b9e85de4ddd97e5cc57c41f72dd'),
(2812,'S',464,'e24b1b9e85de4ddd97e5cc57c41f72dd'),
(2813,'L',230,'e24b1b9e85de4ddd97e5cc57c41f72dd'),
(2814,'XL',632,'e24b1b9e85de4ddd97e5cc57c41f72dd'),
(2815,'XXL',756,'e24b1b9e85de4ddd97e5cc57c41f72dd'),
(2816,'X',211,'e2bd3a82bca54e5388766923993ba7f2'),
(2817,'S',110,'e2bd3a82bca54e5388766923993ba7f2'),
(2818,'L',524,'e2bd3a82bca54e5388766923993ba7f2'),
(2819,'XL',903,'e2bd3a82bca54e5388766923993ba7f2'),
(2820,'XXL',714,'e2bd3a82bca54e5388766923993ba7f2'),
(2821,'X',648,'e2dfe1ce8eb3400b8a47875ef6155c73'),
(2822,'S',926,'e2dfe1ce8eb3400b8a47875ef6155c73'),
(2823,'L',271,'e2dfe1ce8eb3400b8a47875ef6155c73'),
(2824,'XL',219,'e2dfe1ce8eb3400b8a47875ef6155c73'),
(2825,'XXL',715,'e2dfe1ce8eb3400b8a47875ef6155c73'),
(2826,'X',202,'e301774e361c438f83d106f75890c44f'),
(2827,'S',483,'e301774e361c438f83d106f75890c44f'),
(2828,'L',731,'e301774e361c438f83d106f75890c44f'),
(2829,'XL',713,'e301774e361c438f83d106f75890c44f'),
(2830,'XXL',718,'e301774e361c438f83d106f75890c44f'),
(2831,'X',490,'e344f1655feb42a8be39ad2711d1685f'),
(2832,'S',775,'e344f1655feb42a8be39ad2711d1685f'),
(2833,'L',265,'e344f1655feb42a8be39ad2711d1685f'),
(2834,'XL',678,'e344f1655feb42a8be39ad2711d1685f'),
(2835,'XXL',972,'e344f1655feb42a8be39ad2711d1685f'),
(2836,'X',481,'e34d47961a264c22967fdf53590a50f1'),
(2837,'S',534,'e34d47961a264c22967fdf53590a50f1'),
(2838,'L',814,'e34d47961a264c22967fdf53590a50f1'),
(2839,'XL',168,'e34d47961a264c22967fdf53590a50f1'),
(2840,'XXL',740,'e34d47961a264c22967fdf53590a50f1'),
(2841,'X',503,'e42425f8afdb41588924bc81a74682eb'),
(2842,'S',147,'e42425f8afdb41588924bc81a74682eb'),
(2843,'L',710,'e42425f8afdb41588924bc81a74682eb'),
(2844,'XL',797,'e42425f8afdb41588924bc81a74682eb'),
(2845,'XXL',340,'e42425f8afdb41588924bc81a74682eb'),
(2846,'X',561,'e4d7c5d1c44045c18f4e1b7a007afe9c'),
(2847,'S',872,'e4d7c5d1c44045c18f4e1b7a007afe9c'),
(2848,'L',457,'e4d7c5d1c44045c18f4e1b7a007afe9c'),
(2849,'XL',503,'e4d7c5d1c44045c18f4e1b7a007afe9c'),
(2850,'XXL',859,'e4d7c5d1c44045c18f4e1b7a007afe9c'),
(2851,'X',956,'e4e436ad07094eed8ed4066cb17627ac'),
(2852,'S',301,'e4e436ad07094eed8ed4066cb17627ac'),
(2853,'L',220,'e4e436ad07094eed8ed4066cb17627ac'),
(2854,'XL',585,'e4e436ad07094eed8ed4066cb17627ac'),
(2855,'XXL',577,'e4e436ad07094eed8ed4066cb17627ac'),
(2856,'X',347,'e4f604787eff4bc5beb3fe578d518199'),
(2857,'S',794,'e4f604787eff4bc5beb3fe578d518199'),
(2858,'L',972,'e4f604787eff4bc5beb3fe578d518199'),
(2859,'XL',878,'e4f604787eff4bc5beb3fe578d518199'),
(2860,'XXL',159,'e4f604787eff4bc5beb3fe578d518199'),
(2861,'X',353,'e52d0e9284ce4fe2a1bad1ddaa00fb8f'),
(2862,'S',615,'e52d0e9284ce4fe2a1bad1ddaa00fb8f'),
(2863,'L',329,'e52d0e9284ce4fe2a1bad1ddaa00fb8f'),
(2864,'XL',925,'e52d0e9284ce4fe2a1bad1ddaa00fb8f'),
(2865,'XXL',621,'e52d0e9284ce4fe2a1bad1ddaa00fb8f'),
(2866,'X',908,'e53d5d0151574efeb264ceec7a58d347'),
(2867,'S',326,'e53d5d0151574efeb264ceec7a58d347'),
(2868,'L',884,'e53d5d0151574efeb264ceec7a58d347'),
(2869,'XL',300,'e53d5d0151574efeb264ceec7a58d347'),
(2870,'XXL',596,'e53d5d0151574efeb264ceec7a58d347'),
(2871,'X',396,'e56169e03c774ec6a24300a0279c1b99'),
(2872,'S',207,'e56169e03c774ec6a24300a0279c1b99'),
(2873,'L',127,'e56169e03c774ec6a24300a0279c1b99'),
(2874,'XL',134,'e56169e03c774ec6a24300a0279c1b99'),
(2875,'XXL',269,'e56169e03c774ec6a24300a0279c1b99'),
(2876,'X',980,'e5b3ab2c8dc049b4bc056b8d2a502caa'),
(2877,'S',597,'e5b3ab2c8dc049b4bc056b8d2a502caa'),
(2878,'L',629,'e5b3ab2c8dc049b4bc056b8d2a502caa'),
(2879,'XL',972,'e5b3ab2c8dc049b4bc056b8d2a502caa'),
(2880,'XXL',740,'e5b3ab2c8dc049b4bc056b8d2a502caa'),
(2881,'X',751,'e62a84d668f74bc6a232d9e0e087bf8d'),
(2882,'S',937,'e62a84d668f74bc6a232d9e0e087bf8d'),
(2883,'L',597,'e62a84d668f74bc6a232d9e0e087bf8d'),
(2884,'XL',421,'e62a84d668f74bc6a232d9e0e087bf8d'),
(2885,'XXL',597,'e62a84d668f74bc6a232d9e0e087bf8d'),
(2886,'X',222,'e6a4b2d3c3494690b183a01b21cda488'),
(2887,'S',128,'e6a4b2d3c3494690b183a01b21cda488'),
(2888,'L',437,'e6a4b2d3c3494690b183a01b21cda488'),
(2889,'XL',460,'e6a4b2d3c3494690b183a01b21cda488'),
(2890,'XXL',513,'e6a4b2d3c3494690b183a01b21cda488'),
(2891,'X',118,'e707fc79032a4783a2c0c00a5e211907'),
(2892,'S',213,'e707fc79032a4783a2c0c00a5e211907'),
(2893,'L',501,'e707fc79032a4783a2c0c00a5e211907'),
(2894,'XL',549,'e707fc79032a4783a2c0c00a5e211907'),
(2895,'XXL',702,'e707fc79032a4783a2c0c00a5e211907'),
(2896,'X',905,'e762742af15b45a9984e46c4a2f0b238'),
(2897,'S',459,'e762742af15b45a9984e46c4a2f0b238'),
(2898,'L',658,'e762742af15b45a9984e46c4a2f0b238'),
(2899,'XL',859,'e762742af15b45a9984e46c4a2f0b238'),
(2900,'XXL',137,'e762742af15b45a9984e46c4a2f0b238'),
(2901,'X',899,'e781a078e7ce4b5887cdd07f9cab7007'),
(2902,'S',466,'e781a078e7ce4b5887cdd07f9cab7007'),
(2903,'L',235,'e781a078e7ce4b5887cdd07f9cab7007'),
(2904,'XL',718,'e781a078e7ce4b5887cdd07f9cab7007'),
(2905,'XXL',470,'e781a078e7ce4b5887cdd07f9cab7007'),
(2906,'X',758,'e7d348abff554d6e8220529ca529d263'),
(2907,'S',854,'e7d348abff554d6e8220529ca529d263'),
(2908,'L',583,'e7d348abff554d6e8220529ca529d263'),
(2909,'XL',898,'e7d348abff554d6e8220529ca529d263'),
(2910,'XXL',869,'e7d348abff554d6e8220529ca529d263'),
(2911,'X',420,'e7d6747f4565403aacb5081d4d6ad33a'),
(2912,'S',716,'e7d6747f4565403aacb5081d4d6ad33a'),
(2913,'L',308,'e7d6747f4565403aacb5081d4d6ad33a'),
(2914,'XL',215,'e7d6747f4565403aacb5081d4d6ad33a'),
(2915,'XXL',184,'e7d6747f4565403aacb5081d4d6ad33a'),
(2916,'X',683,'e7f84e6a9ab542a79696e9d917d31cc7'),
(2917,'S',935,'e7f84e6a9ab542a79696e9d917d31cc7'),
(2918,'L',333,'e7f84e6a9ab542a79696e9d917d31cc7'),
(2919,'XL',465,'e7f84e6a9ab542a79696e9d917d31cc7'),
(2920,'XXL',438,'e7f84e6a9ab542a79696e9d917d31cc7'),
(2921,'X',942,'e806f2b264fc49838bf930f13f3c87a9'),
(2922,'S',496,'e806f2b264fc49838bf930f13f3c87a9'),
(2923,'L',546,'e806f2b264fc49838bf930f13f3c87a9'),
(2924,'XL',738,'e806f2b264fc49838bf930f13f3c87a9'),
(2925,'XXL',741,'e806f2b264fc49838bf930f13f3c87a9'),
(2926,'X',229,'e835fdc7ef744d25963ae232decd5ebd'),
(2927,'S',808,'e835fdc7ef744d25963ae232decd5ebd'),
(2928,'L',576,'e835fdc7ef744d25963ae232decd5ebd'),
(2929,'XL',425,'e835fdc7ef744d25963ae232decd5ebd'),
(2930,'XXL',964,'e835fdc7ef744d25963ae232decd5ebd'),
(2931,'X',710,'e850ca3e283b4e3fb6dbf0368e1e0997'),
(2932,'S',186,'e850ca3e283b4e3fb6dbf0368e1e0997'),
(2933,'L',694,'e850ca3e283b4e3fb6dbf0368e1e0997'),
(2934,'XL',539,'e850ca3e283b4e3fb6dbf0368e1e0997'),
(2935,'XXL',146,'e850ca3e283b4e3fb6dbf0368e1e0997'),
(2936,'X',824,'e924f936a6a9454597948f579f670bf7'),
(2937,'S',550,'e924f936a6a9454597948f579f670bf7'),
(2938,'L',778,'e924f936a6a9454597948f579f670bf7'),
(2939,'XL',394,'e924f936a6a9454597948f579f670bf7'),
(2940,'XXL',885,'e924f936a6a9454597948f579f670bf7'),
(2941,'X',553,'e934eda730b8447a9b48215ee107c7b5'),
(2942,'S',444,'e934eda730b8447a9b48215ee107c7b5'),
(2943,'L',571,'e934eda730b8447a9b48215ee107c7b5'),
(2944,'XL',747,'e934eda730b8447a9b48215ee107c7b5'),
(2945,'XXL',214,'e934eda730b8447a9b48215ee107c7b5'),
(2946,'X',519,'ea000ba860c64ee69b833a33ac41652b'),
(2947,'S',373,'ea000ba860c64ee69b833a33ac41652b'),
(2948,'L',377,'ea000ba860c64ee69b833a33ac41652b'),
(2949,'XL',733,'ea000ba860c64ee69b833a33ac41652b'),
(2950,'XXL',554,'ea000ba860c64ee69b833a33ac41652b'),
(2951,'X',761,'ea1ab0c0f2e54d47a12b3a172de995f4'),
(2952,'S',469,'ea1ab0c0f2e54d47a12b3a172de995f4'),
(2953,'L',547,'ea1ab0c0f2e54d47a12b3a172de995f4'),
(2954,'XL',356,'ea1ab0c0f2e54d47a12b3a172de995f4'),
(2955,'XXL',974,'ea1ab0c0f2e54d47a12b3a172de995f4'),
(2956,'X',543,'ea6a9eab43ff48f99e0e339652fa3508'),
(2957,'S',271,'ea6a9eab43ff48f99e0e339652fa3508'),
(2958,'L',631,'ea6a9eab43ff48f99e0e339652fa3508'),
(2959,'XL',995,'ea6a9eab43ff48f99e0e339652fa3508'),
(2960,'XXL',637,'ea6a9eab43ff48f99e0e339652fa3508'),
(2961,'X',536,'eae882ce4f464b42bf920318c04da48b'),
(2962,'S',668,'eae882ce4f464b42bf920318c04da48b'),
(2963,'L',826,'eae882ce4f464b42bf920318c04da48b'),
(2964,'XL',222,'eae882ce4f464b42bf920318c04da48b'),
(2965,'XXL',601,'eae882ce4f464b42bf920318c04da48b'),
(2966,'X',330,'eb4c090da1914e629245d169524524f2'),
(2967,'S',930,'eb4c090da1914e629245d169524524f2'),
(2968,'L',297,'eb4c090da1914e629245d169524524f2'),
(2969,'XL',857,'eb4c090da1914e629245d169524524f2'),
(2970,'XXL',282,'eb4c090da1914e629245d169524524f2'),
(2971,'X',542,'ebb977e5d57143f29f0380e5d8acb479'),
(2972,'S',492,'ebb977e5d57143f29f0380e5d8acb479'),
(2973,'L',970,'ebb977e5d57143f29f0380e5d8acb479'),
(2974,'XL',542,'ebb977e5d57143f29f0380e5d8acb479'),
(2975,'XXL',299,'ebb977e5d57143f29f0380e5d8acb479'),
(2976,'X',456,'ec621dd2a18d44a5a98bb5969963dd27'),
(2977,'S',122,'ec621dd2a18d44a5a98bb5969963dd27'),
(2978,'L',636,'ec621dd2a18d44a5a98bb5969963dd27'),
(2979,'XL',531,'ec621dd2a18d44a5a98bb5969963dd27'),
(2980,'XXL',199,'ec621dd2a18d44a5a98bb5969963dd27'),
(2981,'X',848,'ed654276b3f24457b0e7f6e87170fd6b'),
(2982,'S',798,'ed654276b3f24457b0e7f6e87170fd6b'),
(2983,'L',475,'ed654276b3f24457b0e7f6e87170fd6b'),
(2984,'XL',948,'ed654276b3f24457b0e7f6e87170fd6b'),
(2985,'XXL',356,'ed654276b3f24457b0e7f6e87170fd6b'),
(2986,'X',485,'ed74c7d632f04838a876d7b6d603b4ac'),
(2987,'S',758,'ed74c7d632f04838a876d7b6d603b4ac'),
(2988,'L',963,'ed74c7d632f04838a876d7b6d603b4ac'),
(2989,'XL',963,'ed74c7d632f04838a876d7b6d603b4ac'),
(2990,'XXL',439,'ed74c7d632f04838a876d7b6d603b4ac'),
(2991,'X',105,'ee2c93c314ac47c18de8c886bcb6324e'),
(2992,'S',359,'ee2c93c314ac47c18de8c886bcb6324e'),
(2993,'L',239,'ee2c93c314ac47c18de8c886bcb6324e'),
(2994,'XL',202,'ee2c93c314ac47c18de8c886bcb6324e'),
(2995,'XXL',196,'ee2c93c314ac47c18de8c886bcb6324e'),
(2996,'X',813,'ef5d13d90a81452cbb1f434f3ecc9f30'),
(2997,'S',672,'ef5d13d90a81452cbb1f434f3ecc9f30'),
(2998,'L',582,'ef5d13d90a81452cbb1f434f3ecc9f30'),
(2999,'XL',725,'ef5d13d90a81452cbb1f434f3ecc9f30'),
(3000,'XXL',749,'ef5d13d90a81452cbb1f434f3ecc9f30'),
(3001,'X',226,'ef6e2c98b207424c9504f4ea07d45f3f'),
(3002,'S',831,'ef6e2c98b207424c9504f4ea07d45f3f'),
(3003,'L',673,'ef6e2c98b207424c9504f4ea07d45f3f'),
(3004,'XL',795,'ef6e2c98b207424c9504f4ea07d45f3f'),
(3005,'XXL',914,'ef6e2c98b207424c9504f4ea07d45f3f'),
(3006,'X',905,'efe5eacde21c458d89b0d03a06b74916'),
(3007,'S',160,'efe5eacde21c458d89b0d03a06b74916'),
(3008,'L',721,'efe5eacde21c458d89b0d03a06b74916'),
(3009,'XL',343,'efe5eacde21c458d89b0d03a06b74916'),
(3010,'XXL',266,'efe5eacde21c458d89b0d03a06b74916'),
(3011,'X',683,'f024e08794c541fea56e48dbc424e46a'),
(3012,'S',639,'f024e08794c541fea56e48dbc424e46a'),
(3013,'L',989,'f024e08794c541fea56e48dbc424e46a'),
(3014,'XL',623,'f024e08794c541fea56e48dbc424e46a'),
(3015,'XXL',723,'f024e08794c541fea56e48dbc424e46a'),
(3016,'X',999,'f11fbf130ee4412fa4f11aa7f5b281ad'),
(3017,'S',392,'f11fbf130ee4412fa4f11aa7f5b281ad'),
(3018,'L',909,'f11fbf130ee4412fa4f11aa7f5b281ad'),
(3019,'XL',362,'f11fbf130ee4412fa4f11aa7f5b281ad'),
(3020,'XXL',882,'f11fbf130ee4412fa4f11aa7f5b281ad'),
(3021,'X',669,'f14717a95f98444ba53855a1f3a2180a'),
(3022,'S',250,'f14717a95f98444ba53855a1f3a2180a'),
(3023,'L',251,'f14717a95f98444ba53855a1f3a2180a'),
(3024,'XL',247,'f14717a95f98444ba53855a1f3a2180a'),
(3025,'XXL',236,'f14717a95f98444ba53855a1f3a2180a'),
(3026,'X',740,'f33bdafe0e5a4134a28342227da25cde'),
(3027,'S',378,'f33bdafe0e5a4134a28342227da25cde'),
(3028,'L',256,'f33bdafe0e5a4134a28342227da25cde'),
(3029,'XL',836,'f33bdafe0e5a4134a28342227da25cde'),
(3030,'XXL',787,'f33bdafe0e5a4134a28342227da25cde'),
(3031,'X',919,'f38d4c0df73547aeb65dff5459a67298'),
(3032,'S',883,'f38d4c0df73547aeb65dff5459a67298'),
(3033,'L',689,'f38d4c0df73547aeb65dff5459a67298'),
(3034,'XL',451,'f38d4c0df73547aeb65dff5459a67298'),
(3035,'XXL',294,'f38d4c0df73547aeb65dff5459a67298'),
(3036,'X',903,'f3b9ef856f5c41ecb2f11c0a5fd44ab7'),
(3037,'S',162,'f3b9ef856f5c41ecb2f11c0a5fd44ab7'),
(3038,'L',866,'f3b9ef856f5c41ecb2f11c0a5fd44ab7'),
(3039,'XL',210,'f3b9ef856f5c41ecb2f11c0a5fd44ab7'),
(3040,'XXL',532,'f3b9ef856f5c41ecb2f11c0a5fd44ab7'),
(3041,'X',319,'f3cd6814435642fa8860f85926dee08a'),
(3042,'S',849,'f3cd6814435642fa8860f85926dee08a'),
(3043,'L',724,'f3cd6814435642fa8860f85926dee08a'),
(3044,'XL',364,'f3cd6814435642fa8860f85926dee08a'),
(3045,'XXL',176,'f3cd6814435642fa8860f85926dee08a'),
(3046,'X',796,'f3fcb82e1a0b4a9181103c3b6799b31d'),
(3047,'S',774,'f3fcb82e1a0b4a9181103c3b6799b31d'),
(3048,'L',763,'f3fcb82e1a0b4a9181103c3b6799b31d'),
(3049,'XL',934,'f3fcb82e1a0b4a9181103c3b6799b31d'),
(3050,'XXL',288,'f3fcb82e1a0b4a9181103c3b6799b31d'),
(3051,'X',910,'f41da1a9fa154d77b0f56c6bee741bdc'),
(3052,'S',313,'f41da1a9fa154d77b0f56c6bee741bdc'),
(3053,'L',400,'f41da1a9fa154d77b0f56c6bee741bdc'),
(3054,'XL',633,'f41da1a9fa154d77b0f56c6bee741bdc'),
(3055,'XXL',369,'f41da1a9fa154d77b0f56c6bee741bdc'),
(3056,'X',123,'f51da68310de4f6cb7d58f6dfee66617'),
(3057,'S',932,'f51da68310de4f6cb7d58f6dfee66617'),
(3058,'L',747,'f51da68310de4f6cb7d58f6dfee66617'),
(3059,'XL',908,'f51da68310de4f6cb7d58f6dfee66617'),
(3060,'XXL',857,'f51da68310de4f6cb7d58f6dfee66617'),
(3061,'X',756,'f5bd31b43cb04a7c968c785d7b0359a6'),
(3062,'S',265,'f5bd31b43cb04a7c968c785d7b0359a6'),
(3063,'L',301,'f5bd31b43cb04a7c968c785d7b0359a6'),
(3064,'XL',303,'f5bd31b43cb04a7c968c785d7b0359a6'),
(3065,'XXL',603,'f5bd31b43cb04a7c968c785d7b0359a6'),
(3066,'X',452,'f5e7496ba90c497685a6f32f62f84633'),
(3067,'S',510,'f5e7496ba90c497685a6f32f62f84633'),
(3068,'L',798,'f5e7496ba90c497685a6f32f62f84633'),
(3069,'XL',246,'f5e7496ba90c497685a6f32f62f84633'),
(3070,'XXL',352,'f5e7496ba90c497685a6f32f62f84633'),
(3071,'X',431,'f6d05d477a774af5a206b574a197e951'),
(3072,'S',812,'f6d05d477a774af5a206b574a197e951'),
(3073,'L',764,'f6d05d477a774af5a206b574a197e951'),
(3074,'XL',690,'f6d05d477a774af5a206b574a197e951'),
(3075,'XXL',950,'f6d05d477a774af5a206b574a197e951'),
(3076,'X',334,'f74f396d75a84239a487ecbc8325df06'),
(3077,'S',650,'f74f396d75a84239a487ecbc8325df06'),
(3078,'L',284,'f74f396d75a84239a487ecbc8325df06'),
(3079,'XL',560,'f74f396d75a84239a487ecbc8325df06'),
(3080,'XXL',881,'f74f396d75a84239a487ecbc8325df06'),
(3081,'X',663,'f7b2ae6f41c244c18734dd996926f0f8'),
(3082,'S',233,'f7b2ae6f41c244c18734dd996926f0f8'),
(3083,'L',309,'f7b2ae6f41c244c18734dd996926f0f8'),
(3084,'XL',788,'f7b2ae6f41c244c18734dd996926f0f8'),
(3085,'XXL',753,'f7b2ae6f41c244c18734dd996926f0f8'),
(3086,'X',683,'f7f29f2e43424b11a183f9d2875af6d4'),
(3087,'S',478,'f7f29f2e43424b11a183f9d2875af6d4'),
(3088,'L',236,'f7f29f2e43424b11a183f9d2875af6d4'),
(3089,'XL',507,'f7f29f2e43424b11a183f9d2875af6d4'),
(3090,'XXL',794,'f7f29f2e43424b11a183f9d2875af6d4'),
(3091,'X',266,'f8ca3ae512ee4985afa0f24bdd3619c8'),
(3092,'S',136,'f8ca3ae512ee4985afa0f24bdd3619c8'),
(3093,'L',292,'f8ca3ae512ee4985afa0f24bdd3619c8'),
(3094,'XL',644,'f8ca3ae512ee4985afa0f24bdd3619c8'),
(3095,'XXL',625,'f8ca3ae512ee4985afa0f24bdd3619c8'),
(3096,'X',105,'f8f86f12cb0b439194e15dd98963b3d3'),
(3097,'S',694,'f8f86f12cb0b439194e15dd98963b3d3'),
(3098,'L',281,'f8f86f12cb0b439194e15dd98963b3d3'),
(3099,'XL',839,'f8f86f12cb0b439194e15dd98963b3d3'),
(3100,'XXL',160,'f8f86f12cb0b439194e15dd98963b3d3'),
(3101,'X',697,'f92995ef7839443b9311503928dd2c2a'),
(3102,'S',851,'f92995ef7839443b9311503928dd2c2a'),
(3103,'L',373,'f92995ef7839443b9311503928dd2c2a'),
(3104,'XL',455,'f92995ef7839443b9311503928dd2c2a'),
(3105,'XXL',595,'f92995ef7839443b9311503928dd2c2a'),
(3106,'X',945,'f9c2f7ea844149f9a9f57c72d51914ca'),
(3107,'S',466,'f9c2f7ea844149f9a9f57c72d51914ca'),
(3108,'L',401,'f9c2f7ea844149f9a9f57c72d51914ca'),
(3109,'XL',485,'f9c2f7ea844149f9a9f57c72d51914ca'),
(3110,'XXL',358,'f9c2f7ea844149f9a9f57c72d51914ca'),
(3111,'X',648,'fa75d1768e94416c9403d366a17532ce'),
(3112,'S',361,'fa75d1768e94416c9403d366a17532ce'),
(3113,'L',139,'fa75d1768e94416c9403d366a17532ce'),
(3114,'XL',708,'fa75d1768e94416c9403d366a17532ce'),
(3115,'XXL',307,'fa75d1768e94416c9403d366a17532ce'),
(3116,'X',393,'fabe53a470734d7ebe76dc7eb064bce5'),
(3117,'S',637,'fabe53a470734d7ebe76dc7eb064bce5'),
(3118,'L',826,'fabe53a470734d7ebe76dc7eb064bce5'),
(3119,'XL',673,'fabe53a470734d7ebe76dc7eb064bce5'),
(3120,'XXL',965,'fabe53a470734d7ebe76dc7eb064bce5'),
(3121,'X',819,'fc4a85c9fe1a47bea10db5502969ca2b'),
(3122,'S',552,'fc4a85c9fe1a47bea10db5502969ca2b'),
(3123,'L',434,'fc4a85c9fe1a47bea10db5502969ca2b'),
(3124,'XL',336,'fc4a85c9fe1a47bea10db5502969ca2b'),
(3125,'XXL',425,'fc4a85c9fe1a47bea10db5502969ca2b'),
(3126,'X',624,'fc980b37a2ad4d6bb30dc9645569bede'),
(3127,'S',795,'fc980b37a2ad4d6bb30dc9645569bede'),
(3128,'L',955,'fc980b37a2ad4d6bb30dc9645569bede'),
(3129,'XL',155,'fc980b37a2ad4d6bb30dc9645569bede'),
(3130,'XXL',780,'fc980b37a2ad4d6bb30dc9645569bede'),
(3131,'X',127,'fcc54d0373bb46ceb5ca48615864f695'),
(3132,'S',647,'fcc54d0373bb46ceb5ca48615864f695'),
(3133,'L',453,'fcc54d0373bb46ceb5ca48615864f695'),
(3134,'XL',813,'fcc54d0373bb46ceb5ca48615864f695'),
(3135,'XXL',777,'fcc54d0373bb46ceb5ca48615864f695'),
(3136,'X',838,'fe0c9059b2e44f1abb98e552ae00ae63'),
(3137,'S',236,'fe0c9059b2e44f1abb98e552ae00ae63'),
(3138,'L',669,'fe0c9059b2e44f1abb98e552ae00ae63'),
(3139,'XL',198,'fe0c9059b2e44f1abb98e552ae00ae63'),
(3140,'XXL',146,'fe0c9059b2e44f1abb98e552ae00ae63'),
(3141,'X',656,'fe6831354c69487ca861f590e339f5e6'),
(3142,'S',536,'fe6831354c69487ca861f590e339f5e6'),
(3143,'L',299,'fe6831354c69487ca861f590e339f5e6'),
(3144,'XL',895,'fe6831354c69487ca861f590e339f5e6'),
(3145,'XXL',927,'fe6831354c69487ca861f590e339f5e6'),
(3146,'X',437,'fe91a768c1b14a90b969369bfce424d9'),
(3147,'S',707,'fe91a768c1b14a90b969369bfce424d9'),
(3148,'L',770,'fe91a768c1b14a90b969369bfce424d9'),
(3149,'XL',648,'fe91a768c1b14a90b969369bfce424d9'),
(3150,'XXL',821,'fe91a768c1b14a90b969369bfce424d9'),
(3151,'X',181,'ff006bd5e95d40df9cf54a5fedd76b3d'),
(3152,'S',898,'ff006bd5e95d40df9cf54a5fedd76b3d'),
(3153,'L',415,'ff006bd5e95d40df9cf54a5fedd76b3d'),
(3154,'XL',573,'ff006bd5e95d40df9cf54a5fedd76b3d'),
(3155,'XXL',149,'ff006bd5e95d40df9cf54a5fedd76b3d'),
(3156,'X',584,'ff428280753f41059ba02bd52e6ba854'),
(3157,'S',595,'ff428280753f41059ba02bd52e6ba854'),
(3158,'L',887,'ff428280753f41059ba02bd52e6ba854'),
(3159,'XL',430,'ff428280753f41059ba02bd52e6ba854'),
(3160,'XXL',508,'ff428280753f41059ba02bd52e6ba854'),
(3161,'X',445,'ff5b89a475bc4597aecf5643e55b065c'),
(3162,'S',102,'ff5b89a475bc4597aecf5643e55b065c'),
(3163,'L',562,'ff5b89a475bc4597aecf5643e55b065c'),
(3164,'XL',714,'ff5b89a475bc4597aecf5643e55b065c'),
(3165,'XXL',351,'ff5b89a475bc4597aecf5643e55b065c'),
(3166,'X',699,'ff8ef18bd3f54271ad4d7ef358f0f8bc'),
(3167,'S',858,'ff8ef18bd3f54271ad4d7ef358f0f8bc'),
(3168,'L',613,'ff8ef18bd3f54271ad4d7ef358f0f8bc'),
(3169,'XL',151,'ff8ef18bd3f54271ad4d7ef358f0f8bc'),
(3170,'XXL',595,'ff8ef18bd3f54271ad4d7ef358f0f8bc'),
(3171,'X',158,'ffc8f60ded2f41e392fc11c49b517b86'),
(3172,'S',142,'ffc8f60ded2f41e392fc11c49b517b86'),
(3173,'L',796,'ffc8f60ded2f41e392fc11c49b517b86'),
(3174,'XL',489,'ffc8f60ded2f41e392fc11c49b517b86'),
(3175,'XXL',814,'ffc8f60ded2f41e392fc11c49b517b86'),
(3176,'X',749,'fff95e5bd6094ba8b7e475f987e7f489'),
(3177,'S',290,'fff95e5bd6094ba8b7e475f987e7f489'),
(3178,'L',824,'fff95e5bd6094ba8b7e475f987e7f489'),
(3179,'XL',221,'fff95e5bd6094ba8b7e475f987e7f489'),
(3180,'XXL',871,'fff95e5bd6094ba8b7e475f987e7f489');

/*Table structure for table `ls_shipping` */

DROP TABLE IF EXISTS `ls_shipping`;

CREATE TABLE `ls_shipping` (
  `shipping_id` bigint(20) NOT NULL AUTO_INCREMENT,
  `user_id` char(36) COLLATE utf8_bin DEFAULT NULL,
  `receiver_name` varchar(100) COLLATE utf8_bin DEFAULT NULL,
  `receiver_address` varchar(255) COLLATE utf8_bin DEFAULT NULL,
  `receiver_phone` char(11) COLLATE utf8_bin DEFAULT NULL,
  PRIMARY KEY (`shipping_id`)
) ENGINE=InnoDB AUTO_INCREMENT=3 DEFAULT CHARSET=utf8 COLLATE=utf8_bin;

/*Data for the table `ls_shipping` */

insert  into `ls_shipping`(`shipping_id`,`user_id`,`receiver_name`,`receiver_address`,`receiver_phone`) values 
(1,'1','柳哥','杭州市江干区下沙','18892621564'),
(2,'2','lcc','杭州市西湖区','18892621564');

/*Table structure for table `ls_user` */

DROP TABLE IF EXISTS `ls_user`;

CREATE TABLE `ls_user` (
  `user_id` char(36) COLLATE utf8_bin NOT NULL COMMENT '用户id uuid',
  `user_name` varchar(20) COLLATE utf8_bin NOT NULL COMMENT '用户名',
  `user_password` varchar(32) COLLATE utf8_bin NOT NULL COMMENT '用户密码 md5',
  `user_nickname` varchar(50) COLLATE utf8_bin DEFAULT NULL COMMENT '用户昵称',
  `user_email` varchar(30) COLLATE utf8_bin DEFAULT NULL COMMENT '用户邮箱',
  `user_phone` char(11) COLLATE utf8_bin DEFAULT NULL COMMENT '用户电话',
  `user_type` int(11) DEFAULT '0' COMMENT '用户类型权限',
  PRIMARY KEY (`user_id`)
) ENGINE=InnoDB DEFAULT CHARSET=utf8 COLLATE=utf8_bin;

/*Data for the table `ls_user` */

insert  into `ls_user`(`user_id`,`user_name`,`user_password`,`user_nickname`,`user_email`,`user_phone`,`user_type`) values 
('044f4e86-b9ec-4f3b-9e16-195f3e9b4d47','vv','202cb962ac59075b964b07152d234b70','123','296818457@qq.com',NULL,0),
('1','admin','root','管理员1','123@qq.com','123456',1),
('2','lcc','123456','柳哥','920502434@qq.com','18892621564',0),
('250a0dce-f27b-4f5f-bcf8-13df2e2e24e7','dzh2','1c63129ae9db9c60c3e8aa94d3e00495','丁丁','296818457@qq.com',NULL,0),
('2e262ccf-0971-4a2b-aeaa-9a3367a05e63','dzh','2c216b1ba5e33a27eb6d3df7de7f8c36','丁丁','296818457@qq.com',NULL,0),
('a2be3363-a294-432b-9290-9495cbb59d72','guest','202cb962ac59075b964b07152d234b70','管理员','296818457@qq.com',NULL,-1);

/*Table structure for table `seckill` */

DROP TABLE IF EXISTS `seckill`;

CREATE TABLE `seckill` (
  `seckill_id` bigint(20) NOT NULL AUTO_INCREMENT COMMENT '商品库存id',
  `name` varchar(120) NOT NULL COMMENT '商品名称',
  `total_number` int(11) NOT NULL,
  `number` int(11) NOT NULL COMMENT '库存数量',
  `initial_price` bigint(20) NOT NULL COMMENT '原价',
  `seckill_price` bigint(20) NOT NULL COMMENT '秒杀价',
  `create_time` timestamp NOT NULL DEFAULT CURRENT_TIMESTAMP COMMENT '秒杀创建时间',
  `start_time` timestamp NOT NULL DEFAULT '0000-00-00 00:00:00' COMMENT '秒杀开始时间',
  `end_time` timestamp NOT NULL DEFAULT '0000-00-00 00:00:00' COMMENT '秒杀结束时间',
  `product_imgurl` varchar(500) DEFAULT NULL COMMENT '图片地址',
  PRIMARY KEY (`seckill_id`),
  KEY `idx_create_time` (`create_time`),
  KEY `idx_start_time` (`start_time`),
  KEY `idx_end_time` (`end_time`)
) ENGINE=InnoDB AUTO_INCREMENT=8 DEFAULT CHARSET=utf8 COMMENT='秒杀库存表';

/*Data for the table `seckill` */

insert  into `seckill`(`seckill_id`,`name`,`total_number`,`number`,`initial_price`,`seckill_price`,`create_time`,`start_time`,`end_time`,`product_imgurl`) values 
(1,'Adidas 运动卫衣 限时秒杀！',200,100,2000,1000,'2018-01-21 22:08:49','2018-11-29 00:00:00','2018-12-05 00:00:00','/images/1.jpg'),
(2,'Adidas 春秋爆款卫衣 限时秒杀！',100,60,1800,800,'2018-01-21 22:08:49','2018-11-29 00:00:00','2018-12-05 00:00:00','/images/2.jpg'),
(3,'三叶草 秋季卫衣 秒杀价1600！',100,70,1600,600,'2018-01-21 22:08:49','2018-11-29 00:00:00','2018-12-05 00:00:00','/images/3.jpg'),
(4,'baby同款唯一 秒杀价 1400！',100,60,1400,400,'2018-01-21 22:08:49','2018-11-29 00:00:00','2018-12-05 00:00:00','/images/4.jpg'),
(5,'阿迪达斯 新款卫衣 ',100,50,1200,200,'2018-01-21 22:08:49','2018-11-29 00:00:00','2018-12-05 00:00:00','/images/5.jpg'),
(6,'adidas精品女装',100,40,1000,100,'2018-01-21 22:08:49','2018-11-29 00:00:00','2018-12-05 00:00:00','/images/6.jpg'),
(7,'魅力冬装阿迪达斯',100,20,800,600,'2018-11-28 22:05:55','2018-11-29 00:00:00','2018-12-05 00:00:00','/images/7.jpg');

/*Table structure for table `success_killed` */

DROP TABLE IF EXISTS `success_killed`;

CREATE TABLE `success_killed` (
  `success_id` bigint(20) NOT NULL AUTO_INCREMENT COMMENT '秒杀成功id',
  `seckill_id` bigint(20) NOT NULL COMMENT '秒杀商品id',
  `user_phone` bigint(20) NOT NULL COMMENT '用户手机号',
  `state` tinyint(4) NOT NULL DEFAULT '-1' COMMENT '状态标志：-1：无效；0：成功；1：已付款；2：已发货',
  `create_time` timestamp NOT NULL DEFAULT CURRENT_TIMESTAMP ON UPDATE CURRENT_TIMESTAMP COMMENT '秒杀成功创建时间',
  PRIMARY KEY (`success_id`),
  KEY `idx_create_time` (`create_time`)
) ENGINE=InnoDB AUTO_INCREMENT=451 DEFAULT CHARSET=utf8 COMMENT='秒杀成功明细表';

/*Data for the table `success_killed` */

insert  into `success_killed`(`success_id`,`seckill_id`,`user_phone`,`state`,`create_time`) values 
(301,7,18819221985,0,'2018-11-29 01:29:49'),
(302,7,18819221635,0,'2018-11-29 01:29:50'),
(303,7,18819221641,0,'2018-11-29 01:29:50'),
(304,7,18819221427,0,'2018-11-29 01:29:50'),
(305,7,18819221884,0,'2018-11-29 01:29:50'),
(306,7,18819221395,0,'2018-11-29 01:29:50'),
(307,7,18819221206,0,'2018-11-29 01:29:50'),
(308,7,18819221481,0,'2018-11-29 01:29:51'),
(309,7,18819221853,0,'2018-11-29 01:29:51'),
(310,7,18819221472,0,'2018-11-29 01:29:51'),
(311,7,18819221185,0,'2018-11-29 01:29:51'),
(312,7,18819221215,0,'2018-11-29 01:29:51'),
(313,7,18819221455,0,'2018-11-29 01:29:51'),
(314,7,18819221262,0,'2018-11-29 01:29:51'),
(315,7,18819221171,0,'2018-11-29 01:29:52'),
(316,7,18819221648,0,'2018-11-29 01:29:52'),
(317,7,18819221502,0,'2018-11-29 01:29:52'),
(318,7,18819221950,0,'2018-11-29 01:29:52'),
(319,7,18819221361,0,'2018-11-29 01:29:52'),
(320,7,18819221833,0,'2018-11-29 01:29:52'),
(321,7,18819221241,0,'2018-11-29 02:20:52'),
(322,7,18819221969,0,'2018-11-29 02:20:52'),
(323,7,18819221997,0,'2018-11-29 02:20:52'),
(324,7,18819221353,0,'2018-11-29 02:20:52'),
(325,7,18819221276,0,'2018-11-29 02:20:52'),
(326,7,18819221501,0,'2018-11-29 02:20:52'),
(327,7,18819221308,0,'2018-11-29 02:20:52'),
(328,7,18819221397,0,'2018-11-29 02:20:53'),
(329,7,18819221591,0,'2018-11-29 02:20:53'),
(330,7,18819221990,0,'2018-11-29 02:20:53'),
(331,2,18819221647,0,'2018-11-29 02:30:04'),
(332,2,18819221156,0,'2018-11-29 02:30:04'),
(333,2,18819221786,0,'2018-11-29 02:30:04'),
(334,2,18819221918,0,'2018-11-29 02:30:04'),
(335,2,18819221903,0,'2018-11-29 02:30:04'),
(336,2,18819221369,0,'2018-11-29 02:30:05'),
(337,2,18819221335,0,'2018-11-29 02:30:05'),
(338,2,18819221949,0,'2018-11-29 02:30:05'),
(339,2,18819221353,0,'2018-11-29 02:30:05'),
(340,2,18819221603,0,'2018-11-29 02:30:05'),
(341,2,18819221683,0,'2018-11-29 02:30:05'),
(342,2,18819221972,0,'2018-11-29 02:30:05'),
(343,2,18819221678,0,'2018-11-29 02:30:05'),
(344,2,18819221188,0,'2018-11-29 02:30:06'),
(345,2,18819221880,0,'2018-11-29 02:30:06'),
(346,2,18819221609,0,'2018-11-29 02:30:06'),
(347,2,18819221107,0,'2018-11-29 02:30:06'),
(348,2,18819221268,0,'2018-11-29 02:30:06'),
(349,2,18819221565,0,'2018-11-29 02:30:06'),
(350,2,18819221230,0,'2018-11-29 02:30:06'),
(351,1,18819221196,0,'2018-11-29 14:55:15'),
(352,1,18819221525,0,'2018-11-29 14:55:15'),
(353,1,18819221850,0,'2018-11-29 14:55:15'),
(354,1,18819221196,0,'2018-11-29 14:55:15'),
(355,1,18819221772,0,'2018-11-29 14:55:15'),
(356,1,18819221649,0,'2018-11-29 14:55:16'),
(357,1,18819221375,0,'2018-11-29 14:55:16'),
(358,1,18819221281,0,'2018-11-29 14:55:16'),
(359,1,18819221344,0,'2018-11-29 14:55:16'),
(360,1,18819221694,0,'2018-11-29 14:55:16'),
(361,1,18819221265,0,'2018-11-29 14:55:16'),
(362,1,18819221543,0,'2018-11-29 14:55:16'),
(363,1,18819221131,0,'2018-11-29 14:55:17'),
(364,1,18819221602,0,'2018-11-29 14:55:17'),
(365,1,18819221958,0,'2018-11-29 14:55:17'),
(366,1,18819221657,0,'2018-11-29 14:55:17'),
(367,1,18819221209,0,'2018-11-29 14:55:17'),
(368,1,18819221763,0,'2018-11-29 14:55:17'),
(369,1,18819221645,0,'2018-11-29 14:55:18'),
(370,1,18819221884,0,'2018-11-29 14:55:18'),
(371,1,18819221619,0,'2018-11-29 14:56:04'),
(372,1,18819221985,0,'2018-11-29 14:56:04'),
(373,1,18819221788,0,'2018-11-29 14:56:04'),
(374,1,18819221106,0,'2018-11-29 14:56:04'),
(375,1,18819221119,0,'2018-11-29 14:56:04'),
(376,1,18819221591,0,'2018-11-29 14:56:04'),
(377,1,18819221964,0,'2018-11-29 14:56:05'),
(378,1,18819221796,0,'2018-11-29 14:56:05'),
(379,1,18819221885,0,'2018-11-29 14:56:05'),
(380,1,18819221126,0,'2018-11-29 14:56:05'),
(381,1,18819221174,0,'2018-11-29 14:56:05'),
(382,1,18819221763,0,'2018-11-29 14:56:05'),
(383,1,18819221309,0,'2018-11-29 14:56:06'),
(384,1,18819221258,0,'2018-11-29 14:56:06'),
(385,1,18819221518,0,'2018-11-29 14:56:06'),
(386,1,18819221859,0,'2018-11-29 14:56:06'),
(387,1,18819221729,0,'2018-11-29 14:56:06'),
(388,1,18819221430,0,'2018-11-29 14:56:06'),
(389,1,18819221195,0,'2018-11-29 14:56:06'),
(390,1,18819221362,0,'2018-11-29 14:56:06'),
(391,1,18819221508,0,'2018-11-29 14:56:14'),
(392,1,18819221425,0,'2018-11-29 14:56:14'),
(393,1,18819221414,0,'2018-11-29 14:56:14'),
(394,1,18819221185,0,'2018-11-29 14:56:14'),
(395,1,18819221909,0,'2018-11-29 14:56:14'),
(396,1,18819221549,0,'2018-11-29 14:56:14'),
(397,1,18819221588,0,'2018-11-29 14:56:14'),
(398,1,18819221303,0,'2018-11-29 14:56:14'),
(399,1,18819221351,0,'2018-11-29 14:56:14'),
(400,1,18819221741,0,'2018-11-29 14:56:15'),
(401,1,18819221451,0,'2018-11-29 14:56:15'),
(402,1,18819221332,0,'2018-11-29 14:56:15'),
(403,1,18819221467,0,'2018-11-29 14:56:15'),
(404,1,18819221941,0,'2018-11-29 14:56:15'),
(405,1,18819221100,0,'2018-11-29 14:56:15'),
(406,1,18819221381,0,'2018-11-29 14:56:16'),
(407,1,18819221993,0,'2018-11-29 14:56:16'),
(408,1,18819221405,0,'2018-11-29 14:56:16'),
(409,1,18819221670,0,'2018-11-29 14:56:16'),
(410,1,18819221133,0,'2018-11-29 14:56:16'),
(411,1,18819221808,0,'2018-11-29 14:56:16'),
(412,1,18819221686,0,'2018-11-29 14:56:16'),
(413,1,18819221676,0,'2018-11-29 14:56:16'),
(414,1,18819221432,0,'2018-11-29 14:56:17'),
(415,1,18819221620,0,'2018-11-29 14:56:17'),
(416,1,18819221228,0,'2018-11-29 14:56:17'),
(417,1,18819221680,0,'2018-11-29 14:56:17'),
(418,1,18819221665,0,'2018-11-29 14:56:17'),
(419,1,18819221926,0,'2018-11-29 14:56:17'),
(420,1,18819221790,0,'2018-11-29 14:56:18'),
(421,1,18819221842,0,'2018-11-29 14:56:18'),
(422,1,18819221782,0,'2018-11-29 14:56:18'),
(423,1,18819221172,0,'2018-11-29 14:56:18'),
(424,1,18819221202,0,'2018-11-29 14:56:18'),
(425,1,18819221183,0,'2018-11-29 14:56:18'),
(426,1,18819221960,0,'2018-11-29 14:56:18'),
(427,1,18819221548,0,'2018-11-29 14:56:18'),
(428,1,18819221359,0,'2018-11-29 14:56:19'),
(429,1,18819221201,0,'2018-11-29 14:56:19'),
(430,1,18819221326,0,'2018-11-29 14:56:19'),
(431,1,18819221467,0,'2018-11-29 14:56:19'),
(432,1,18819221359,0,'2018-11-29 14:56:19'),
(433,1,18819221551,0,'2018-11-29 14:56:19'),
(434,1,18819221658,0,'2018-11-29 14:56:19'),
(435,1,18819221821,0,'2018-11-29 14:56:20'),
(436,1,18819221751,0,'2018-11-29 14:56:20'),
(437,1,18819221215,0,'2018-11-29 14:56:20'),
(438,1,18819221280,0,'2018-11-29 14:56:20'),
(439,1,18819221919,0,'2018-11-29 14:56:20'),
(440,1,18819221521,0,'2018-11-29 14:56:20'),
(441,1,18819221363,0,'2018-11-29 14:56:20'),
(442,1,18819221115,0,'2018-11-29 14:56:21'),
(443,1,18819221481,0,'2018-11-29 14:56:21'),
(444,1,18819221629,0,'2018-11-29 14:56:21'),
(445,1,18819221622,0,'2018-11-29 14:56:21'),
(446,1,18819221995,0,'2018-11-29 14:56:21'),
(447,1,18819221897,0,'2018-11-29 14:56:21'),
(448,1,18819221727,0,'2018-11-29 14:56:21'),
(449,1,18819221328,0,'2018-11-29 14:56:22'),
(450,1,18819221638,0,'2018-11-29 14:56:22');

/*!40101 SET SQL_MODE=@OLD_SQL_MODE */;
/*!40014 SET FOREIGN_KEY_CHECKS=@OLD_FOREIGN_KEY_CHECKS */;
/*!40014 SET UNIQUE_CHECKS=@OLD_UNIQUE_CHECKS */;
/*!40111 SET SQL_NOTES=@OLD_SQL_NOTES */;
